sym,pick
AAVEUSDT,C 더 깊게·길게
ADAUSDT,C 더 깊게·길게
ALGOUSDT,C 더 깊게·길게
APTUSDT,C 더 깊게·길게
ARBUSDT,C 더 깊게·길게
ATOMUSDT,C 더 깊게·길게
AVAXUSDT,C 더 깊게·길게
AXSUSDT,C 더 깊게·길게
BNBUSDT,C 더 깊게·길게
BTCUSDT,C 더 깊게·길게
CHZUSDT,C 더 깊게·길게
DOGEUSDT,C 더 깊게·길게
DOTUSDT,C 더 깊게·길게
EGLDUSDT,C 더 깊게·길게
ETCUSDT,C 더 깊게·길게
ETHUSDT,C 더 깊게·길게
FILUSDT,C 더 깊게·길게
FLOWUSDT,C 더 깊게·길게
GRTUSDT,C 더 깊게·길게
HBARUSDT,C 더 깊게·길게
ICPUSDT,E 분할매도
INJUSDT,C 더 깊게·길게
IOTAUSDT,C 더 깊게·길게
LINKUSDT,C 더 깊게·길게
LTCUSDT,C 더 깊게·길게
MANAUSDT,C 더 깊게·길게
NEARUSDT,C 더 깊게·길게
NEOUSDT,C 더 깊게·길게
OPUSDT,C 더 깊게·길게
QNTUSDT,C 더 깊게·길게
RUNEUSDT,C 더 깊게·길게
SANDUSDT,C 더 깊게·길게
SEIUSDT,C 더 깊게·길게
SOLUSDT,C 더 깊게·길게
SUIUSDT,C 더 깊게·길게
THETAUSDT,C 더 깊게·길게
TIAUSDT,B 깊게·3단
TRXUSDT,C 더 깊게·길게
UNIUSDT,C 더 깊게·길게
VETUSDT,C 더 깊게·길게
XLMUSDT,C 더 깊게·길게
XRPUSDT,C 더 깊게·길게
