조합,지표수,발생횟수,승률,평균수익률,총수익률(누적)
가격_SMA50_위 + BB_하단터치(1.5σ) + STOCH21_과매도(20이하),3,23,0.8696,0.0458,1.6726
가격_SMA50_위 + BB_하단터치(1.5σ),2,25,0.84,0.0428,1.7072
가격_SMA50_위 + BB_하단터치(1.5σ) + BB_%B_과매도(0.2이하),3,25,0.84,0.0428,1.7072
가격_SMA50_위 + BB_하단터치(1.5σ) + STOCH14_과매도(20이하),3,22,0.8182,0.0433,1.4145
가격_SMA200_위 + 가격_SMA50_위 + BB_하단터치(1.5σ),3,21,0.8095,0.0267,0.7032
RSI14_중립반등(40~50) + BB_%B_과매도(0.2이하) + ADX14_추세상승(+DI>-DI),3,27,0.7407,0.0401,1.3495
RSI14_중립반등(40~50) + RSI7_과매도(25이하) + BB_하단터치(1.5σ),3,37,0.7297,0.0397,2.8238
BB_%B_과매도(0.2이하) + ADX14_추세상승(+DI>-DI),2,32,0.7188,0.0357,1.3622
가격_SMA50_위 + BB_%B_과매도(0.2이하) + ADX14_강세(25이상),3,32,0.7188,0.0251,0.9781
가격_SMA50_위 + BB_%B_과매도(0.2이하) + STOCH21_과매도(20이하),3,45,0.7111,0.018,0.8465
RSI14_중립반등(40~50) + BB_하단터치(1.5σ) + ADX14_강세(25이상),3,27,0.7037,0.0267,0.8443
BB_%B_과매도(0.2이하) + STOCH21_과매도(20이하) + ADX14_추세상승(+DI>-DI),3,27,0.7037,0.0263,0.6028
BB_%B_과매도(0.2이하) + STOCH14_과매도(20이하) + ADX14_추세상승(+DI>-DI),3,29,0.6897,0.0236,0.5626
RSI14_중립반등(40~50) + 가격_SMA200_위 + BB_하단터치(1.5σ),3,35,0.6857,0.0299,1.5503
RSI14_중립반등(40~50) + BB_하단터치(1.5σ) + STOCH14_과매도(20이하),3,76,0.6711,0.0352,9.801
RSI14_중립반등(40~50) + BB_하단터치(1.5σ) + STOCH21_과매도(20이하),3,79,0.6709,0.0325,8.5732
RSI14_중립반등(40~50) + BB_하단터치(1.5σ),2,81,0.6667,0.0325,9.1795
RSI14_중립반등(40~50) + BB_하단터치(1.5σ) + BB_%B_과매도(0.2이하),3,81,0.6667,0.0325,9.1795
가격_SMA50_위 + BB_%B_과매도(0.2이하),2,60,0.6667,0.0186,1.2617
가격_SMA200_위 + 가격_SMA50_위 + BB_%B_과매도(0.2이하),3,48,0.6667,0.015,0.6783
RSI14_중립반등(40~50) + 가격_SMA50_위 + BB_%B_과매도(0.2이하),3,30,0.6667,0.0236,0.7282
가격_SMA50_위 + BB_%B_과매도(0.2이하) + STOCH14_과매도(20이하),3,47,0.6596,0.0085,0.1958
BB_%B_과매도(0.2이하) + STOCH14_과매도(20이하) + OBV_SMA위,3,47,0.6596,0.0526,6.6751
RSI14_중립반등(40~50) + SMA20_골든크로스(50) + OBV_SMA위,3,38,0.6579,0.0373,2.2018
가격_SMA50_위 + STOCH21_과매도(20이하) + ADX14_강세(25이상),3,32,0.6562,0.0189,0.6762
EMA7_골든크로스(20) + ADX14_강세(25이상) + OBV_SMA위,3,26,0.6538,0.0064,-0.0601
가격_SMA200_위 + BB_%B_과매도(0.2이하) + 거래량_증가(1.5배),3,23,0.6522,0.0248,0.5198
RSI14_중립반등(40~50) + 거래량_증가(1.5배) + OBV_SMA위,3,20,0.65,0.0333,0.6298
BB_%B_중간반등 + 거래량_증가(1.5배),2,54,0.6481,0.0536,7.9672
가격_SMA50_위 + STOCH14_과매도(20이하) + OBV_SMA위,3,34,0.6471,0.0479,2.7359
BB_%B_중간반등 + 거래량_증가(1.5배) + OBV_SMA위,3,31,0.6452,0.0639,2.8973
가격_SMA200_위 + 가격_SMA50_위 + STOCH21_과매도(20이하),3,50,0.64,0.0033,-0.044
BB_%B_과매도(0.2이하) + STOCH21_과매도(20이하) + OBV_SMA위,3,50,0.64,0.0522,7.6029
STOCH14_골든크로스 + 거래량_급증(2배이상),2,25,0.64,0.0509,1.8537
MACD_히스토_증가 + BB_%B_중간반등 + 거래량_증가(1.5배),3,25,0.64,0.0129,0.2177
STOCH14_골든크로스 + 거래량_급증(2배이상) + 거래량_증가(1.5배),3,25,0.64,0.0509,1.8537
가격_SMA200_위 + STOCH14_과매도(20이하) + ADX14_추세상승(+DI>-DI),3,44,0.6364,0.0286,1.9417
RSI14_중립반등(40~50) + BB_%B_중간반등 + 거래량_증가(1.5배),3,22,0.6364,0.0394,0.9484
MACD_골든크로스 + 가격_SMA50_위 + ADX14_강세(25이상),3,27,0.6296,0.0248,0.652
MACD_히스토_전환(+) + 가격_SMA50_위 + ADX14_강세(25이상),3,27,0.6296,0.0248,0.652
BB_%B_중간반등 + ADX14_추세상승(+DI>-DI) + 거래량_증가(1.5배),3,27,0.6296,0.0804,3.7531
가격_SMA50_위 + STOCH21_과매도(20이하),2,62,0.629,0.0184,1.0394
EMA7_골든크로스(20) + ADX14_강세(25이상) + ADX14_추세상승(+DI>-DI),3,32,0.625,-0.0015,-0.2555
가격_SMA200_위 + STOCH21_과매도(20이하) + ADX14_추세상승(+DI>-DI),3,24,0.625,0.0124,0.1458
가격_SMA200_위 + STOCH21_과매도(20이하) + 거래량_증가(1.5배),3,24,0.625,0.0155,0.2484
BB_%B_과매도(0.2이하) + OBV_SMA위,2,53,0.6226,0.0485,7.2761
가격_SMA50_위 + STOCH14_과매도(20이하) + STOCH21_과매도(20이하),3,53,0.6226,0.0182,0.8453
EMA7_골든크로스(20) + ADX14_강세(25이상),2,37,0.6216,0.0017,-0.1831
RSI14_중립반등(40~50) + RSI7_과매도(25이하) + ADX14_강세(25이상),3,37,0.6216,0.0404,2.6297
RSI14_과매도(35이하) + 가격_SMA200_위 + 가격_SMA50_위,3,29,0.6207,0.0122,0.2504
MACD_히스토_증가 + STOCH14_골든크로스 + 거래량_급증(2배이상),3,21,0.619,0.0606,1.8924
RSI14_중립반등(40~50) + STOCH14_골든크로스 + ADX14_추세상승(+DI>-DI),3,26,0.6154,0.0342,0.9343
RSI7_과매도(25이하) + ADX14_강세(25이상) + 거래량_증가(1.5배),3,26,0.6154,0.0352,1.2849
RSI21_과매도(30이하) + 가격_SMA200_위 + ADX14_강세(25이상),3,26,0.6154,-0.0176,-0.5796
STOCH14_골든크로스 + 거래량_증가(1.5배) + OBV_SMA위,3,62,0.6129,0.0321,4.0409
가격_SMA200_위 + STOCH14_과매도(20이하) + 거래량_증가(1.5배),3,31,0.6129,0.0168,0.4395
RSI14_과매도(35이하) + 가격_SMA50_위,2,36,0.6111,0.0223,0.8527
RSI7_과매도(25이하) + STOCH21_과매도(20이하) + 거래량_증가(1.5배),3,36,0.6111,0.022,0.6838
MACD_히스토_증가 + EMA7_골든크로스(20) + ADX14_강세(25이상),3,36,0.6111,-0.0006,-0.2461
MACD_히스토_증가 + STOCH14_골든크로스 + 거래량_증가(1.5배),3,64,0.6094,0.0298,3.536
가격_SMA200_위 + BB_%B_중간반등 + 거래량_증가(1.5배),3,23,0.6087,0.009,0.1126
가격_SMA200_위 + 가격_SMA50_위 + STOCH14_과매도(20이하),3,84,0.6071,0.0115,1.0609
RSI7_과매도(25이하) + STOCH14_과매도(20이하) + 거래량_증가(1.5배),3,38,0.6053,0.0224,0.7773
RSI14_중립반등(40~50) + STOCH14_과매도(20이하) + ADX14_추세상승(+DI>-DI),3,53,0.6038,0.0222,1.4036
RSI14_중립반등(40~50) + BB_%B_과매도(0.2이하) + STOCH21_과매도(20이하),3,123,0.6016,0.0203,4.9273
RSI7_과매도(25이하) + 가격_SMA50_위 + ADX14_강세(25이상),3,60,0.6,0.0266,2.7713
RSI7_과매도(25이하) + ADX14_강세(25이상) + ADX14_추세상승(+DI>-DI),3,40,0.6,0.0239,1.2201
RSI7_과매도(25이하) + BB_%B_과매도(0.2이하) + 거래량_증가(1.5배),3,35,0.6,0.0198,0.5189
BB_하단터치(1.5σ) + STOCH21_과매도(20이하) + OBV_SMA위,3,30,0.6,0.0254,0.8161
RSI14_중립반등(40~50) + BB_%B_과매도(0.2이하) + STOCH14_과매도(20이하),3,122,0.5984,0.0197,4.5731
가격_SMA200_위 + STOCH14_골든크로스 + 거래량_증가(1.5배),3,47,0.5957,0.0099,0.3748
STOCH14_골든크로스 + 거래량_증가(1.5배),2,84,0.5952,0.0257,4.253
MACD_골든크로스 + ADX14_강세(25이상) + OBV_SMA위,3,42,0.5952,0.0141,0.4356
MACD_히스토_전환(+) + ADX14_강세(25이상) + OBV_SMA위,3,42,0.5952,0.0141,0.4356
가격_SMA50_위 + STOCH14_과매도(20이하) + ADX14_추세상승(+DI>-DI),3,42,0.5952,0.0192,0.861
EMA7_골든크로스(20) + 가격_SMA50_위 + ADX14_강세(25이상),3,27,0.5926,0.0063,-0.0708
BB_하단터치(1.5σ) + STOCH14_과매도(20이하) + 거래량_증가(1.5배),3,49,0.5918,0.0157,0.6082
가격_SMA200_위 + BB_%B_중간반등 + STOCH14_골든크로스,3,44,0.5909,0.0098,0.3206
RSI21_과매도(30이하) + MACD_히스토_증가 + OBV_SMA위,3,39,0.5897,0.0283,1.4889
BB_%B_중간반등 + ADX14_강세(25이상) + 거래량_증가(1.5배),3,39,0.5897,0.0473,2.7578
RSI14_과매도(30이하) + RSI7_과매도(25이하) + STOCH14_과매도(20이하),3,185,0.5892,0.0433,102.9341
가격_SMA200_위 + ADX14_강세(25이상) + 거래량_급증(2배이상),3,34,0.5882,0.011,0.3086
STOCH14_과매도(20이하) + STOCH21_과매도(20이하) + ADX14_추세상승(+DI>-DI),3,34,0.5882,0.0135,0.193
RSI14_중립반등(40~50) + 가격_SMA200_위 + OBV_SMA위,3,97,0.5876,0.0192,3.2864
RSI14_과매도(30이하) + RSI7_과매도(25이하) + MACD_히스토_증가,3,92,0.587,0.0504,25.3894
BB_하단터치(1.5σ) + STOCH14_과매도(20이하) + OBV_SMA위,3,29,0.5862,0.0256,0.783
가격_SMA50_위 + STOCH14_과매도(20이하),2,113,0.5841,0.0177,3.016
RSI14_중립반등(40~50) + RSI7_과매도(25이하) + BB_%B_과매도(0.2이하),3,60,0.5833,0.0061,0.0263
RSI14_중립반등(40~50) + BB_%B_과매도(0.2이하) + ADX14_강세(25이상),3,48,0.5833,0.0191,1.0321
RSI14_중립반등(40~50) + STOCH14_과매도(20이하) + OBV_SMA위,3,36,0.5833,0.0538,3.5849
RSI14_중립반등(40~50) + MACD_히스토_증가 + SMA20_골든크로스(50),3,55,0.5818,0.0189,1.2568
STOCH14_골든크로스 + ADX14_추세상승(+DI>-DI) + 거래량_증가(1.5배),3,55,0.5818,0.032,3.1892
가격_SMA200_위 + 거래량_급증(2배이상),2,43,0.5814,0.016,0.6969
가격_SMA200_위 + 거래량_급증(2배이상) + 거래량_증가(1.5배),3,43,0.5814,0.016,0.6969
BB_하단터치(1.5σ) + OBV_SMA위,2,31,0.5806,0.0233,0.7475
RSI14_중립반등(40~50) + 가격_SMA50_위 + STOCH21_과매도(20이하),3,31,0.5806,0.0128,0.0869
RSI7_과매도(25이하) + BB_하단터치(1.5σ) + 거래량_증가(1.5배),3,31,0.5806,0.0135,0.1806
MACD_골든크로스 + 가격_SMA200_위 + ADX14_강세(25이상),3,31,0.5806,0.0094,0.1928
MACD_히스토_전환(+) + 가격_SMA200_위 + ADX14_강세(25이상),3,31,0.5806,0.0094,0.1928
BB_하단터치(1.5σ) + BB_%B_과매도(0.2이하) + OBV_SMA위,3,31,0.5806,0.0233,0.7475
RSI14_중립반등(40~50) + BB_%B_과매도(0.2이하),2,150,0.58,0.0188,6.2055
BB_%B_중간반등 + STOCH14_골든크로스 + ADX14_강세(25이상),3,50,0.58,0.0161,0.8983
RSI14_과매도(30이하) + RSI7_과매도(25이하) + ADX14_강세(25이상),3,152,0.5789,0.05,85.4645
RSI14_중립반등(40~50) + STOCH21_과매도(20이하) + ADX14_추세상승(+DI>-DI),3,38,0.5789,0.0089,0.0637
STOCH14_과매도(20이하) + ADX14_추세상승(+DI>-DI),2,83,0.5783,0.0209,2.4302
RSI14_중립반등(40~50) + 가격_SMA200_위 + BB_%B_과매도(0.2이하),3,64,0.5781,0.0185,1.446
가격_SMA50_위 + STOCH14_골든크로스 + 거래량_증가(1.5배),3,52,0.5769,0.0189,1.1546
MACD_골든크로스 + ADX14_강세(25이상) + ADX14_추세상승(+DI>-DI),3,33,0.5758,0.0261,0.9023
MACD_히스토_전환(+) + ADX14_강세(25이상) + ADX14_추세상승(+DI>-DI),3,33,0.5758,0.0261,0.9023
RSI14_과매도(30이하) + RSI7_과매도(25이하),2,193,0.5751,0.0392,62.0393
RSI14_과매도(30이하) + RSI14_과매도(35이하) + RSI7_과매도(25이하),3,193,0.5751,0.0392,62.0393
RSI14_과매도(30이하) + RSI7_과매도(25이하) + STOCH21_과매도(20이하),3,193,0.5751,0.0392,62.0393
RSI7_과매도(25이하) + 거래량_증가(1.5배),2,47,0.5745,0.0195,0.8303
MACD_히스토_증가 + 가격_SMA200_위 + BB_%B_과매도(0.2이하),3,47,0.5745,0.0379,2.5922
RSI14_과매도(30이하) + RSI7_과매도(25이하) + BB_%B_과매도(0.2이하),3,183,0.5738,0.0374,36.2235
STOCH14_과매도(20이하) + STOCH21_과매도(20이하) + OBV_SMA위,3,70,0.5714,0.0335,4.3056
ADX14_강세(25이상) + 거래량_급증(2배이상),2,56,0.5714,0.0288,2.1196
ADX14_강세(25이상) + 거래량_급증(2배이상) + 거래량_증가(1.5배),3,56,0.5714,0.0288,2.1196
RSI21_과매도(30이하) + OBV_SMA위,2,42,0.5714,0.0252,1.3746
RSI21_과매도(30이하) + ADX14_강세(25이상) + OBV_SMA위,3,42,0.5714,0.0252,1.3746
가격_SMA200_위 + 거래량_급증(2배이상) + OBV_SMA위,3,28,0.5714,0.0089,0.1659
RSI14_중립반등(40~50) + MACD_골든크로스 + OBV_SMA위,3,21,0.5714,-0.007,-0.1925
RSI14_중립반등(40~50) + MACD_히스토_전환(+) + OBV_SMA위,3,21,0.5714,-0.007,-0.1925
가격_SMA200_위 + STOCH14_골든크로스 + ADX14_추세상승(+DI>-DI),3,207,0.57,0.016,9.5246
STOCH14_과매도(20이하) + OBV_SMA위,2,100,0.57,0.0274,5.7777
MACD_골든크로스 + ADX14_강세(25이상),2,65,0.5692,0.0203,1.6324
MACD_히스토_전환(+) + ADX14_강세(25이상),2,65,0.5692,0.0203,1.6324
MACD_골든크로스 + MACD_히스토_전환(+) + ADX14_강세(25이상),3,65,0.5692,0.0203,1.6324
MACD_골든크로스 + MACD_히스토_증가 + ADX14_강세(25이상),3,65,0.5692,0.0203,1.6324
MACD_히스토_전환(+) + MACD_히스토_증가 + ADX14_강세(25이상),3,65,0.5692,0.0203,1.6324
MACD_히스토_증가 + BB_%B_과매도(0.2이하) + STOCH14_과매도(20이하),3,167,0.5689,0.042,165.2492
BB_하단터치(1.5σ) + STOCH21_과매도(20이하) + 거래량_증가(1.5배),3,51,0.5686,0.0108,0.2776
가격_SMA50_위 + STOCH14_과매도(20이하) + ADX14_강세(25이상),3,81,0.5679,0.011,0.8668
BB_%B_과매도(0.2이하) + STOCH14_과매도(20이하) + 거래량_증가(1.5배),3,67,0.5672,0.0104,0.34
RSI14_중립반등(40~50) + SMA20_골든크로스(50),2,60,0.5667,0.0242,2.1017
STOCH14_과매도(20이하) + ADX14_강세(25이상) + ADX14_추세상승(+DI>-DI),3,46,0.5652,0.0239,1.5291
RSI14_과매도(30이하) + RSI21_과매도(30이하) + BB_하단터치(1.5σ),3,55,0.5636,0.0626,3.0484
MACD_히스토_증가 + BB_%B_중간반등 + STOCH14_골든크로스,3,55,0.5636,0.0124,0.6399
RSI14_중립반등(40~50) + ADX14_강세(25이상) + 거래량_증가(1.5배),3,32,0.5625,0.0171,0.5442
RSI7_과매도(25이하) + MACD_히스토_증가 + ADX14_강세(25이상),3,114,0.5614,0.0463,43.8724
STOCH14_골든크로스 + ADX14_강세(25이상) + 거래량_증가(1.5배),3,57,0.5614,0.0075,0.276
RSI14_중립반등(40~50) + STOCH14_과매도(20이하) + STOCH21_과매도(20이하),3,139,0.5612,0.0193,4.8299
BB_%B_중간반등 + STOCH14_골든크로스 + ADX14_추세상승(+DI>-DI),3,50,0.56,0.0168,0.9282
RSI14_과매도(35이하) + RSI7_과매도(25이하) + 거래량_증가(1.5배),3,25,0.56,0.0063,0.0153
RSI14_과매도(35이하) + 가격_SMA50_위 + ADX14_강세(25이상),3,25,0.56,0.0155,0.31
STOCH21_과매도(20이하) + ADX14_강세(25이상) + ADX14_추세상승(+DI>-DI),3,25,0.56,0.0499,1.8739
가격_SMA50_위 + ADX14_강세(25이상) + 거래량_급증(2배이상),3,34,0.5588,0.01,0.2571
ADX14_강세(25이상) + ADX14_추세상승(+DI>-DI) + 거래량_급증(2배이상),3,34,0.5588,0.038,1.4041
가격_SMA200_위 + STOCH14_골든크로스 + OBV_SMA위,3,197,0.5584,0.0159,8.1626
BB_하단터치(1.5σ) + 거래량_증가(1.5배),2,52,0.5577,0.008,0.1047
BB_하단터치(1.5σ) + BB_%B_과매도(0.2이하) + 거래량_증가(1.5배),3,52,0.5577,0.008,0.1047
RSI14_과매도(30이하) + MACD_히스토_증가 + BB_%B_과매도(0.2이하),3,113,0.5575,0.0478,47.0685
가격_SMA200_위 + BB_%B_과매도(0.2이하) + ADX14_강세(25이상),3,113,0.5575,0.0127,0.4202
RSI14_중립반등(40~50) + 거래량_증가(1.5배),2,70,0.5571,0.0218,2.0869
RSI14_과매도(30이하) + RSI7_과매도(25이하) + BB_하단터치(1.5σ),3,135,0.5556,0.0295,3.4382
RSI7_과매도(25이하) + 가격_SMA50_위,2,72,0.5556,0.011,0.4843
BB_%B_과매도(0.2이하) + 거래량_증가(1.5배),2,72,0.5556,0.0116,0.4206
MACD_히스토_증가 + STOCH14_과매도(20이하) + OBV_SMA위,3,36,0.5556,0.0129,0.2634
BB_%B_중간반등 + STOCH14_과매도(20이하),2,27,0.5556,0.0288,0.9627
RSI14_과매도(30이하) + BB_%B_과매도(0.2이하) + STOCH14_과매도(20이하),3,236,0.5551,0.0343,83.2136
가격_SMA200_위 + BB_%B_과매도(0.2이하) + STOCH21_과매도(20이하),3,182,0.5549,0.0051,-0.4391
MACD_히스토_증가 + BB_%B_과매도(0.2이하) + ADX14_강세(25이상),3,148,0.5541,0.0435,125.0401
STOCH21_과매도(20이하) + ADX14_추세상승(+DI>-DI),2,56,0.5536,0.02,0.9369
MACD_히스토_증가 + BB_%B_과매도(0.2이하) + STOCH21_과매도(20이하),3,179,0.5531,0.038,124.446
RSI7_과매도(25이하) + MACD_히스토_증가 + STOCH14_과매도(20이하),3,123,0.5528,0.0415,31.9755
RSI14_과매도(30이하) + BB_하단터치(1.5σ) + STOCH14_과매도(20이하),3,152,0.5526,0.0262,3.1623
MACD_히스토_증가 + BB_%B_과매도(0.2이하),2,181,0.5525,0.038,132.1761
BB_%B_과매도(0.2이하) + STOCH21_과매도(20이하) + 거래량_증가(1.5배),3,67,0.5522,0.0071,0.0536
RSI14_중립반등(40~50) + STOCH21_과매도(20이하) + OBV_SMA위,3,29,0.5517,0.0571,2.4872
RSI7_과매도(25이하) + BB_하단터치(1.5σ) + STOCH14_과매도(20이하),3,263,0.5513,0.0258,34.3316
RSI14_과매도(30이하) + BB_%B_과매도(0.2이하) + STOCH21_과매도(20이하),3,240,0.55,0.033,66.0962
가격_SMA200_위 + 가격_SMA50_위 + STOCH14_골든크로스,3,240,0.55,0.0108,3.4337
SMA20_골든크로스(50) + BB_%B_중간반등 + OBV_SMA위,3,60,0.55,0.0104,0.339
RSI7_과매도(25이하) + 가격_SMA50_위 + ADX14_추세상승(+DI>-DI),3,40,0.55,0.0125,0.3179
RSI14_과매도(35이하) + RSI21_과매도(30이하) + OBV_SMA위,3,20,0.55,0.0197,0.3578
가격_SMA50_위 + BB_%B_중간반등 + STOCH14_과매도(20이하),3,20,0.55,0.0239,0.4922
BB_하단터치(1.5σ) + STOCH14_과매도(20이하) + STOCH21_과매도(20이하),3,388,0.549,0.0238,131.4493
RSI14_과매도(30이하) + BB_하단터치(1.5σ),2,153,0.549,0.0258,3.0137
RSI14_과매도(30이하) + RSI14_과매도(35이하) + BB_하단터치(1.5σ),3,153,0.549,0.0258,3.0137
RSI14_과매도(30이하) + BB_하단터치(1.5σ) + BB_%B_과매도(0.2이하),3,153,0.549,0.0258,3.0137
RSI14_과매도(30이하) + BB_하단터치(1.5σ) + STOCH21_과매도(20이하),3,153,0.549,0.0258,3.0137
거래량_급증(2배이상),1,82,0.5488,0.0318,5.4862
거래량_급증(2배이상) + 거래량_증가(1.5배),2,82,0.5488,0.0318,5.4862
SMA20_골든크로스(50) + OBV_SMA위,2,124,0.5484,0.015,0.8747
RSI7_과매도(25이하) + STOCH14_과매도(20이하) + ADX14_추세상승(+DI>-DI),3,31,0.5484,0.0035,-0.1633
가격_SMA50_위 + 거래량_급증(2배이상) + OBV_SMA위,3,31,0.5484,0.0131,0.3195
BB_하단터치(1.5σ) + STOCH14_과매도(20이하),2,389,0.5476,0.0236,126.5823
BB_하단터치(1.5σ) + BB_%B_과매도(0.2이하) + STOCH14_과매도(20이하),3,389,0.5476,0.0236,126.5823
RSI14_과매도(30이하) + RSI7_과매도(25이하) + RSI21_과매도(30이하),3,84,0.5476,0.0691,18.0951
MACD_골든크로스 + 가격_SMA200_위 + OBV_SMA위,3,42,0.5476,0.0051,0.0118
MACD_히스토_전환(+) + 가격_SMA200_위 + OBV_SMA위,3,42,0.5476,0.0051,0.0118
MACD_히스토_증가 + SMA20_골든크로스(50) + OBV_SMA위,3,106,0.5472,0.0088,-0.141
가격_SMA200_위 + BB_%B_과매도(0.2이하) + STOCH14_과매도(20이하),3,181,0.547,0.0031,-0.5982
RSI7_과매도(25이하) + BB_%B_과매도(0.2이하) + STOCH14_과매도(20이하),3,353,0.5467,0.0245,79.8314
BB_%B_중간반등 + ADX14_추세상승(+DI>-DI),2,311,0.5466,0.0209,59.6063
RSI7_과매도(25이하) + BB_하단터치(1.5σ) + STOCH21_과매도(20이하),3,269,0.5465,0.0245,28.0398
BB_하단터치(1.5σ) + STOCH21_과매도(20이하),2,399,0.5464,0.0225,98.8049
BB_하단터치(1.5σ) + BB_%B_과매도(0.2이하) + STOCH21_과매도(20이하),3,399,0.5464,0.0225,98.8049
BB_%B_중간반등 + ADX14_추세상승(+DI>-DI) + OBV_SMA위,3,174,0.546,0.0276,18.8581
BB_%B_과매도(0.2이하) + STOCH14_과매도(20이하) + STOCH21_과매도(20이하),3,568,0.5458,0.0241,1892.8902
RSI14_과매도(30이하) + BB_%B_과매도(0.2이하),2,242,0.5455,0.0321,56.3102
RSI14_과매도(30이하) + RSI14_과매도(35이하) + BB_%B_과매도(0.2이하),3,242,0.5455,0.0321,56.3102
RSI14_과매도(30이하) + MACD_히스토_증가,2,231,0.5455,0.0351,312.2826
RSI14_과매도(30이하) + RSI14_과매도(35이하) + MACD_히스토_증가,3,231,0.5455,0.0351,312.2826
가격_SMA200_위 + BB_%B_과매도(0.2이하),2,198,0.5455,0.0062,-0.2957
RSI7_과매도(25이하) + ADX14_추세상승(+DI>-DI),2,66,0.5455,0.0058,-0.0644
거래량_급증(2배이상) + OBV_SMA위,2,44,0.5455,0.0456,3.0871
거래량_급증(2배이상) + 거래량_증가(1.5배) + OBV_SMA위,3,44,0.5455,0.0456,3.0871
RSI14_중립반등(40~50) + SMA20_골든크로스(50) + 가격_SMA200_위,3,22,0.5455,-0.0017,-0.0964
RSI14_중립반등(40~50) + BB_%B_과매도(0.2이하) + STOCH14_골든크로스,3,22,0.5455,0.0097,0.1494
RSI14_과매도(35이하) + RSI7_과매도(25이하) + STOCH14_과매도(20이하),3,255,0.5451,0.0294,44.7781
STOCH14_골든크로스 + ADX14_강세(25이상) + ADX14_추세상승(+DI>-DI),3,235,0.5447,0.0092,1.7808
가격_SMA50_위 + STOCH14_골든크로스 + ADX14_강세(25이상),3,228,0.5439,0.0103,2.1072
RSI14_과매도(35이하) + MACD_히스토_증가 + BB_%B_과매도(0.2이하),3,149,0.5436,0.0419,88.755
STOCH14_과매도(20이하) + 거래량_증가(1.5배),2,92,0.5435,0.011,0.595
BB_%B_중간반등 + STOCH14_골든크로스 + OBV_SMA위,3,46,0.5435,0.0081,0.2295
BB_하단터치(1.5σ),1,405,0.5432,0.0219,88.9065
BB_하단터치(1.5σ) + BB_%B_과매도(0.2이하),2,405,0.5432,0.0219,88.9065
RSI14_중립반등(40~50) + ADX14_강세(25이상) + ADX14_추세상승(+DI>-DI),3,81,0.5432,0.0146,1.436
RSI7_과매도(25이하) + MACD_히스토_증가 + BB_%B_과매도(0.2이하),3,116,0.5431,0.0365,15.3554
BB_%B_과매도(0.2이하) + STOCH14_과매도(20이하),2,582,0.543,0.0233,1614.6142
가격_SMA50_위 + ADX14_추세상승(+DI>-DI) + 거래량_급증(2배이상),3,35,0.5429,0.0154,0.4944
BB_%B_중간반등 + STOCH14_골든크로스,2,94,0.5426,0.0079,0.4889
가격_SMA200_위 + 가격_SMA50_위 + ADX14_강세(25이상),3,826,0.5424,0.012,152.6763
RSI14_과매도(30이하),1,367,0.5422,0.0286,375.0412
RSI14_과매도(30이하) + RSI14_과매도(35이하),2,367,0.5422,0.0286,375.0412
RSI7_과매도(25이하) + BB_하단터치(1.5σ),2,273,0.5421,0.0238,24.8255
RSI7_과매도(25이하) + BB_하단터치(1.5σ) + BB_%B_과매도(0.2이하),3,273,0.5421,0.0238,24.8255
RSI14_과매도(35이하) + MACD_히스토_증가,2,347,0.5418,0.0338,3314.7784
RSI7_과매도(25이하) + MACD_히스토_증가 + STOCH21_과매도(20이하),3,133,0.5414,0.0372,25.6328
BB_%B_과매도(0.2이하) + STOCH21_과매도(20이하),2,593,0.5413,0.0227,1355.3991
RSI14_중립반등(40~50) + STOCH14_과매도(20이하) + ADX14_강세(25이상),3,85,0.5412,0.0152,1.6639
가격_SMA200_위 + STOCH14_골든크로스 + ADX14_강세(25이상),3,231,0.5411,0.0131,5.3626
가격_SMA200_위 + STOCH14_과매도(20이하) + ADX14_강세(25이상),3,159,0.5409,0.0128,1.3348
RSI14_과매도(30이하) + MACD_히스토_증가 + ADX14_강세(25이상),3,209,0.5407,0.0332,134.1049
BB_%B_과매도(0.2이하) + ADX14_강세(25이상) + 거래량_증가(1.5배),3,37,0.5405,0.0112,0.2579
RSI14_과매도(30이하) + BB_하단터치(1.5σ) + ADX14_강세(25이상),3,113,0.5398,0.0362,5.0191
RSI7_과매도(25이하) + ADX14_강세(25이상),2,302,0.5397,0.032,350.3847
RSI14_과매도(35이하) + MACD_히스토_증가 + ADX14_강세(25이상),3,295,0.539,0.0281,346.4135
RSI14_과매도(30이하) + BB_%B_과매도(0.2이하) + ADX14_강세(25이상),3,193,0.5389,0.0372,49.1205
RSI14_과매도(30이하) + STOCH14_과매도(20이하) + STOCH21_과매도(20이하),3,310,0.5387,0.0295,140.2764
STOCH14_과매도(20이하) + STOCH21_과매도(20이하) + 거래량_증가(1.5배),3,78,0.5385,0.0067,0.0288
SMA20_골든크로스(50) + 가격_SMA200_위 + OBV_SMA위,3,52,0.5385,-0.0043,-0.3434
STOCH14_과매도(20이하) + ADX14_추세상승(+DI>-DI) + OBV_SMA위,3,26,0.5385,0.0176,0.3088
RSI14_과매도(30이하) + STOCH14_과매도(20이하),2,314,0.5382,0.0293,147.5566
RSI14_과매도(30이하) + RSI14_과매도(35이하) + STOCH14_과매도(20이하),3,314,0.5382,0.0293,147.5566
RSI7_과매도(25이하) + STOCH14_과매도(20이하) + ADX14_강세(25이상),3,249,0.5382,0.0359,227.655
RSI7_과매도(25이하) + BB_%B_과매도(0.2이하) + STOCH21_과매도(20이하),3,359,0.5376,0.0226,45.5748
ADX14_강세(25이상) + 거래량_증가(1.5배) + OBV_SMA위,3,147,0.5374,0.0117,1.1206
ADX14_강세(25이상) + ADX14_추세상승(+DI>-DI) + OBV_SMA위,3,931,0.5371,0.0116,30.4011
STOCH21_과매도(20이하) + OBV_SMA위,2,108,0.537,0.0305,9.7065
RSI7_과매도(25이하) + MACD_히스토_증가 + BB_하단터치(1.5σ),3,54,0.537,0.0351,2.6932
RSI14_과매도(30이하) + MACD_히스토_증가 + BB_하단터치(1.5σ),3,41,0.5366,0.0276,0.9541
BB_%B_과매도(0.2이하),1,636,0.5362,0.0215,1335.2268
RSI14_과매도(35이하) + MACD_히스토_증가 + OBV_SMA위,3,69,0.5362,0.024,2.4145
SMA20_골든크로스(50) + ADX14_강세(25이상) + OBV_SMA위,3,69,0.5362,-0.0024,-0.6073
가격_SMA200_위 + BB_%B_중간반등 + ADX14_추세상승(+DI>-DI),3,166,0.5361,0.0076,0.7838
RSI14_과매도(30이하) + MACD_히스토_증가 + STOCH14_과매도(20이하),3,181,0.5359,0.0373,111.906
STOCH21_과매도(20이하) + 거래량_증가(1.5배),2,84,0.5357,0.0108,0.3865
RSI14_중립반등(40~50) + MACD_히스토_증가 + 거래량_증가(1.5배),3,28,0.5357,-0.0049,-0.1842
가격_SMA200_위 + ADX14_강세(25이상) + OBV_SMA위,3,684,0.5351,0.0117,38.7872
RSI14_과매도(30이하) + STOCH21_과매도(20이하),2,342,0.5351,0.0281,175.7927
RSI14_과매도(30이하) + RSI14_과매도(35이하) + STOCH21_과매도(20이하),3,342,0.5351,0.0281,175.7927
STOCH14_골든크로스 + ADX14_추세상승(+DI>-DI) + OBV_SMA위,3,258,0.5349,0.014,6.9737
가격_SMA200_위 + ADX14_강세(25이상) + ADX14_추세상승(+DI>-DI),3,778,0.5347,0.011,52.7853
RSI14_과매도(30이하) + ADX14_강세(25이상),2,303,0.5347,0.0302,173.254
RSI14_과매도(30이하) + RSI14_과매도(35이하) + ADX14_강세(25이상),3,303,0.5347,0.0302,173.254
RSI7_과매도(25이하) + MACD_히스토_증가,2,144,0.5347,0.0316,15.8843
RSI7_과매도(25이하) + 가격_SMA200_위 + 가격_SMA50_위,3,58,0.5345,0.0084,0.1796
MACD_히스토_증가 + BB_하단터치(1.5σ) + STOCH14_과매도(20이하),3,58,0.5345,0.033,2.7267
RSI14_과매도(35이하) + BB_%B_과매도(0.2이하) + STOCH14_과매도(20이하),3,350,0.5343,0.0275,114.5644
RSI14_과매도(35이하) + RSI7_과매도(25이하) + STOCH21_과매도(20이하),3,264,0.5341,0.0263,24.3207
MACD_히스토_증가 + BB_%B_과매도(0.2이하) + STOCH14_골든크로스,3,60,0.5333,0.0304,2.8642
RSI21_과매도(30이하) + 가격_SMA200_위,2,30,0.5333,-0.0473,-0.8636
RSI14_중립반등(40~50) + 가격_SMA200_위 + 거래량_증가(1.5배),3,30,0.5333,0.0212,0.6577
MACD_히스토_증가 + 가격_SMA200_위 + 거래량_급증(2배이상),3,30,0.5333,0.0141,0.3553
RSI14_과매도(35이하) + RSI7_과매도(25이하) + ADX14_강세(25이상),3,197,0.533,0.0365,49.6778
SMA20_골든크로스(50) + ADX14_추세상승(+DI>-DI) + OBV_SMA위,3,77,0.5325,0.0153,0.2981
RSI7_과매도(25이하) + BB_%B_과매도(0.2이하),2,372,0.5323,0.0215,36.0352
RSI7_과매도(25이하) + STOCH14_과매도(20이하) + STOCH21_과매도(20이하),3,372,0.5323,0.0235,70.211
가격_SMA200_위 + STOCH21_과매도(20이하) + ADX14_강세(25이상),3,156,0.5321,0.0111,0.6687
STOCH21_과매도(20이하) + ADX14_강세(25이상) + 거래량_증가(1.5배),3,47,0.5319,0.0169,0.6502
RSI14_과매도(35이하) + RSI7_과매도(25이하) + BB_%B_과매도(0.2이하),3,254,0.5315,0.0246,14.3775
RSI14_중립반등(40~50) + ADX14_추세상승(+DI>-DI) + OBV_SMA위,3,64,0.5312,0.0258,1.9183
RSI7_과매도(25이하) + BB_%B_중간반등,2,32,0.5312,0.0147,0.3799
RSI14_중립반등(40~50) + SMA20_골든크로스(50) + ADX14_강세(25이상),3,32,0.5312,0.0084,0.157
RSI7_과매도(25이하) + STOCH21_과매도(20이하) + ADX14_강세(25이상),3,241,0.5311,0.0342,114.7667
RSI14_과매도(30이하) + MACD_히스토_증가 + STOCH21_과매도(20이하),3,209,0.5311,0.0342,133.1603
가격_SMA200_위 + BB_%B_중간반등,2,260,0.5308,0.0083,2.0352
RSI7_과매도(25이하) + STOCH14_과매도(20이하),2,409,0.5306,0.0227,102.3022
RSI14_과매도(30이하) + RSI7_과매도(25이하) + STOCH14_골든크로스,3,49,0.5306,0.017,0.3153
RSI14_과매도(30이하) + MACD_히스토_증가 + 가격_SMA200_위,3,49,0.5306,0.0152,0.5869
가격_SMA50_위 + ADX14_강세(25이상) + ADX14_추세상승(+DI>-DI),3,920,0.5304,0.0086,8.2829
RSI14_중립반등(40~50) + STOCH21_과매도(20이하),2,181,0.5304,0.0112,1.5299
RSI14_중립반등(40~50) + ADX14_추세상승(+DI>-DI),2,181,0.5304,0.0108,1.3395
RSI14_과매도(35이하) + RSI7_과매도(25이하) + MACD_히스토_증가,3,115,0.5304,0.0372,16.1588
STOCH14_골든크로스 + ADX14_추세상승(+DI>-DI),2,330,0.5303,0.0121,7.0076
MACD_히스토_증가 + STOCH21_과매도(20이하) + OBV_SMA위,3,66,0.5303,0.0241,2.0958
ADX14_강세(25이상) + 거래량_증가(1.5배),2,234,0.5299,0.0108,2.2731
RSI14_과매도(30이하) + STOCH21_과매도(20이하) + ADX14_강세(25이상),3,285,0.5298,0.0305,119.4933
가격_SMA50_위 + STOCH14_골든크로스 + ADX14_추세상승(+DI>-DI),3,253,0.5296,0.0094,1.583
ADX14_강세(25이상) + ADX14_추세상승(+DI>-DI),2,1171,0.5295,0.0095,13.945
BB_%B_과매도(0.2이하) + ADX14_강세(25이상) + OBV_SMA위,3,34,0.5294,0.0329,1.4326
ADX14_강세(25이상) + 거래량_급증(2배이상) + OBV_SMA위,3,34,0.5294,0.0315,0.9194
ADX14_추세상승(+DI>-DI) + 거래량_급증(2배이상) + OBV_SMA위,3,34,0.5294,0.0579,3.0733
RSI14_과매도(30이하) + STOCH14_과매도(20이하) + ADX14_강세(25이상),3,257,0.5292,0.0313,77.8204
RSI14_과매도(35이하),1,584,0.5291,0.028,6873.0705
RSI14_과매도(35이하) + BB_%B_과매도(0.2이하) + STOCH21_과매도(20이하),3,361,0.5291,0.0264,95.3839
BB_%B_과매도(0.2이하) + STOCH14_과매도(20이하) + ADX14_강세(25이상),3,346,0.5289,0.0242,91.3359
ADX14_강세(25이상) + OBV_SMA위,2,1165,0.5288,0.0099,18.713
RSI14_과매도(35이하) + 거래량_증가(1.5배),2,53,0.5283,-0.0042,-0.3957
가격_SMA50_위 + BB_%B_중간반등 + STOCH14_골든크로스,3,53,0.5283,0.0096,0.3743
STOCH14_과매도(20이하) + ADX14_강세(25이상) + 거래량_증가(1.5배),3,53,0.5283,0.012,0.4532
BB_%B_중간반등,1,534,0.5281,0.0138,20.4319
BB_%B_중간반등 + ADX14_강세(25이상) + ADX14_추세상승(+DI>-DI),3,197,0.5279,0.0251,23.2036
STOCH14_과매도(20이하) + ADX14_강세(25이상) + OBV_SMA위,3,72,0.5278,0.0101,0.426
RSI14_과매도(35이하) + ADX14_강세(25이상) + 거래량_증가(1.5배),3,36,0.5278,0.0026,-0.085
RSI7_과매도(25이하) + 가격_SMA50_위 + STOCH14_과매도(20이하),3,36,0.5278,0.0034,-0.0589
MACD_히스토_증가 + ADX14_강세(25이상) + 거래량_급증(2배이상),3,36,0.5278,0.0047,0.0681
RSI14_과매도(35이하) + ADX14_강세(25이상),2,444,0.527,0.0228,263.0078
RSI7_과매도(25이하) + STOCH21_과매도(20이하),2,391,0.5269,0.0208,34.4185
RSI7_과매도(25이하) + BB_%B_과매도(0.2이하) + ADX14_강세(25이상),3,224,0.5268,0.0332,60.6314
가격_SMA50_위 + ADX14_강세(25이상) + OBV_SMA위,3,811,0.5265,0.0088,5.0464
가격_SMA50_위 + ADX14_강세(25이상),2,1081,0.5264,0.0084,10.9841
RSI14_중립반등(40~50) + STOCH21_과매도(20이하) + ADX14_강세(25이상),3,76,0.5263,0.0054,0.1037
가격_SMA200_위 + BB_%B_과매도(0.2이하) + STOCH14_골든크로스,3,38,0.5263,-0.0038,-0.391
RSI7_과매도(25이하),1,489,0.5256,0.0187,55.4016
RSI14_과매도(30이하) + BB_%B_과매도(0.2이하) + STOCH14_골든크로스,3,59,0.5254,0.015,0.3921
BB_%B_과매도(0.2이하) + STOCH21_과매도(20이하) + ADX14_강세(25이상),3,356,0.5253,0.0238,94.619
SMA20_골든크로스(50) + 가격_SMA200_위 + BB_%B_중간반등,3,40,0.525,-0.0011,-0.1731
가격_SMA200_위 + ADX14_강세(25이상),2,1090,0.5248,0.0095,49.0686
RSI7_과매도(25이하) + 가격_SMA200_위 + ADX14_강세(25이상),3,101,0.5248,0.0045,-0.3494
RSI14_중립반등(40~50) + RSI7_과매도(25이하),2,103,0.5243,0.0019,-0.3352
BB_%B_과매도(0.2이하) + ADX14_강세(25이상),2,374,0.5241,0.0232,106.0634
BB_하단터치(1.5σ) + ADX14_강세(25이상),2,229,0.524,0.0214,8.0626
BB_하단터치(1.5σ) + BB_%B_과매도(0.2이하) + ADX14_강세(25이상),3,229,0.524,0.0214,8.0626
ADX14_강세(25이상) + ADX14_추세상승(+DI>-DI) + 거래량_증가(1.5배),3,147,0.5238,0.0109,0.9197
RSI14_중립반등(40~50) + RSI7_과매도(25이하) + STOCH21_과매도(20이하),3,63,0.5238,-0.0079,-0.5783
RSI14_중립반등(40~50) + RSI7_과매도(25이하) + ADX14_추세상승(+DI>-DI),3,21,0.5238,-0.0071,-0.2931
RSI14_중립반등(40~50) + STOCH21_과매도(20이하) + 거래량_증가(1.5배),3,21,0.5238,0.0087,0.075
RSI14_중립반등(40~50) + 가격_SMA200_위 + ADX14_강세(25이상),3,153,0.5229,0.0128,2.9645
ADX14_추세상승(+DI>-DI) + 거래량_급증(2배이상),2,44,0.5227,0.0447,2.9171
ADX14_추세상승(+DI>-DI) + 거래량_급증(2배이상) + 거래량_증가(1.5배),3,44,0.5227,0.0447,2.9171
STOCH14_골든크로스 + ADX14_강세(25이상) + OBV_SMA위,3,245,0.5224,0.0075,0.8525
RSI14_과매도(35이하) + RSI7_과매도(25이하),2,270,0.5222,0.0244,16.2473
BB_하단터치(1.5σ) + ADX14_강세(25이상) + 거래량_증가(1.5배),3,23,0.5217,0.0091,0.1551
가격_SMA50_위 + STOCH14_골든크로스 + OBV_SMA위,3,236,0.5212,0.0091,1.0284
MACD_히스토_증가 + STOCH14_과매도(20이하) + ADX14_강세(25이상),3,219,0.5205,0.0303,95.8261
가격_SMA200_위 + 가격_SMA50_위 + ADX14_추세상승(+DI>-DI),3,930,0.5204,0.0086,5.3742
RSI14_과매도(35이하) + BB_%B_과매도(0.2이하),2,369,0.5203,0.0248,64.4229
ADX14_추세상승(+DI>-DI) + OBV_SMA위,2,1290,0.5202,0.0101,3.9688
BB_하단터치(1.5σ) + STOCH14_과매도(20이하) + ADX14_강세(25이상),3,223,0.5202,0.0212,6.7
RSI14_중립반등(40~50) + STOCH14_과매도(20이하),2,198,0.5202,0.016,6.9093
BB_%B_중간반등 + ADX14_강세(25이상) + OBV_SMA위,3,198,0.5202,0.0235,16.3445
BB_%B_중간반등 + OBV_SMA위,2,298,0.5201,0.0184,19.6686
MACD_히스토_증가 + BB_하단터치(1.5σ) + ADX14_강세(25이상),3,50,0.52,0.0403,3.4293
RSI14_과매도(35이하) + 가격_SMA200_위 + OBV_SMA위,3,25,0.52,0.0476,1.6392
BB_하단터치(1.5σ) + STOCH21_과매도(20이하) + ADX14_강세(25이상),3,227,0.5198,0.0209,6.8069
RSI14_과매도(35이하) + STOCH21_과매도(20이하) + ADX14_강세(25이상),3,381,0.5197,0.0239,121.0302
거래량_증가(1.5배),1,356,0.5197,0.0105,2.5849
MACD_골든크로스 + OBV_SMA위,2,77,0.5195,0.0028,-0.2623
MACD_히스토_전환(+) + OBV_SMA위,2,77,0.5195,0.0028,-0.2623
MACD_골든크로스 + MACD_히스토_전환(+) + OBV_SMA위,3,77,0.5195,0.0028,-0.2623
MACD_골든크로스 + MACD_히스토_증가 + OBV_SMA위,3,77,0.5195,0.0028,-0.2623
MACD_히스토_전환(+) + MACD_히스토_증가 + OBV_SMA위,3,77,0.5195,0.0028,-0.2623
STOCH14_과매도(20이하) + STOCH21_과매도(20이하),2,697,0.5194,0.02,955.071
MACD_히스토_증가 + STOCH21_과매도(20이하) + ADX14_강세(25이상),3,310,0.5194,0.0286,534.8381
가격_SMA50_위 + BB_%B_중간반등 + ADX14_추세상승(+DI>-DI),3,183,0.5191,0.008,0.8178
가격_SMA200_위 + ADX14_강세(25이상) + 거래량_증가(1.5배),3,131,0.5191,0.0011,-0.293
RSI7_과매도(25이하) + BB_하단터치(1.5σ) + ADX14_강세(25이상),3,158,0.519,0.032,11.9416
MACD_히스토_증가 + ADX14_강세(25이상) + OBV_SMA위,3,636,0.5189,0.0042,-0.7827
MACD_히스토_증가 + STOCH14_골든크로스 + ADX14_추세상승(+DI>-DI),3,212,0.5189,0.0067,0.3963
RSI14_과매도(35이하) + BB_%B_과매도(0.2이하) + ADX14_강세(25이상),3,266,0.5188,0.0277,43.818
RSI7_과매도(25이하) + BB_%B_중간반등 + ADX14_강세(25이상),3,27,0.5185,0.0151,0.3305
RSI14_과매도(35이하) + STOCH21_과매도(20이하),2,494,0.5182,0.025,360.2286
가격_SMA200_위 + STOCH14_골든크로스,2,330,0.5182,0.0078,1.4214
ADX14_추세상승(+DI>-DI),1,1708,0.5181,0.009,6.6904
BB_%B_중간반등 + ADX14_강세(25이상),2,332,0.5181,0.0176,34.196
가격_SMA50_위 + ADX14_강세(25이상) + 거래량_증가(1.5배),3,139,0.518,0.0008,-0.3859
OBV_SMA위,1,1665,0.5177,0.0101,24.6592
RSI21_과매도(30이하) + MACD_히스토_증가 + ADX14_강세(25이상),3,170,0.5176,0.0292,26.3265
가격_SMA200_위 + BB_%B_중간반등 + ADX14_강세(25이상),3,170,0.5176,0.0058,0.3204
가격_SMA200_위 + ADX14_추세상승(+DI>-DI),2,1063,0.5174,0.0084,9.5368
STOCH21_과매도(20이하),1,835,0.5174,0.0215,12432.9715
가격_SMA200_위 + BB_하단터치(1.5σ) + STOCH21_과매도(20이하),3,116,0.5172,-0.0049,-0.79
RSI14_중립반등(40~50) + 가격_SMA50_위 + STOCH14_과매도(20이하),3,58,0.5172,0.0161,0.7654
RSI14_중립반등(40~50) + MACD_골든크로스,2,29,0.5172,-0.0007,-0.1026
RSI14_중립반등(40~50) + MACD_히스토_전환(+),2,29,0.5172,-0.0007,-0.1026
RSI14_중립반등(40~50) + MACD_골든크로스 + MACD_히스토_전환(+),3,29,0.5172,-0.0007,-0.1026
RSI14_중립반등(40~50) + MACD_골든크로스 + MACD_히스토_증가,3,29,0.5172,-0.0007,-0.1026
RSI14_중립반등(40~50) + MACD_히스토_전환(+) + MACD_히스토_증가,3,29,0.5172,-0.0007,-0.1026
가격_SMA200_위 + ADX14_추세상승(+DI>-DI) + 거래량_급증(2배이상),3,29,0.5172,0.0024,-0.0162
ADX14_강세(25이상),1,2052,0.5171,0.0108,1528.6715
RSI14_과매도(35이하) + BB_하단터치(1.5σ) + STOCH14_과매도(20이하),3,234,0.5171,0.0213,3.1826
가격_SMA200_위 + BB_하단터치(1.5σ),2,118,0.5169,-0.0047,-0.7873
가격_SMA200_위 + BB_하단터치(1.5σ) + BB_%B_과매도(0.2이하),3,118,0.5169,-0.0047,-0.7873
MACD_히스토_증가 + BB_하단터치(1.5σ),2,60,0.5167,0.0308,2.4807
MACD_히스토_증가 + BB_하단터치(1.5σ) + BB_%B_과매도(0.2이하),3,60,0.5167,0.0308,2.4807
MACD_히스토_증가 + BB_하단터치(1.5σ) + STOCH21_과매도(20이하),3,60,0.5167,0.0308,2.4807
RSI14_과매도(30이하) + RSI21_과매도(30이하),2,151,0.5166,0.0385,14.0885
RSI14_과매도(30이하) + RSI14_과매도(35이하) + RSI21_과매도(30이하),3,151,0.5166,0.0385,14.0885
가격_SMA200_위 + ADX14_추세상승(+DI>-DI) + OBV_SMA위,3,796,0.5163,0.0087,3.8498
STOCH14_과매도(20이하),1,802,0.5162,0.019,2424.0583
가격_SMA200_위 + OBV_SMA위,2,932,0.5161,0.0087,6.6249
SMA20_골든크로스(50) + BB_%B_중간반등,2,93,0.5161,0.0089,0.4947
가격_SMA50_위 + ADX14_추세상승(+DI>-DI) + OBV_SMA위,3,1022,0.5157,0.008,0.6965
RSI14_과매도(35이하) + RSI7_과매도(25이하) + BB_하단터치(1.5σ),3,192,0.5156,0.0185,1.2923
가격_SMA200_위 + 가격_SMA50_위,2,1133,0.5154,0.0069,1.611
가격_SMA200_위 + 가격_SMA50_위 + 거래량_급증(2배이상),3,33,0.5152,0.0017,-0.0477
가격_SMA200_위 + 가격_SMA50_위 + OBV_SMA위,3,798,0.515,0.0083,2.1407
RSI14_과매도(35이하) + STOCH14_과매도(20이하) + STOCH21_과매도(20이하),3,437,0.5149,0.0224,73.0578
가격_SMA50_위 + ADX14_추세상승(+DI>-DI),2,1280,0.5148,0.007,-0.0397
RSI21_과매도(30이하) + MACD_히스토_증가,2,173,0.5145,0.0272,18.9612
가격_SMA200_위 + STOCH14_과매도(20이하) + OBV_SMA위,3,35,0.5143,0.0236,0.9229
가격_SMA50_위 + STOCH14_골든크로스,2,329,0.5137,0.0051,-0.5198
STOCH21_과매도(20이하) + ADX14_강세(25이상),2,551,0.5136,0.0202,453.0706
RSI14_과매도(35이하) + STOCH14_과매도(20이하),2,444,0.5135,0.0221,72.4959
RSI14_중립반등(40~50) + SMA20_골든크로스(50) + BB_%B_중간반등,3,37,0.5135,0.014,0.3862
RSI7_과매도(25이하) + 가격_SMA200_위 + ADX14_추세상승(+DI>-DI),3,37,0.5135,0.0035,-0.0798
EMA7_골든크로스(20) + 가격_SMA200_위 + 가격_SMA50_위,3,37,0.5135,-0.005,-0.2455
MACD_히스토_증가 + STOCH14_과매도(20이하) + STOCH21_과매도(20이하),3,263,0.5133,0.027,90.9817
MACD_히스토_증가 + STOCH14_과매도(20이하),2,269,0.513,0.0269,103.4492
RSI14_과매도(35이하) + MACD_히스토_증가 + STOCH21_과매도(20이하),3,269,0.513,0.0271,110.3609
RSI14_중립반등(40~50) + 가격_SMA200_위 + STOCH21_과매도(20이하),3,78,0.5128,0.0031,-0.11
RSI14_과매도(35이하) + BB_하단터치(1.5σ) + STOCH21_과매도(20이하),3,238,0.5126,0.0205,2.6924
RSI14_중립반등(40~50) + ADX14_강세(25이상) + OBV_SMA위,3,123,0.5122,0.0117,1.412
RSI14_과매도(35이하) + OBV_SMA위,2,82,0.5122,0.0193,1.9874
RSI14_과매도(35이하) + STOCH14_과매도(20이하) + 거래량_증가(1.5배),3,43,0.5116,-0.0065,-0.401
가격_SMA50_위 + 거래량_급증(2배이상),2,45,0.5111,0.0088,0.2586
가격_SMA50_위 + 거래량_급증(2배이상) + 거래량_증가(1.5배),3,45,0.5111,0.0088,0.2586
RSI14_과매도(30이하) + RSI21_과매도(30이하) + BB_%B_과매도(0.2이하),3,94,0.5106,0.0522,8.0044
가격_SMA200_위 + STOCH14_과매도(20이하) + STOCH14_골든크로스,3,47,0.5106,-0.0044,-0.4456
가격_SMA50_위 + OBV_SMA위,2,1150,0.5104,0.0077,0.4211
STOCH14_과매도(20이하) + STOCH21_과매도(20이하) + ADX14_강세(25이상),3,439,0.5103,0.0196,66.3285
RSI14_과매도(30이하) + RSI21_과매도(30이하) + ADX14_강세(25이상),3,145,0.5103,0.042,21.0759
RSI14_중립반등(40~50) + 가격_SMA200_위 + ADX14_추세상승(+DI>-DI),3,98,0.5102,0.0032,-0.098
MACD_히스토_증가 + BB_%B_중간반등 + ADX14_추세상승(+DI>-DI),3,98,0.5102,0.0023,-0.1698
SMA20_골든크로스(50) + 가격_SMA50_위 + BB_%B_중간반등,3,49,0.5102,0.0045,0.0366
MACD_히스토_증가 + 거래량_급증(2배이상),2,51,0.5098,0.0227,1.3193
MACD_히스토_증가 + 거래량_급증(2배이상) + 거래량_증가(1.5배),3,51,0.5098,0.0227,1.3193
가격_SMA200_위 + STOCH21_과매도(20이하),2,259,0.5097,0.0025,-0.6929
가격_SMA200_위 + STOCH14_골든크로스 + STOCH21_과매도(20이하),3,53,0.5094,-0.0039,-0.481
가격_SMA50_위,1,1585,0.5091,0.0055,-0.9593
SMA20_골든크로스(50) + BB_%B_중간반등 + ADX14_추세상승(+DI>-DI),3,55,0.5091,0.0062,0.1459
RSI14_과매도(35이하) + STOCH14_과매도(20이하) + ADX14_강세(25이상),3,334,0.509,0.0229,37.9077
RSI14_과매도(35이하) + MACD_히스토_증가 + STOCH14_과매도(20이하),3,222,0.509,0.029,63.5338
STOCH14_과매도(20이하) + ADX14_강세(25이상),2,509,0.5088,0.0186,116.6314
STOCH14_골든크로스 + OBV_SMA위,2,340,0.5088,0.0102,2.9425
가격_SMA200_위 + BB_하단터치(1.5σ) + STOCH14_과매도(20이하),3,114,0.5088,-0.0055,-0.8033
RSI14_중립반등(40~50) + OBV_SMA위,2,236,0.5085,0.0173,9.5769
MACD_골든크로스 + 가격_SMA50_위,2,59,0.5085,0.0036,-0.1923
MACD_히스토_전환(+) + 가격_SMA50_위,2,59,0.5085,0.0036,-0.1923
MACD_골든크로스 + MACD_히스토_전환(+) + 가격_SMA50_위,3,59,0.5085,0.0036,-0.1923
MACD_골든크로스 + MACD_히스토_증가 + 가격_SMA50_위,3,59,0.5085,0.0036,-0.1923
MACD_히스토_전환(+) + MACD_히스토_증가 + 가격_SMA50_위,3,59,0.5085,0.0036,-0.1923
MACD_히스토_증가 + STOCH21_과매도(20이하),2,364,0.5082,0.0252,410.9472
BB_하단터치(2σ) + STOCH21_과매도(20이하),2,124,0.5081,-0.0054,-0.7939
BB_하단터치(2σ) + BB_하단터치(1.5σ) + STOCH21_과매도(20이하),3,124,0.5081,-0.0054,-0.7939
BB_하단터치(2σ) + BB_%B_과매도(0.2이하) + STOCH21_과매도(20이하),3,124,0.5081,-0.0054,-0.7939
가격_SMA200_위,1,1583,0.5079,0.0065,1.4809
RSI14_과매도(30이하) + RSI21_과매도(30이하) + STOCH14_과매도(20이하),3,128,0.5078,0.0448,14.7138
가격_SMA200_위 + STOCH14_과매도(20이하),2,270,0.5074,0.0042,-0.4607
MACD_히스토_증가 + SMA20_골든크로스(50) + BB_%B_중간반등,3,71,0.507,-0.0004,-0.2565
RSI14_중립반등(40~50) + MACD_히스토_증가 + OBV_SMA위,3,144,0.5069,0.0039,-0.1459
RSI14_과매도(35이하) + BB_하단터치(1.5σ),2,241,0.5062,0.0194,1.9746
RSI14_과매도(35이하) + BB_하단터치(1.5σ) + BB_%B_과매도(0.2이하),3,241,0.5062,0.0194,1.9746
RSI14_과매도(35이하) + BB_하단터치(1.5σ) + ADX14_강세(25이상),3,162,0.5062,0.0238,3.1561
MACD_히스토_증가 + OBV_SMA위,2,947,0.5058,0.0043,-0.9627
MACD_히스토_증가 + SMA20_골든크로스(50) + ADX14_추세상승(+DI>-DI),3,97,0.5052,0.0084,-0.1305
RSI14_과매도(35이하) + MACD_히스토_증가 + 가격_SMA200_위,3,99,0.5051,0.0143,1.3265
거래량_증가(1.5배) + OBV_SMA위,2,202,0.505,0.0093,0.1892
가격_SMA200_위 + STOCH14_과매도(20이하) + STOCH21_과매도(20이하),3,212,0.5047,-0.0003,-0.8072
MACD_골든크로스,1,113,0.5044,0.0101,0.6007
MACD_히스토_전환(+),1,113,0.5044,0.0101,0.6007
MACD_골든크로스 + MACD_히스토_전환(+),2,113,0.5044,0.0101,0.6007
MACD_골든크로스 + MACD_히스토_증가,2,113,0.5044,0.0101,0.6007
MACD_히스토_전환(+) + MACD_히스토_증가,2,113,0.5044,0.0101,0.6007
RSI14_과매도(30이하) + RSI21_과매도(30이하) + MACD_히스토_증가,3,113,0.5044,0.0321,7.8164
MACD_골든크로스 + MACD_히스토_전환(+) + MACD_히스토_증가,3,113,0.5044,0.0101,0.6007
MACD_히스토_증가 + ADX14_강세(25이상),2,1075,0.5042,0.0078,2.8501
BB_%B_과매도(0.2이하) + STOCH14_과매도(20이하) + STOCH14_골든크로스,3,119,0.5042,0.0115,0.7407
MACD_히스토_증가 + BB_%B_중간반등,2,254,0.5039,0.0027,-0.5637
MACD_히스토_증가 + ADX14_강세(25이상) + ADX14_추세상승(+DI>-DI),3,526,0.5038,0.0007,-0.9549
RSI14_과매도(30이하) + RSI21_과매도(30이하) + STOCH21_과매도(20이하),3,147,0.5034,0.0383,11.6388
MACD_히스토_증가 + SMA20_골든크로스(50),2,161,0.5031,0.0063,-0.1975
RSI21_과매도(30이하),1,241,0.5021,0.0265,16.5095
MACD_히스토_증가 + 가격_SMA50_위 + ADX14_강세(25이상),3,504,0.502,0.0033,-0.6202
MACD_히스토_증가 + ADX14_추세상승(+DI>-DI) + OBV_SMA위,3,684,0.5,0.0028,-0.9827
RSI14_중립반등(40~50) + ADX14_강세(25이상),2,316,0.5,0.0083,2.8037
SMA20_골든크로스(50),1,188,0.5,0.0094,0.4323
RSI14_과매도(35이하) + RSI21_과매도(30이하) + MACD_히스토_증가,3,132,0.5,0.0287,8.6512
BB_하단터치(2σ),1,126,0.5,-0.0066,-0.8275
BB_하단터치(2σ) + BB_하단터치(1.5σ),2,126,0.5,-0.0066,-0.8275
BB_하단터치(2σ) + BB_%B_과매도(0.2이하),2,126,0.5,-0.0066,-0.8275
MACD_히스토_증가 + ADX14_강세(25이상) + 거래량_증가(1.5배),3,126,0.5,-0.0003,-0.4513
BB_하단터치(2σ) + BB_하단터치(1.5σ) + BB_%B_과매도(0.2이하),3,126,0.5,-0.0066,-0.8275
BB_하단터치(2σ) + STOCH14_과매도(20이하),2,122,0.5,-0.0062,-0.8101
RSI14_과매도(35이하) + 가격_SMA200_위 + ADX14_강세(25이상),3,122,0.5,-0.0004,-0.649
BB_하단터치(2σ) + BB_하단터치(1.5σ) + STOCH14_과매도(20이하),3,122,0.5,-0.0062,-0.8101
BB_하단터치(2σ) + BB_%B_과매도(0.2이하) + STOCH14_과매도(20이하),3,122,0.5,-0.0062,-0.8101
BB_하단터치(2σ) + STOCH14_과매도(20이하) + STOCH21_과매도(20이하),3,122,0.5,-0.0062,-0.8101
MACD_히스토_증가 + 가격_SMA200_위 + STOCH21_과매도(20이하),3,102,0.5,0.0194,2.5547
RSI14_과매도(35이하) + RSI7_과매도(25이하) + RSI21_과매도(30이하),3,98,0.5,0.053,8.274
STOCH21_과매도(20이하) + ADX14_강세(25이상) + OBV_SMA위,3,86,0.5,0.018,1.7658
RSI7_과매도(25이하) + BB_하단터치(2σ) + STOCH21_과매도(20이하),3,82,0.5,-0.0035,-0.668
RSI14_중립반등(40~50) + RSI7_과매도(25이하) + STOCH14_과매도(20이하),3,78,0.5,0.001,-0.2699
RSI14_중립반등(40~50) + MACD_히스토_증가 + ADX14_추세상승(+DI>-DI),3,72,0.5,-0.0121,-0.6862
RSI7_과매도(25이하) + RSI21_과매도(30이하) + BB_하단터치(1.5σ),3,72,0.5,0.0423,1.43
RSI14_과매도(35이하) + ADX14_강세(25이상) + OBV_SMA위,3,70,0.5,0.0123,0.5681
MACD_히스토_증가 + 가격_SMA200_위 + STOCH14_과매도(20이하),3,70,0.5,0.0214,1.5219
가격_SMA200_위 + BB_하단터치(1.5σ) + ADX14_강세(25이상),3,68,0.5,-0.0083,-0.723
RSI14_과매도(30이하) + 가격_SMA200_위 + ADX14_강세(25이상),3,64,0.5,-0.0096,-0.7384
SMA20_골든크로스(50) + 가격_SMA50_위 + OBV_SMA위,3,64,0.5,0.0057,-0.0014
MACD_골든크로스 + 가격_SMA200_위,2,56,0.5,0.0033,-0.0353
MACD_히스토_전환(+) + 가격_SMA200_위,2,56,0.5,0.0033,-0.0353
MACD_골든크로스 + MACD_히스토_전환(+) + 가격_SMA200_위,3,56,0.5,0.0033,-0.0353
MACD_골든크로스 + MACD_히스토_증가 + 가격_SMA200_위,3,56,0.5,0.0033,-0.0353
MACD_히스토_전환(+) + MACD_히스토_증가 + 가격_SMA200_위,3,56,0.5,0.0033,-0.0353
RSI14_과매도(30이하) + 가격_SMA200_위 + BB_%B_과매도(0.2이하),3,52,0.5,-0.0182,-0.8268
MACD_골든크로스 + 가격_SMA50_위 + ADX14_추세상승(+DI>-DI),3,50,0.5,0.0009,-0.2893
MACD_히스토_전환(+) + 가격_SMA50_위 + ADX14_추세상승(+DI>-DI),3,50,0.5,0.0009,-0.2893
EMA7_골든크로스(20) + ADX14_추세상승(+DI>-DI) + OBV_SMA위,3,50,0.5,-0.0166,-0.6991
RSI14_과매도(30이하) + RSI7_과매도(25이하) + BB_하단터치(2σ),3,46,0.5,-0.0258,-0.8095
RSI14_중립반등(40~50) + BB_%B_중간반등 + STOCH14_골든크로스,3,44,0.5,-0.0036,-0.253
MACD_골든크로스 + 가격_SMA200_위 + 가격_SMA50_위,3,42,0.5,-0.0012,-0.2124
MACD_히스토_전환(+) + 가격_SMA200_위 + 가격_SMA50_위,3,42,0.5,-0.0012,-0.2124
RSI14_과매도(30이하) + OBV_SMA위,2,38,0.5,0.0089,0.178
RSI14_과매도(30이하) + RSI14_과매도(35이하) + OBV_SMA위,3,38,0.5,0.0089,0.178
RSI14_과매도(35이하) + BB_%B_과매도(0.2이하) + 거래량_증가(1.5배),3,38,0.5,-0.0073,-0.3917
RSI14_과매도(30이하) + RSI7_과매도(25이하) + 가격_SMA200_위,3,34,0.5,-0.0443,-0.8791
RSI14_과매도(30이하) + MACD_히스토_증가 + OBV_SMA위,3,30,0.5,0.0103,0.2031
RSI14_중립반등(40~50) + STOCH14_골든크로스 + STOCH21_과매도(20이하),3,30,0.5,0.0151,0.1745
RSI7_과매도(25이하) + RSI21_과매도(30이하) + STOCH14_골든크로스,3,30,0.5,0.0268,0.6706
EMA7_골든크로스(20) + 가격_SMA200_위 + OBV_SMA위,3,30,0.5,-0.0067,-0.2728
RSI21_과매도(30이하) + MACD_히스토_증가 + BB_하단터치(1.5σ),3,28,0.5,0.038,0.8844
RSI21_과매도(30이하) + 가격_SMA200_위 + STOCH21_과매도(20이하),3,28,0.5,-0.0521,-0.8689
RSI14_과매도(30이하) + STOCH14_과매도(20이하) + OBV_SMA위,3,26,0.5,0.0043,0.0087
RSI7_과매도(25이하) + 가격_SMA50_위 + BB_%B_중간반등,3,26,0.5,0.0151,0.3121
가격_SMA200_위 + STOCH21_과매도(20이하) + OBV_SMA위,3,26,0.5,0.0357,1.0734
STOCH14_골든크로스 + STOCH21_과매도(20이하) + OBV_SMA위,3,24,0.5,0.0367,0.8101
RSI7_과매도(25이하) + 가격_SMA200_위 + BB_%B_중간반등,3,22,0.5,0.006,0.0357
EMA20_골든크로스(50) + ADX14_추세상승(+DI>-DI) + OBV_SMA위,3,22,0.5,-0.0118,-0.4018
BB_%B_중간반등 + STOCH14_과매도(20이하) + ADX14_강세(25이상),3,22,0.5,0.0163,0.3233
EMA20_골든크로스(50) + 가격_SMA50_위 + OBV_SMA위,3,20,0.5,-0.0003,-0.1812
BB_하단터치(2σ) + STOCH14_과매도(20이하) + 거래량_증가(1.5배),3,20,0.5,0.0227,0.3368
BB_하단터치(2σ) + STOCH21_과매도(20이하) + 거래량_증가(1.5배),3,20,0.5,0.0227,0.3368
MACD_히스토_증가,1,1622,0.4994,0.008,-0.1417
RSI21_과매도(30이하) + ADX14_강세(25이상),2,223,0.4978,0.0312,38.4929
MACD_히스토_증가 + STOCH14_골든크로스 + OBV_SMA위,3,221,0.4977,0.0015,-0.5623
가격_SMA200_위 + 가격_SMA50_위 + BB_%B_중간반등,3,195,0.4974,0.006,0.3835
가격_SMA200_위 + 거래량_증가(1.5배),2,187,0.4973,-0.0028,-0.7264
RSI14_과매도(35이하) + RSI21_과매도(30이하),2,181,0.4972,0.0296,7.0033
MACD_히스토_증가 + ADX14_추세상승(+DI>-DI),2,837,0.497,0.0016,-0.9948
RSI14_중립반등(40~50),1,670,0.497,0.0056,-0.681
RSI14_과매도(35이하) + RSI21_과매도(30이하) + ADX14_강세(25이상),3,169,0.497,0.036,18.8853
BB_%B_과매도(0.2이하) + STOCH14_골든크로스,2,133,0.4962,0.0114,0.9122
BB_%B_과매도(0.2이하) + STOCH14_골든크로스 + STOCH21_과매도(20이하),3,125,0.496,0.0114,0.8028
SMA20_골든크로스(50) + ADX14_추세상승(+DI>-DI),2,119,0.4958,0.0087,0.0176
RSI14_중립반등(40~50) + BB_%B_중간반등 + ADX14_강세(25이상),3,115,0.4957,0.0067,0.395
RSI7_과매도(25이하) + RSI21_과매도(30이하) + STOCH14_과매도(20이하),3,101,0.495,0.0538,11.068
RSI7_과매도(25이하) + 가격_SMA200_위 + BB_%B_과매도(0.2이하),3,97,0.4948,-0.0127,-0.8936
RSI14_중립반등(40~50) + 가격_SMA200_위 + BB_%B_중간반등,3,93,0.4946,-0.0021,-0.3928
가격_SMA50_위 + BB_%B_중간반등,2,275,0.4945,0.0033,-0.724
STOCH14_골든크로스 + ADX14_강세(25이상),2,431,0.4942,0.0053,-0.0756
가격_SMA50_위 + BB_%B_중간반등 + ADX14_강세(25이상),3,166,0.494,0.0084,0.7489
RSI14_과매도(30이하) + 가격_SMA200_위,2,83,0.494,-0.0106,-0.8268
RSI14_과매도(30이하) + RSI14_과매도(35이하) + 가격_SMA200_위,3,83,0.494,-0.0106,-0.8268
RSI7_과매도(25이하) + BB_하단터치(2σ) + STOCH14_과매도(20이하),3,81,0.4938,-0.004,-0.6806
RSI14_과매도(35이하) + RSI21_과매도(30이하) + BB_하단터치(1.5σ),3,71,0.493,0.0383,0.7315
SMA20_골든크로스(50) + 가격_SMA50_위 + ADX14_추세상승(+DI>-DI),3,67,0.4925,0.0094,0.369
RSI14_중립반등(40~50) + MACD_히스토_증가 + BB_%B_중간반등,3,132,0.4924,-0.0015,-0.683
MACD_히스토_증가 + 가격_SMA50_위 + OBV_SMA위,3,647,0.4915,0.0037,-0.8842
MACD_히스토_증가 + 가격_SMA50_위 + STOCH14_골든크로스,3,222,0.491,-0.0019,-0.8631
ADX14_추세상승(+DI>-DI) + 거래량_증가(1.5배),2,210,0.4905,0.0093,0.2366
MACD_히스토_증가 + 가격_SMA50_위 + ADX14_추세상승(+DI>-DI),3,663,0.4902,0.0021,-0.953
RSI14_과매도(30이하) + BB_하단터치(2σ),2,51,0.4902,-0.0266,-0.8412
RSI14_과매도(30이하) + RSI14_과매도(35이하) + BB_하단터치(2σ),3,51,0.4902,-0.0266,-0.8412
RSI14_과매도(30이하) + BB_하단터치(2σ) + BB_하단터치(1.5σ),3,51,0.4902,-0.0266,-0.8412
RSI14_과매도(30이하) + BB_하단터치(2σ) + BB_%B_과매도(0.2이하),3,51,0.4902,-0.0266,-0.8412
RSI14_과매도(30이하) + BB_하단터치(2σ) + STOCH14_과매도(20이하),3,51,0.4902,-0.0266,-0.8412
RSI14_과매도(30이하) + BB_하단터치(2σ) + STOCH21_과매도(20이하),3,51,0.4902,-0.0266,-0.8412
MACD_히스토_증가 + BB_%B_중간반등 + ADX14_강세(25이상),3,147,0.4898,0.0012,-0.3612
MACD_골든크로스 + 가격_SMA50_위 + OBV_SMA위,3,49,0.4898,-0.0014,-0.3733
MACD_히스토_전환(+) + 가격_SMA50_위 + OBV_SMA위,3,49,0.4898,-0.0014,-0.3733
MACD_히스토_증가 + 가격_SMA200_위 + ADX14_강세(25이상),3,530,0.4887,0.0026,-0.6651
SMA20_골든크로스(50) + 가격_SMA200_위,2,86,0.4884,-0.0067,-0.569
EMA7_골든크로스(20) + 가격_SMA200_위,2,43,0.4884,-0.0105,-0.4453
RSI14_과매도(35이하) + STOCH21_과매도(20이하) + 거래량_증가(1.5배),3,43,0.4884,-0.0092,-0.4688
MACD_히스토_증가 + EMA7_골든크로스(20) + 가격_SMA200_위,3,43,0.4884,-0.0105,-0.4453
RSI7_과매도(25이하) + BB_하단터치(2σ),2,84,0.4881,-0.0054,-0.7221
RSI7_과매도(25이하) + BB_하단터치(2σ) + BB_하단터치(1.5σ),3,84,0.4881,-0.0054,-0.7221
RSI7_과매도(25이하) + BB_하단터치(2σ) + BB_%B_과매도(0.2이하),3,84,0.4881,-0.0054,-0.7221
RSI14_과매도(35이하) + 가격_SMA200_위,2,166,0.488,-0.0046,-0.8763
MACD_히스토_증가 + 거래량_급증(2배이상) + OBV_SMA위,3,39,0.4872,0.0211,0.74
RSI14_중립반등(40~50) + 가격_SMA200_위,2,304,0.4868,0.0052,0.4453
MACD_히스토_증가 + 가격_SMA200_위 + STOCH14_골든크로스,3,226,0.4867,0.0028,-0.3767
RSI14_과매도(30이하) + STOCH14_과매도(20이하) + STOCH14_골든크로스,3,74,0.4865,0.0175,0.546
RSI7_과매도(25이하) + MACD_히스토_증가 + 가격_SMA200_위,3,37,0.4865,0.0009,-0.2188
RSI7_과매도(25이하) + RSI21_과매도(30이하),2,109,0.4862,0.0483,8.5387
RSI7_과매도(25이하) + RSI21_과매도(30이하) + STOCH21_과매도(20이하),3,109,0.4862,0.0483,8.5387
STOCH14_골든크로스,1,648,0.4861,0.0063,-0.3361
RSI14_과매도(30이하) + RSI21_과매도(30이하) + STOCH14_골든크로스,3,35,0.4857,0.0186,0.3546
MACD_히스토_증가 + 가격_SMA50_위 + 거래량_급증(2배이상),3,35,0.4857,0.0069,0.1155
RSI14_중립반등(40~50) + BB_%B_중간반등,2,206,0.4854,0.0008,-0.8238
SMA20_골든크로스(50) + 가격_SMA50_위,2,103,0.4854,0.006,0.1447
RSI14_중립반등(40~50) + 가격_SMA50_위 + OBV_SMA위,3,99,0.4848,0.0151,1.3906
EMA7_골든크로스(20) + ADX14_추세상승(+DI>-DI),2,66,0.4848,-0.0168,-0.7806
SMA20_골든크로스(50) + 가격_SMA200_위 + 가격_SMA50_위,3,66,0.4848,-0.0083,-0.5336
MACD_히스토_증가 + ADX14_추세상승(+DI>-DI) + 거래량_급증(2배이상),3,33,0.4848,0.0259,0.8468
EMA7_골든크로스(20) + OBV_SMA위,2,64,0.4844,-0.0148,-0.7446
MACD_골든크로스 + SMA20_골든크로스(50),2,31,0.4839,0.0053,0.0154
MACD_히스토_전환(+) + SMA20_골든크로스(50),2,31,0.4839,0.0053,0.0154
MACD_골든크로스 + MACD_히스토_전환(+) + SMA20_골든크로스(50),3,31,0.4839,0.0053,0.0154
MACD_골든크로스 + MACD_히스토_증가 + SMA20_골든크로스(50),3,31,0.4839,0.0053,0.0154
MACD_히스토_전환(+) + MACD_히스토_증가 + SMA20_골든크로스(50),3,31,0.4839,0.0053,0.0154
MACD_히스토_증가 + 가격_SMA200_위 + OBV_SMA위,3,523,0.4837,0.003,-0.7754
MACD_히스토_증가 + 가격_SMA50_위,2,830,0.4831,0.0004,-0.9971
EMA7_골든크로스(20),1,87,0.4828,-0.0106,-0.7584
MACD_히스토_증가 + BB_%B_중간반등 + OBV_SMA위,3,139,0.482,0.0004,-0.4699
RSI14_중립반등(40~50) + MACD_히스토_증가 + STOCH14_골든크로스,3,83,0.4819,-0.0038,-0.6862
MACD_히스토_증가 + 가격_SMA200_위 + BB_%B_중간반등,3,110,0.4818,-0.0051,-0.6319
RSI21_과매도(30이하) + BB_하단터치(1.5σ) + STOCH14_과매도(20이하),3,81,0.4815,0.0336,0.6751
BB_%B_과매도(0.2이하) + STOCH14_골든크로스 + ADX14_강세(25이상),3,81,0.4815,0.01,0.4013
EMA20_골든크로스(50) + 가격_SMA50_위,2,27,0.4815,-0.0008,-0.2205
RSI14_중립반등(40~50) + RSI7_과매도(25이하) + 가격_SMA50_위,3,27,0.4815,0.0002,-0.1715
RSI14_중립반등(40~50) + SMA20_골든크로스(50) + 가격_SMA50_위,3,27,0.4815,0.0081,0.1168
RSI7_과매도(25이하) + BB_%B_중간반등 + ADX14_추세상승(+DI>-DI),3,27,0.4815,0.0103,0.1602
MACD_골든크로스 + ADX14_추세상승(+DI>-DI) + OBV_SMA위,3,52,0.4808,0.0013,-0.3016
MACD_히스토_전환(+) + ADX14_추세상승(+DI>-DI) + OBV_SMA위,3,52,0.4808,0.0013,-0.3016
SMA20_골든크로스(50) + BB_%B_중간반등 + ADX14_강세(25이상),3,52,0.4808,-0.0038,-0.3321
RSI14_중립반등(40~50) + 가격_SMA200_위 + STOCH14_과매도(20이하),3,102,0.4804,0.0075,0.4937
RSI7_과매도(25이하) + RSI21_과매도(30이하) + BB_%B_과매도(0.2이하),3,100,0.48,0.0441,4.0662
RSI7_과매도(25이하) + MACD_히스토_증가 + STOCH14_골든크로스,3,50,0.48,0.0208,0.7161
RSI14_중립반등(40~50) + RSI21_과매도(30이하),2,25,0.48,0.0015,-0.0663
EMA7_골든크로스(20) + STOCH14_골든크로스,2,25,0.48,-0.0005,-0.0983
RSI14_과매도(30이하) + ADX14_강세(25이상) + 거래량_증가(1.5배),3,25,0.48,-0.0047,-0.2374
MACD_히스토_증가 + EMA7_골든크로스(20) + STOCH14_골든크로스,3,25,0.48,-0.0005,-0.0983
EMA20_골든크로스(50) + 가격_SMA50_위 + ADX14_추세상승(+DI>-DI),3,25,0.48,-0.0023,-0.2424
가격_SMA50_위 + BB_%B_중간반등 + 거래량_증가(1.5배),3,25,0.48,0.01,0.1404
RSI14_중립반등(40~50) + 가격_SMA50_위 + ADX14_강세(25이상),3,121,0.4793,0.0097,0.9514
RSI7_과매도(25이하) + 가격_SMA200_위 + STOCH14_과매도(20이하),3,121,0.4793,-0.0093,-0.8887
RSI7_과매도(25이하) + RSI21_과매도(30이하) + ADX14_강세(25이상),3,94,0.4787,0.0638,23.49
EMA20_골든크로스(50) + OBV_SMA위,2,23,0.4783,-0.0146,-0.4469
RSI14_중립반등(40~50) + RSI21_과매도(30이하) + STOCH21_과매도(20이하),3,23,0.4783,0.0017,-0.0555
RSI14_중립반등(40~50) + STOCH14_과매도(20이하) + 거래량_증가(1.5배),3,23,0.4783,0.0028,-0.0245
RSI7_과매도(25이하) + 가격_SMA200_위,2,159,0.478,-0.0083,-0.9294
RSI14_중립반등(40~50) + MACD_히스토_증가 + ADX14_강세(25이상),3,157,0.4777,0.0019,-0.2885
RSI14_과매도(30이하) + 가격_SMA200_위 + STOCH14_과매도(20이하),3,67,0.4776,-0.0146,-0.8367
RSI7_과매도(25이하) + STOCH14_골든크로스 + ADX14_강세(25이상),3,67,0.4776,0.0185,0.9102
RSI14_중립반등(40~50) + STOCH14_골든크로스 + OBV_SMA위,3,44,0.4773,0.027,0.9718
SMA20_골든크로스(50) + STOCH14_골든크로스 + OBV_SMA위,3,44,0.4773,0.0093,0.1394
가격_SMA50_위 + 거래량_증가(1.5배),2,197,0.4772,-0.0022,-0.7844
RSI14_과매도(35이하) + RSI21_과매도(30이하) + STOCH21_과매도(20이하),3,174,0.477,0.0277,3.8176
RSI14_중립반등(40~50) + STOCH14_골든크로스,2,130,0.4769,0.0037,-0.5823
MACD_히스토_증가 + EMA7_골든크로스(20) + ADX14_추세상승(+DI>-DI),3,65,0.4769,-0.0183,-0.7975
MACD_히스토_증가 + EMA7_골든크로스(20),2,86,0.4767,-0.0117,-0.777
MACD_히스토_증가 + 거래량_증가(1.5배),2,191,0.4764,-0.0005,-0.7086
MACD_히스토_증가 + EMA7_골든크로스(20) + OBV_SMA위,3,63,0.4762,-0.0164,-0.7643
RSI7_과매도(25이하) + BB_하단터치(2σ) + ADX14_강세(25이상),3,42,0.4762,-0.0143,-0.6409
BB_하단터치(2σ) + 거래량_증가(1.5배),2,21,0.4762,0.0151,0.1559
BB_하단터치(2σ) + BB_하단터치(1.5σ) + 거래량_증가(1.5배),3,21,0.4762,0.0151,0.1559
BB_하단터치(2σ) + BB_%B_과매도(0.2이하) + 거래량_증가(1.5배),3,21,0.4762,0.0151,0.1559
MACD_히스토_증가 + STOCH14_골든크로스 + ADX14_강세(25이상),3,290,0.4759,0.0034,-0.4479
RSI21_과매도(30이하) + BB_하단터치(1.5σ),2,82,0.4756,0.0328,0.6225
RSI21_과매도(30이하) + BB_하단터치(1.5σ) + BB_%B_과매도(0.2이하),3,82,0.4756,0.0328,0.6225
RSI21_과매도(30이하) + BB_하단터치(1.5σ) + STOCH21_과매도(20이하),3,82,0.4756,0.0328,0.6225
RSI7_과매도(25이하) + RSI21_과매도(30이하) + MACD_히스토_증가,3,61,0.4754,0.0553,7.19
RSI14_과매도(30이하) + STOCH14_골든크로스 + STOCH21_과매도(20이하),3,80,0.475,0.0136,0.2433
RSI21_과매도(30이하) + MACD_히스토_증가 + STOCH21_과매도(20이하),3,158,0.4747,0.0238,7.2711
RSI14_과매도(35이하) + 가격_SMA200_위 + BB_%B_과매도(0.2이하),3,97,0.4742,-0.0119,-0.8958
MACD_히스토_증가 + STOCH14_골든크로스,2,422,0.4739,0.0039,-0.7369
RSI14_과매도(35이하) + RSI21_과매도(30이하) + BB_%B_과매도(0.2이하),3,114,0.4737,0.0372,3.0401
RSI14_과매도(35이하) + STOCH14_과매도(20이하) + OBV_SMA위,3,38,0.4737,0.007,0.0161
RSI14_과매도(35이하) + RSI21_과매도(30이하) + STOCH14_과매도(20이하),3,148,0.473,0.0329,4.7101
MACD_히스토_증가 + SMA20_골든크로스(50) + 가격_SMA200_위,3,74,0.473,-0.0118,-0.6716
가격_SMA200_위 + BB_%B_중간반등 + OBV_SMA위,3,129,0.4729,-0.0038,-0.6465
MACD_히스토_증가 + 가격_SMA200_위,2,808,0.4728,0.0012,-0.9631
MACD_히스토_증가 + SMA20_골든크로스(50) + 가격_SMA50_위,3,91,0.4725,0.0035,-0.1149
MACD_히스토_증가 + 가격_SMA200_위 + ADX14_추세상승(+DI>-DI),3,523,0.4723,-0.0005,-0.9568
RSI14_중립반등(40~50) + MACD_히스토_증가,2,307,0.4723,-0.005,-0.9774
RSI21_과매도(30이하) + MACD_히스토_증가 + BB_%B_과매도(0.2이하),3,72,0.4722,0.0372,3.8368
가격_SMA50_위 + ADX14_추세상승(+DI>-DI) + 거래량_증가(1.5배),3,161,0.472,-0.0034,-0.7725
RSI21_과매도(30이하) + BB_%B_과매도(0.2이하) + STOCH14_과매도(20이하),3,125,0.472,0.0364,4.4463
RSI14_중립반등(40~50) + BB_%B_중간반등 + OBV_SMA위,3,106,0.4717,0.0135,1.1014
RSI14_과매도(35이하) + MACD_히스토_증가 + BB_하단터치(1.5σ),3,53,0.4717,0.019,0.6902
MACD_히스토_증가 + STOCH14_골든크로스 + STOCH21_과매도(20이하),3,104,0.4712,0.0177,1.4839
MACD_히스토_증가 + 가격_SMA200_위 + 가격_SMA50_위,3,588,0.4711,-0.0016,-0.9828
RSI21_과매도(30이하) + STOCH21_과매도(20이하),2,225,0.4711,0.0238,5.6768
SMA20_골든크로스(50) + ADX14_강세(25이상),2,102,0.4706,-0.0092,-0.8313
SMA20_골든크로스(50) + 가격_SMA200_위 + ADX14_강세(25이상),3,51,0.4706,-0.0187,-0.6758
EMA7_골든크로스(20) + 가격_SMA50_위 + ADX14_추세상승(+DI>-DI),3,51,0.4706,-0.0115,-0.6111
RSI14_과매도(30이하) + BB_하단터치(1.5σ) + STOCH14_골든크로스,3,34,0.4706,-0.0105,-0.4968
RSI14_과매도(30이하) + STOCH21_과매도(20이하) + OBV_SMA위,3,34,0.4706,0.0001,-0.1336
RSI7_과매도(25이하) + 가격_SMA200_위 + BB_하단터치(1.5σ),3,66,0.4697,-0.0152,-0.8432
가격_SMA50_위 + 거래량_증가(1.5배) + OBV_SMA위,3,147,0.4694,-0.0076,-0.8649
가격_SMA200_위 + 가격_SMA50_위 + 거래량_증가(1.5배),3,145,0.469,-0.0074,-0.8117
STOCH14_골든크로스 + STOCH21_과매도(20이하),2,177,0.4689,0.0104,0.4186
RSI14_과매도(30이하) + ADX14_강세(25이상) + OBV_SMA위,3,32,0.4688,-0.0005,-0.1364
SMA20_골든크로스(50) + ADX14_강세(25이상) + ADX14_추세상승(+DI>-DI),3,62,0.4677,-0.01,-0.7227
RSI21_과매도(30이하) + MACD_히스토_증가 + STOCH14_과매도(20이하),3,107,0.4673,0.0321,6.6107
RSI14_중립반등(40~50) + MACD_히스토_증가 + 가격_SMA200_위,3,137,0.4672,-0.0025,-0.5531
MACD_히스토_증가 + SMA20_골든크로스(50) + 거래량_증가(1.5배),3,30,0.4667,0.0176,0.2145
MACD_히스토_증가 + SMA20_골든크로스(50) + ADX14_강세(25이상),3,88,0.4659,-0.014,-0.868
RSI21_과매도(30이하) + BB_%B_과매도(0.2이하),2,131,0.4656,0.0318,2.5621
BB_하단터치(2σ) + ADX14_강세(25이상),2,71,0.4648,-0.0173,-0.8223
RSI14_중립반등(40~50) + BB_%B_중간반등 + ADX14_추세상승(+DI>-DI),3,71,0.4648,-0.0029,-0.4334
BB_하단터치(2σ) + BB_하단터치(1.5σ) + ADX14_강세(25이상),3,71,0.4648,-0.0173,-0.8223
BB_하단터치(2σ) + BB_%B_과매도(0.2이하) + ADX14_강세(25이상),3,71,0.4648,-0.0173,-0.8223
BB_하단터치(2σ) + STOCH21_과매도(20이하) + ADX14_강세(25이상),3,71,0.4648,-0.0173,-0.8223
RSI21_과매도(30이하) + STOCH14_과매도(20이하),2,170,0.4647,0.0297,5.3751
RSI14_과매도(35이하) + 가격_SMA200_위 + STOCH21_과매도(20이하),3,127,0.4646,-0.0116,-0.9293
MACD_히스토_증가 + STOCH14_과매도(20이하) + STOCH14_골든크로스,3,84,0.4643,0.0182,0.9539
RSI14_과매도(35이하) + BB_하단터치(1.5σ) + 거래량_증가(1.5배),3,28,0.4643,-0.0095,-0.3292
SMA20_골든크로스(50) + 거래량_증가(1.5배) + OBV_SMA위,3,28,0.4643,0.0145,0.0803
RSI21_과매도(30이하) + STOCH21_과매도(20이하) + ADX14_강세(25이상),3,207,0.4638,0.0287,14.0595
EMA7_골든크로스(20) + 가격_SMA50_위,2,69,0.4638,-0.0092,-0.6564
RSI14_과매도(30이하) + 가격_SMA200_위 + STOCH21_과매도(20이하),3,69,0.4638,-0.0189,-0.8813
MACD_히스토_증가 + EMA7_골든크로스(20) + 가격_SMA50_위,3,69,0.4638,-0.0092,-0.6564
가격_SMA200_위 + 거래량_증가(1.5배) + OBV_SMA위,3,123,0.4634,-0.0127,-0.8684
RSI14_과매도(30이하) + STOCH14_골든크로스,2,82,0.4634,0.012,0.1159
RSI14_과매도(30이하) + RSI14_과매도(35이하) + STOCH14_골든크로스,3,82,0.4634,0.012,0.1159
ADX14_추세상승(+DI>-DI) + 거래량_증가(1.5배) + OBV_SMA위,3,162,0.463,0.0065,-0.3946
RSI7_과매도(25이하) + 가격_SMA200_위 + STOCH21_과매도(20이하),3,108,0.463,-0.0175,-0.9484
RSI14_과매도(30이하) + STOCH14_골든크로스 + ADX14_강세(25이상),3,67,0.4627,0.008,-0.0652
가격_SMA50_위 + BB_%B_중간반등 + OBV_SMA위,3,145,0.4621,0.0014,-0.3801
RSI21_과매도(30이하) + STOCH14_과매도(20이하) + STOCH21_과매도(20이하),3,169,0.4615,0.0294,4.8668
RSI21_과매도(30이하) + BB_%B_과매도(0.2이하) + STOCH21_과매도(20이하),3,130,0.4615,0.0314,2.2781
RSI14_중립반등(40~50) + 가격_SMA200_위 + 가격_SMA50_위,3,163,0.4601,-0.002,-0.6231
SMA20_골든크로스(50) + 가격_SMA50_위 + ADX14_강세(25이상),3,50,0.46,-0.0095,-0.5023
STOCH14_과매도(20이하) + STOCH14_골든크로스 + STOCH21_과매도(20이하),3,148,0.4595,0.011,0.2959
가격_SMA200_위 + ADX14_추세상승(+DI>-DI) + 거래량_증가(1.5배),3,135,0.4593,-0.009,-0.8243
STOCH14_과매도(20이하) + STOCH14_골든크로스,2,159,0.4591,0.0106,0.3236
RSI14_중립반등(40~50) + MACD_히스토_증가 + 가격_SMA50_위,3,120,0.4583,-0.008,-0.9136
RSI14_과매도(30이하) + BB_%B_과매도(0.2이하) + 거래량_증가(1.5배),3,24,0.4583,-0.0174,-0.4499
SMA20_골든크로스(50) + STOCH14_골든크로스 + ADX14_추세상승(+DI>-DI),3,59,0.4576,0.0105,0.3695
SMA20_골든크로스(50) + 가격_SMA200_위 + ADX14_추세상승(+DI>-DI),3,57,0.4561,-0.0078,-0.4497
MACD_히스토_증가 + 가격_SMA50_위 + BB_%B_중간반등,3,110,0.4545,-0.0074,-0.8265
RSI21_과매도(30이하) + BB_하단터치(1.5σ) + ADX14_강세(25이상),3,66,0.4545,0.0492,2.5271
RSI21_과매도(30이하) + STOCH21_과매도(20이하) + OBV_SMA위,3,33,0.4545,0.0066,0.0676
RSI14_중립반등(40~50) + RSI21_과매도(30이하) + ADX14_강세(25이상),3,22,0.4545,-0.0052,-0.1798
RSI14_중립반등(40~50) + 가격_SMA50_위,2,240,0.4542,-0.0055,-0.9807
RSI21_과매도(30이하) + STOCH14_과매도(20이하) + ADX14_강세(25이상),3,152,0.4539,0.0371,13.379
STOCH14_골든크로스 + STOCH21_과매도(20이하) + ADX14_강세(25이상),3,119,0.4538,0.0072,-0.0245
RSI14_과매도(35이하) + BB_%B_과매도(0.2이하) + STOCH14_골든크로스,3,86,0.4535,0.0088,0.1103
MACD_골든크로스 + ADX14_추세상승(+DI>-DI),2,64,0.4531,0.0018,-0.288
MACD_히스토_전환(+) + ADX14_추세상승(+DI>-DI),2,64,0.4531,0.0018,-0.288
MACD_골든크로스 + MACD_히스토_전환(+) + ADX14_추세상승(+DI>-DI),3,64,0.4531,0.0018,-0.288
MACD_골든크로스 + MACD_히스토_증가 + ADX14_추세상승(+DI>-DI),3,64,0.4531,0.0018,-0.288
MACD_히스토_전환(+) + MACD_히스토_증가 + ADX14_추세상승(+DI>-DI),3,64,0.4531,0.0018,-0.288
RSI21_과매도(30이하) + STOCH14_골든크로스,2,53,0.4528,0.0102,0.1596
RSI14_과매도(35이하) + 가격_SMA200_위 + STOCH14_과매도(20이하),3,115,0.4522,-0.0148,-0.9415
RSI7_과매도(25이하) + STOCH14_골든크로스 + STOCH21_과매도(20이하),3,93,0.4516,0.0075,-0.1096
RSI21_과매도(30이하) + BB_%B_과매도(0.2이하) + STOCH14_골든크로스,3,31,0.4516,0.0041,0.0157
RSI7_과매도(25이하) + STOCH14_골든크로스,2,113,0.4513,0.0032,-0.4227
RSI21_과매도(30이하) + BB_%B_과매도(0.2이하) + ADX14_강세(25이상),3,113,0.4513,0.0421,7.0343
RSI14_과매도(30이하) + RSI21_과매도(30이하) + BB_하단터치(2σ),3,20,0.45,-0.0545,-0.7733
MACD_골든크로스 + SMA20_골든크로스(50) + OBV_SMA위,3,20,0.45,-0.0051,-0.2026
MACD_히스토_전환(+) + SMA20_골든크로스(50) + OBV_SMA위,3,20,0.45,-0.0051,-0.2026
BB_하단터치(2σ) + STOCH14_과매도(20이하) + ADX14_강세(25이상),3,69,0.4493,-0.019,-0.8363
RSI21_과매도(30이하) + STOCH14_골든크로스 + ADX14_강세(25이상),3,49,0.449,0.014,0.4032
RSI7_과매도(25이하) + BB_%B_과매도(0.2이하) + STOCH14_골든크로스,3,87,0.4483,0.0021,-0.3363
RSI14_중립반등(40~50) + STOCH14_골든크로스 + ADX14_강세(25이상),3,58,0.4483,-0.0046,-0.3727
SMA20_골든크로스(50) + EMA7_골든크로스(20),2,29,0.4483,0.0055,0.0027
EMA20_골든크로스(50) + ADX14_추세상승(+DI>-DI),2,29,0.4483,-0.0142,-0.5003
MACD_히스토_증가 + SMA20_골든크로스(50) + EMA7_골든크로스(20),3,29,0.4483,0.0055,0.0027
MACD_히스토_증가 + 거래량_증가(1.5배) + OBV_SMA위,3,148,0.4459,-0.0076,-0.8798
MACD_골든크로스 + 가격_SMA200_위 + ADX14_추세상승(+DI>-DI),3,45,0.4444,-0.0031,-0.2832
MACD_히스토_전환(+) + 가격_SMA200_위 + ADX14_추세상승(+DI>-DI),3,45,0.4444,-0.0031,-0.2832
RSI14_과매도(35이하) + 가격_SMA200_위 + STOCH14_골든크로스,3,36,0.4444,-0.0259,-0.7041
가격_SMA200_위 + BB_하단터치(2σ) + ADX14_강세(25이상),3,27,0.4444,-0.0391,-0.7666
RSI7_과매도(25이하) + STOCH14_과매도(20이하) + STOCH14_골든크로스,3,88,0.4432,0.0093,0.0401
RSI14_과매도(35이하) + STOCH21_과매도(20이하) + OBV_SMA위,3,52,0.4423,0.0049,-0.0783
EMA7_골든크로스(20) + 가격_SMA200_위 + ADX14_추세상승(+DI>-DI),3,34,0.4412,-0.0189,-0.5271
RSI21_과매도(30이하) + STOCH14_골든크로스 + STOCH21_과매도(20이하),3,50,0.44,0.0112,0.1949
EMA7_골든크로스(20) + 가격_SMA50_위 + OBV_SMA위,3,50,0.44,-0.0162,-0.6934
RSI14_과매도(35이하) + BB_%B_과매도(0.2이하) + OBV_SMA위,3,25,0.44,0.0317,0.8003
EMA20_골든크로스(50),1,32,0.4375,-0.012,-0.4912
RSI14_과매도(30이하) + 거래량_증가(1.5배),2,32,0.4375,-0.0183,-0.555
SMA20_골든크로스(50) + 거래량_증가(1.5배),2,32,0.4375,0.0111,0.0133
RSI14_과매도(30이하) + RSI14_과매도(35이하) + 거래량_증가(1.5배),3,32,0.4375,-0.0183,-0.555
SMA20_골든크로스(50) + BB_%B_중간반등 + STOCH14_골든크로스,3,32,0.4375,-0.0034,-0.2121
STOCH14_과매도(20이하) + STOCH14_골든크로스 + ADX14_강세(25이상),3,103,0.4369,0.004,-0.349
RSI14_과매도(30이하) + MACD_히스토_증가 + STOCH14_골든크로스,3,55,0.4364,0.0189,0.5381
RSI14_과매도(35이하) + STOCH14_과매도(20이하) + STOCH14_골든크로스,3,101,0.4356,0.0061,-0.3041
RSI14_과매도(35이하) + BB_하단터치(2σ) + STOCH21_과매도(20이하),3,85,0.4353,-0.0248,-0.9369
RSI14_과매도(35이하) + RSI7_과매도(25이하) + BB_하단터치(2σ),3,69,0.4348,-0.026,-0.9105
MACD_골든크로스 + BB_%B_중간반등,2,23,0.4348,-0.0059,-0.185
MACD_히스토_전환(+) + BB_%B_중간반등,2,23,0.4348,-0.0059,-0.185
MACD_골든크로스 + MACD_히스토_전환(+) + BB_%B_중간반등,3,23,0.4348,-0.0059,-0.185
MACD_골든크로스 + MACD_히스토_증가 + BB_%B_중간반등,3,23,0.4348,-0.0059,-0.185
MACD_히스토_전환(+) + MACD_히스토_증가 + BB_%B_중간반등,3,23,0.4348,-0.0059,-0.185
RSI21_과매도(30이하) + BB_하단터치(2σ),2,30,0.4333,-0.0554,-0.8848
RSI14_과매도(30이하) + BB_하단터치(2σ) + ADX14_강세(25이상),3,30,0.4333,-0.0325,-0.7405
RSI14_과매도(30이하) + STOCH14_과매도(20이하) + 거래량_증가(1.5배),3,30,0.4333,-0.0223,-0.5847
RSI14_과매도(30이하) + STOCH21_과매도(20이하) + 거래량_증가(1.5배),3,30,0.4333,-0.0223,-0.5847
RSI21_과매도(30이하) + BB_하단터치(2σ) + BB_하단터치(1.5σ),3,30,0.4333,-0.0554,-0.8848
RSI21_과매도(30이하) + BB_하단터치(2σ) + BB_%B_과매도(0.2이하),3,30,0.4333,-0.0554,-0.8848
RSI21_과매도(30이하) + BB_하단터치(2σ) + STOCH14_과매도(20이하),3,30,0.4333,-0.0554,-0.8848
RSI21_과매도(30이하) + BB_하단터치(2σ) + STOCH21_과매도(20이하),3,30,0.4333,-0.0554,-0.8848
MACD_히스토_증가 + SMA20_골든크로스(50) + STOCH14_골든크로스,3,67,0.4328,-0.0011,-0.3542
BB_하단터치(1.5σ) + STOCH14_과매도(20이하) + STOCH14_골든크로스,3,67,0.4328,-0.003,-0.4906
RSI14_과매도(35이하) + STOCH14_골든크로스 + STOCH21_과매도(20이하),3,112,0.4286,0.005,-0.3705
RSI14_과매도(35이하) + BB_하단터치(2σ) + STOCH14_과매도(20이하),3,84,0.4286,-0.0256,-0.9396
RSI14_중립반등(40~50) + 가격_SMA50_위 + ADX14_추세상승(+DI>-DI),3,84,0.4286,-0.0184,-0.857
BB_하단터치(1.5σ) + STOCH14_골든크로스 + STOCH21_과매도(20이하),3,70,0.4286,-0.0033,-0.5056
RSI14_과매도(35이하) + RSI21_과매도(30이하) + STOCH14_골든크로스,3,42,0.4286,0.0123,0.1643
RSI14_중립반등(40~50) + STOCH14_과매도(20이하) + STOCH14_골든크로스,3,28,0.4286,0.0115,0.0671
MACD_히스토_증가 + EMA20_골든크로스(50) + 가격_SMA50_위,3,21,0.4286,-0.0135,-0.3433
MACD_히스토_증가 + 가격_SMA200_위 + 거래량_증가(1.5배),3,110,0.4273,-0.0147,-0.8677
SMA20_골든크로스(50) + STOCH14_골든크로스,2,82,0.4268,0.0004,-0.3211
MACD_히스토_증가 + ADX14_추세상승(+DI>-DI) + 거래량_증가(1.5배),3,136,0.4265,-0.0076,-0.8535
RSI14_과매도(35이하) + STOCH14_골든크로스,2,129,0.4264,0.0028,-0.508
RSI14_중립반등(40~50) + RSI7_과매도(25이하) + 가격_SMA200_위,3,54,0.4259,-0.0111,-0.6032
RSI14_과매도(35이하) + BB_하단터치(2σ),2,87,0.4253,-0.0261,-0.9472
RSI14_과매도(35이하) + BB_하단터치(2σ) + BB_하단터치(1.5σ),3,87,0.4253,-0.0261,-0.9472
RSI14_과매도(35이하) + BB_하단터치(2σ) + BB_%B_과매도(0.2이하),3,87,0.4253,-0.0261,-0.9472
BB_하단터치(1.5σ) + STOCH14_골든크로스,2,73,0.4247,-0.0041,-0.5459
BB_하단터치(1.5σ) + BB_%B_과매도(0.2이하) + STOCH14_골든크로스,3,73,0.4247,-0.0041,-0.5459
RSI14_과매도(35이하) + STOCH14_골든크로스 + ADX14_강세(25이상),3,99,0.4242,0.0001,-0.5169
RSI14_과매도(35이하) + RSI7_과매도(25이하) + 가격_SMA200_위,3,59,0.4237,-0.0377,-0.9487
RSI7_과매도(25이하) + RSI21_과매도(30이하) + BB_하단터치(2σ),3,26,0.4231,-0.0558,-0.8544
SMA20_골든크로스(50) + EMA7_골든크로스(20) + 가격_SMA50_위,3,26,0.4231,0.0019,-0.0798
RSI14_과매도(35이하) + RSI7_과매도(25이하) + STOCH14_골든크로스,3,71,0.4225,0.0049,-0.2438
SMA20_골든크로스(50) + STOCH14_골든크로스 + ADX14_강세(25이상),3,45,0.4222,-0.0203,-0.6556
SMA20_골든크로스(50) + 가격_SMA200_위 + STOCH14_골든크로스,3,43,0.4186,-0.0167,-0.5747
가격_SMA200_위 + BB_하단터치(2σ),2,36,0.4167,-0.0471,-0.8924
RSI14_중립반등(40~50) + MACD_히스토_증가 + STOCH21_과매도(20이하),3,36,0.4167,-0.0171,-0.5461
가격_SMA200_위 + BB_하단터치(2σ) + BB_하단터치(1.5σ),3,36,0.4167,-0.0471,-0.8924
가격_SMA200_위 + BB_하단터치(2σ) + BB_%B_과매도(0.2이하),3,36,0.4167,-0.0471,-0.8924
가격_SMA200_위 + BB_하단터치(2σ) + STOCH14_과매도(20이하),3,36,0.4167,-0.0471,-0.8924
가격_SMA200_위 + BB_하단터치(2σ) + STOCH21_과매도(20이하),3,36,0.4167,-0.0471,-0.8924
RSI21_과매도(30이하) + STOCH14_과매도(20이하) + STOCH14_골든크로스,3,41,0.4146,0.0121,0.1417
RSI14_과매도(35이하) + MACD_히스토_증가 + STOCH14_골든크로스,3,85,0.4118,0.0075,-0.1165
MACD_골든크로스 + EMA7_골든크로스(20),2,22,0.4091,-0.0082,-0.2893
MACD_히스토_전환(+) + EMA7_골든크로스(20),2,22,0.4091,-0.0082,-0.2893
MACD_골든크로스 + MACD_히스토_전환(+) + EMA7_골든크로스(20),3,22,0.4091,-0.0082,-0.2893
MACD_골든크로스 + MACD_히스토_증가 + EMA7_골든크로스(20),3,22,0.4091,-0.0082,-0.2893
MACD_히스토_전환(+) + MACD_히스토_증가 + EMA7_골든크로스(20),3,22,0.4091,-0.0082,-0.2893
STOCH14_과매도(20이하) + STOCH14_골든크로스 + OBV_SMA위,3,22,0.4091,0.0192,0.1729
RSI14_과매도(35이하) + BB_하단터치(2σ) + ADX14_강세(25이상),3,49,0.4082,-0.026,-0.8215
SMA20_골든크로스(50) + 가격_SMA50_위 + STOCH14_골든크로스,3,49,0.4082,-0.0099,-0.4804
RSI14_중립반등(40~50) + 가격_SMA50_위 + BB_%B_중간반등,3,96,0.4062,-0.0178,-0.9508
RSI7_과매도(25이하) + ADX14_강세(25이상) + OBV_SMA위,3,32,0.4062,0.0016,-0.08
MACD_히스토_증가 + 가격_SMA50_위 + 거래량_증가(1.5배),3,130,0.4,-0.0177,-0.9524
RSI14_중립반등(40~50) + 가격_SMA200_위 + STOCH14_골든크로스,3,60,0.4,-0.0063,-0.4651
RSI7_과매도(25이하) + BB_하단터치(1.5σ) + STOCH14_골든크로스,3,55,0.4,-0.0033,-0.4709
RSI14_중립반등(40~50) + 가격_SMA50_위 + STOCH14_골든크로스,3,50,0.4,-0.0178,-0.8286
RSI14_과매도(35이하) + RSI21_과매도(30이하) + BB_하단터치(2σ),3,25,0.4,-0.0675,-0.8866
RSI7_과매도(25이하) + 가격_SMA200_위 + BB_하단터치(2σ),3,20,0.4,-0.0665,-0.8378
MACD_골든크로스 + EMA7_골든크로스(20) + 가격_SMA50_위,3,20,0.4,-0.0159,-0.3739
MACD_히스토_전환(+) + EMA7_골든크로스(20) + 가격_SMA50_위,3,20,0.4,-0.0159,-0.3739
BB_하단터치(1.5σ) + STOCH14_골든크로스 + ADX14_강세(25이상),3,43,0.3953,-0.0017,-0.3346
RSI21_과매도(30이하) + MACD_히스토_증가 + STOCH14_골든크로스,3,38,0.3947,0.0074,-0.0876
RSI14_중립반등(40~50) + RSI7_과매도(25이하) + STOCH14_골든크로스,3,21,0.381,-0.0317,-0.5499
RSI7_과매도(25이하) + 가격_SMA50_위 + STOCH21_과매도(20이하),3,21,0.381,-0.0343,-0.5717
MACD_히스토_증가 + EMA20_골든크로스(50) + ADX14_추세상승(+DI>-DI),3,21,0.381,-0.0304,-0.5596
SMA20_골든크로스(50) + ADX14_추세상승(+DI>-DI) + 거래량_증가(1.5배),3,21,0.381,0.0364,0.6165
RSI7_과매도(25이하) + OBV_SMA위,2,45,0.3778,-0.0101,-0.4909
MACD_히스토_증가 + EMA20_골든크로스(50),2,24,0.375,-0.0255,-0.5516
RSI14_과매도(35이하) + 가격_SMA200_위 + BB_하단터치(1.5σ),3,57,0.3684,-0.0449,-0.9631
RSI14_과매도(30이하) + 가격_SMA200_위 + BB_하단터치(1.5σ),3,33,0.3636,-0.0609,-0.9275
RSI7_과매도(25이하) + STOCH14_과매도(20이하) + OBV_SMA위,3,28,0.3571,-0.012,-0.3904
RSI14_과매도(35이하) + BB_하단터치(1.5σ) + STOCH14_골든크로스,3,51,0.3529,-0.0175,-0.7132
RSI21_과매도(30이하) + BB_하단터치(2σ) + ADX14_강세(25이상),3,20,0.35,-0.0657,-0.8124
BB_하단터치(2σ) + STOCH14_골든크로스 + STOCH21_과매도(20이하),3,20,0.35,-0.018,-0.3288
BB_하단터치(2σ) + STOCH14_골든크로스,2,21,0.3333,-0.0236,-0.4197
SMA20_골든크로스(50) + 가격_SMA50_위 + 거래량_증가(1.5배),3,21,0.3333,-0.0172,-0.4222
BB_하단터치(2σ) + BB_하단터치(1.5σ) + STOCH14_골든크로스,3,21,0.3333,-0.0236,-0.4197
BB_하단터치(2σ) + BB_%B_과매도(0.2이하) + STOCH14_골든크로스,3,21,0.3333,-0.0236,-0.4197
RSI7_과매도(25이하) + STOCH21_과매도(20이하) + OBV_SMA위,3,22,0.3182,-0.0175,-0.3919
RSI7_과매도(25이하) + 가격_SMA200_위 + STOCH14_골든크로스,3,36,0.3056,-0.0337,-0.7993
RSI14_과매도(35이하) + 가격_SMA200_위 + BB_하단터치(2σ),3,22,0.2727,-0.0837,-0.9039
RSI7_과매도(25이하) + 가격_SMA200_위 + OBV_SMA위,3,23,0.2609,-0.0221,-0.4397
