조합,조건수,발생횟수,승리횟수,승률(%),평균수익률(%),구성지표
MACD>Signal + VolSpike>1.5 + ThreeGreenDays,3,26,24,92.31,3.83,MACD>Signal + VolSpike>1.5 + ThreeGreenDays
MACD_Hist>0 + VolSpike>1.5 + ThreeGreenDays,3,26,24,92.31,3.83,MACD_Hist>0 + VolSpike>1.5 + ThreeGreenDays
ADX>25 + VolSpike>1.5 + ThreeGreenDays,3,22,20,90.91,3.98,ADX>25 + VolSpike>1.5 + ThreeGreenDays
SMA5>SMA20 + VolSpike>1.5 + ThreeGreenDays,3,32,29,90.62,3.41,SMA5>SMA20 + VolSpike>1.5 + ThreeGreenDays
MACD_Hist>0 + ADX>20_PlusDI>MinusDI + ThreeGreenDays,3,139,122,87.77,4.18,MACD_Hist>0 + ADX>20_PlusDI>MinusDI + ThreeGreenDays
MACD>Signal + ADX>20_PlusDI>MinusDI + ThreeGreenDays,3,139,122,87.77,4.18,MACD>Signal + ADX>20_PlusDI>MinusDI + ThreeGreenDays
SMA20>SMA100 + MACD>Signal + ThreeGreenDays,3,128,112,87.5,4.35,SMA20>SMA100 + MACD>Signal + ThreeGreenDays
Price>SMA20 + VolSpike>1.5 + ThreeGreenDays,3,32,28,87.5,3.35,Price>SMA20 + VolSpike>1.5 + ThreeGreenDays
EMA5>EMA20 + VolSpike>1.5 + ThreeGreenDays,3,32,28,87.5,3.25,EMA5>EMA20 + VolSpike>1.5 + ThreeGreenDays
SMA20>SMA100 + MACD_Hist>0 + ThreeGreenDays,3,128,112,87.5,4.35,SMA20>SMA100 + MACD_Hist>0 + ThreeGreenDays
ADX>20_PlusDI>MinusDI + VolSpike>1.5 + ThreeGreenDays,3,24,21,87.5,3.61,ADX>20_PlusDI>MinusDI + VolSpike>1.5 + ThreeGreenDays
SMA10>SMA50 + MACD>Signal + ADX>25,3,760,664,87.37,4.06,SMA10>SMA50 + MACD>Signal + ADX>25
SMA10>SMA50 + MACD_Hist>0 + ADX>25,3,760,664,87.37,4.06,SMA10>SMA50 + MACD_Hist>0 + ADX>25
EMA10>EMA50 + VolSpike>1.5 + ThreeGreenDays,3,31,27,87.1,3.25,EMA10>EMA50 + VolSpike>1.5 + ThreeGreenDays
SMA10>SMA50 + VolSpike>1.5 + ThreeGreenDays,3,31,27,87.1,3.25,SMA10>SMA50 + VolSpike>1.5 + ThreeGreenDays
Price>SMA50 + VolSpike>1.5 + ThreeGreenDays,3,31,27,87.1,3.25,Price>SMA50 + VolSpike>1.5 + ThreeGreenDays
SMA10>SMA50 + MACD>Signal + ADX>20_PlusDI>MinusDI,3,805,700,86.96,4.03,SMA10>SMA50 + MACD>Signal + ADX>20_PlusDI>MinusDI
SMA10>SMA50 + MACD_Hist>0 + ADX>20_PlusDI>MinusDI,3,805,700,86.96,4.03,SMA10>SMA50 + MACD_Hist>0 + ADX>20_PlusDI>MinusDI
SMA20>SMA100 + MACD>Signal + ADX>25,3,639,555,86.85,4.47,SMA20>SMA100 + MACD>Signal + ADX>25
SMA20>SMA100 + MACD_Hist>0 + ADX>25,3,639,555,86.85,4.47,SMA20>SMA100 + MACD_Hist>0 + ADX>25
SMA20>SMA100 + VolSpike>1.5 + ThreeGreenDays,3,30,26,86.67,3.3,SMA20>SMA100 + VolSpike>1.5 + ThreeGreenDays
Price>EMA20 + VolSpike>1.5 + ThreeGreenDays,3,30,26,86.67,3.3,Price>EMA20 + VolSpike>1.5 + ThreeGreenDays
SMA10>SMA50 + ADX>20_PlusDI>MinusDI + VolSpike>1.5,3,162,140,86.42,4.41,SMA10>SMA50 + ADX>20_PlusDI>MinusDI + VolSpike>1.5
EMA10>EMA50 + MACD_Hist>0 + ADX>25,3,729,630,86.42,4.14,EMA10>EMA50 + MACD_Hist>0 + ADX>25
EMA10>EMA50 + MACD>Signal + ADX>25,3,729,630,86.42,4.14,EMA10>EMA50 + MACD>Signal + ADX>25
Price>SMA50 + MACD>Signal + ADX>25,3,790,681,86.2,3.99,Price>SMA50 + MACD>Signal + ADX>25
Price>SMA50 + MACD_Hist>0 + ADX>25,3,790,681,86.2,3.99,Price>SMA50 + MACD_Hist>0 + ADX>25
EMA10>EMA50 + MACD>Signal + ADX>20_PlusDI>MinusDI,3,772,665,86.14,4.14,EMA10>EMA50 + MACD>Signal + ADX>20_PlusDI>MinusDI
EMA10>EMA50 + MACD_Hist>0 + ADX>20_PlusDI>MinusDI,3,772,665,86.14,4.14,EMA10>EMA50 + MACD_Hist>0 + ADX>20_PlusDI>MinusDI
SMA20>SMA100 + ADX>20_PlusDI>MinusDI + ThreeGreenDays,3,122,105,86.07,4.34,SMA20>SMA100 + ADX>20_PlusDI>MinusDI + ThreeGreenDays
SMA5>SMA20 + MACD>Signal + ADX>25,3,918,790,86.06,3.79,SMA5>SMA20 + MACD>Signal + ADX>25
SMA5>SMA20 + MACD_Hist>0 + ADX>25,3,918,790,86.06,3.79,SMA5>SMA20 + MACD_Hist>0 + ADX>25
SMA5>SMA20 + MACD>Signal + ADX>20_PlusDI>MinusDI,3,960,826,86.04,3.84,SMA5>SMA20 + MACD>Signal + ADX>20_PlusDI>MinusDI
SMA5>SMA20 + MACD_Hist>0 + ADX>20_PlusDI>MinusDI,3,960,826,86.04,3.84,SMA5>SMA20 + MACD_Hist>0 + ADX>20_PlusDI>MinusDI
SMA20>SMA100 + MACD_Hist>0 + ADX>20_PlusDI>MinusDI,3,673,579,86.03,4.45,SMA20>SMA100 + MACD_Hist>0 + ADX>20_PlusDI>MinusDI
SMA20>SMA100 + MACD>Signal + ADX>20_PlusDI>MinusDI,3,673,579,86.03,4.45,SMA20>SMA100 + MACD>Signal + ADX>20_PlusDI>MinusDI
EMA5>EMA20 + MACD_Hist>0 + ADX>25,3,858,738,86.01,3.9,EMA5>EMA20 + MACD_Hist>0 + ADX>25
EMA5>EMA20 + MACD>Signal + ADX>25,3,858,738,86.01,3.9,EMA5>EMA20 + MACD>Signal + ADX>25
SMA5>SMA20 + ADX>20_PlusDI>MinusDI + VolSpike>1.5,3,178,153,85.96,4.27,SMA5>SMA20 + ADX>20_PlusDI>MinusDI + VolSpike>1.5
Price>SMA20 + MACD_Hist>0 + ADX>20_PlusDI>MinusDI,3,962,826,85.86,3.86,Price>SMA20 + MACD_Hist>0 + ADX>20_PlusDI>MinusDI
Price>SMA20 + MACD>Signal + ADX>20_PlusDI>MinusDI,3,962,826,85.86,3.86,Price>SMA20 + MACD>Signal + ADX>20_PlusDI>MinusDI
Price>EMA20 + MACD_Hist>0 + ADX>20_PlusDI>MinusDI,3,931,799,85.82,3.9,Price>EMA20 + MACD_Hist>0 + ADX>20_PlusDI>MinusDI
Price>EMA20 + MACD>Signal + ADX>20_PlusDI>MinusDI,3,931,799,85.82,3.9,Price>EMA20 + MACD>Signal + ADX>20_PlusDI>MinusDI
Price>EMA20 + MACD>Signal + ADX>25,3,881,756,85.81,3.86,Price>EMA20 + MACD>Signal + ADX>25
Price>EMA20 + MACD_Hist>0 + ADX>25,3,881,756,85.81,3.86,Price>EMA20 + MACD_Hist>0 + ADX>25
Price>SMA50 + MACD>Signal + ADX>20_PlusDI>MinusDI,3,845,725,85.8,3.96,Price>SMA50 + MACD>Signal + ADX>20_PlusDI>MinusDI
Price>SMA50 + MACD_Hist>0 + ADX>20_PlusDI>MinusDI,3,845,725,85.8,3.96,Price>SMA50 + MACD_Hist>0 + ADX>20_PlusDI>MinusDI
MACD>Signal + ADX>25 + ADX>20_PlusDI>MinusDI,3,887,761,85.79,3.83,MACD>Signal + ADX>25 + ADX>20_PlusDI>MinusDI
MACD_Hist>0 + ADX>25 + ADX>20_PlusDI>MinusDI,3,887,761,85.79,3.83,MACD_Hist>0 + ADX>25 + ADX>20_PlusDI>MinusDI
EMA5>EMA20 + MACD_Hist>0 + ADX>20_PlusDI>MinusDI,3,919,788,85.75,3.89,EMA5>EMA20 + MACD_Hist>0 + ADX>20_PlusDI>MinusDI
EMA5>EMA20 + MACD>Signal + ADX>20_PlusDI>MinusDI,3,919,788,85.75,3.89,EMA5>EMA20 + MACD>Signal + ADX>20_PlusDI>MinusDI
SMA20>SMA100 + MACD_Hist>0 + VolSpike>1.5,3,140,120,85.71,4.73,SMA20>SMA100 + MACD_Hist>0 + VolSpike>1.5
SMA20>SMA100 + MACD>Signal + VolSpike>1.5,3,140,120,85.71,4.73,SMA20>SMA100 + MACD>Signal + VolSpike>1.5
VolSpike>1.5 + ThreeGreenDays,2,35,30,85.71,3.25,VolSpike>1.5 + ThreeGreenDays
Price>SMA20 + MACD>Signal + ADX>25,3,929,796,85.68,3.78,Price>SMA20 + MACD>Signal + ADX>25
Price>SMA20 + MACD_Hist>0 + ADX>25,3,929,796,85.68,3.78,Price>SMA20 + MACD_Hist>0 + ADX>25
MACD>Signal + ADX>20_PlusDI>MinusDI + VolSpike>1.5,3,160,137,85.62,4.45,MACD>Signal + ADX>20_PlusDI>MinusDI + VolSpike>1.5
MACD_Hist>0 + ADX>20_PlusDI>MinusDI + VolSpike>1.5,3,160,137,85.62,4.45,MACD_Hist>0 + ADX>20_PlusDI>MinusDI + VolSpike>1.5
SMA10>SMA50 + ADX>20_PlusDI>MinusDI + ThreeGreenDays,3,139,119,85.61,3.88,SMA10>SMA50 + ADX>20_PlusDI>MinusDI + ThreeGreenDays
SMA10>SMA50 + MACD_Hist>0 + VolSpike>1.5,3,173,148,85.55,4.28,SMA10>SMA50 + MACD_Hist>0 + VolSpike>1.5
SMA10>SMA50 + MACD>Signal + VolSpike>1.5,3,173,148,85.55,4.28,SMA10>SMA50 + MACD>Signal + VolSpike>1.5
MACD>Signal + BB_Squeeze + ADX>20_PlusDI>MinusDI,3,262,224,85.5,2.59,MACD>Signal + BB_Squeeze + ADX>20_PlusDI>MinusDI
MACD_Hist>0 + BB_Squeeze + ADX>20_PlusDI>MinusDI,3,262,224,85.5,2.59,MACD_Hist>0 + BB_Squeeze + ADX>20_PlusDI>MinusDI
SMA10>SMA50 + MACD_Hist>0 + BB_Squeeze,3,192,164,85.42,2.28,SMA10>SMA50 + MACD_Hist>0 + BB_Squeeze
SMA10>SMA50 + MACD>Signal + BB_Squeeze,3,192,164,85.42,2.28,SMA10>SMA50 + MACD>Signal + BB_Squeeze
Price>SMA20 + ADX>20_PlusDI>MinusDI + ThreeGreenDays,3,163,139,85.28,3.8,Price>SMA20 + ADX>20_PlusDI>MinusDI + ThreeGreenDays
SMA10>SMA50 + Price>SMA50 + MACD>Signal,3,1051,896,85.25,3.62,SMA10>SMA50 + Price>SMA50 + MACD>Signal
SMA10>SMA50 + Price>SMA50 + MACD_Hist>0,3,1051,896,85.25,3.62,SMA10>SMA50 + Price>SMA50 + MACD_Hist>0
SMA10>SMA50 + Price>EMA20 + MACD_Hist>0,3,1048,893,85.21,3.64,SMA10>SMA50 + Price>EMA20 + MACD_Hist>0
SMA10>SMA50 + Price>EMA20 + MACD>Signal,3,1048,893,85.21,3.64,SMA10>SMA50 + Price>EMA20 + MACD>Signal
SMA5>SMA20 + ADX>20_PlusDI>MinusDI + ThreeGreenDays,3,162,138,85.19,3.77,SMA5>SMA20 + ADX>20_PlusDI>MinusDI + ThreeGreenDays
SMA10>SMA50 + Price>SMA20 + MACD_Hist>0,3,1052,896,85.17,3.63,SMA10>SMA50 + Price>SMA20 + MACD_Hist>0
SMA10>SMA50 + Price>SMA20 + MACD>Signal,3,1052,896,85.17,3.63,SMA10>SMA50 + Price>SMA20 + MACD>Signal
SMA10>SMA50 + EMA5>EMA20 + MACD_Hist>0,3,1057,900,85.15,3.61,SMA10>SMA50 + EMA5>EMA20 + MACD_Hist>0
SMA10>SMA50 + EMA5>EMA20 + MACD>Signal,3,1057,900,85.15,3.61,SMA10>SMA50 + EMA5>EMA20 + MACD>Signal
EMA10>EMA50 + MACD>Signal + VolSpike>1.5,3,168,143,85.12,4.4,EMA10>EMA50 + MACD>Signal + VolSpike>1.5
EMA10>EMA50 + MACD_Hist>0 + VolSpike>1.5,3,168,143,85.12,4.4,EMA10>EMA50 + MACD_Hist>0 + VolSpike>1.5
SMA10>SMA50 + SMA20>SMA100 + MACD_Hist>0,3,792,674,85.1,4.08,SMA10>SMA50 + SMA20>SMA100 + MACD_Hist>0
SMA10>SMA50 + SMA20>SMA100 + MACD>Signal,3,792,674,85.1,4.08,SMA10>SMA50 + SMA20>SMA100 + MACD>Signal
SMA5>SMA20 + SMA10>SMA50 + MACD>Signal,3,1058,900,85.07,3.6,SMA5>SMA20 + SMA10>SMA50 + MACD>Signal
SMA10>SMA50 + MACD_Hist>0,2,1058,900,85.07,3.6,SMA10>SMA50 + MACD_Hist>0
SMA10>SMA50 + MACD>Signal + MACD_Hist>0,3,1058,900,85.07,3.6,SMA10>SMA50 + MACD>Signal + MACD_Hist>0
SMA5>SMA20 + SMA10>SMA50 + MACD_Hist>0,3,1058,900,85.07,3.6,SMA5>SMA20 + SMA10>SMA50 + MACD_Hist>0
SMA10>SMA50 + MACD>Signal,2,1058,900,85.07,3.6,SMA10>SMA50 + MACD>Signal
SMA10>SMA50 + EMA10>EMA50 + MACD_Hist>0,3,956,812,84.94,3.77,SMA10>SMA50 + EMA10>EMA50 + MACD_Hist>0
SMA10>SMA50 + EMA10>EMA50 + MACD>Signal,3,956,812,84.94,3.77,SMA10>SMA50 + EMA10>EMA50 + MACD>Signal
SMA5>SMA20 + SMA20>SMA100 + MACD_Hist>0,3,822,698,84.91,4.07,SMA5>SMA20 + SMA20>SMA100 + MACD_Hist>0
SMA5>SMA20 + SMA20>SMA100 + MACD>Signal,3,822,698,84.91,4.07,SMA5>SMA20 + SMA20>SMA100 + MACD>Signal
MACD>Signal + ADX>20_PlusDI>MinusDI,2,990,840,84.85,3.73,MACD>Signal + ADX>20_PlusDI>MinusDI
MACD_Hist>0 + ADX>20_PlusDI>MinusDI,2,990,840,84.85,3.73,MACD_Hist>0 + ADX>20_PlusDI>MinusDI
MACD>Signal + MACD_Hist>0 + ADX>20_PlusDI>MinusDI,3,990,840,84.85,3.73,MACD>Signal + MACD_Hist>0 + ADX>20_PlusDI>MinusDI
SMA20>SMA100 + Price>SMA50 + MACD_Hist>0,3,809,686,84.8,4.09,SMA20>SMA100 + Price>SMA50 + MACD_Hist>0
SMA20>SMA100 + Price>SMA50 + MACD>Signal,3,809,686,84.8,4.09,SMA20>SMA100 + Price>SMA50 + MACD>Signal
SMA20>SMA100 + Price>EMA20 + MACD>Signal,3,820,695,84.76,4.09,SMA20>SMA100 + Price>EMA20 + MACD>Signal
SMA20>SMA100 + Price>EMA20 + MACD_Hist>0,3,820,695,84.76,4.09,SMA20>SMA100 + Price>EMA20 + MACD_Hist>0
SMA10>SMA50 + Price>SMA200 + MACD_Hist>0,3,734,622,84.74,4.03,SMA10>SMA50 + Price>SMA200 + MACD_Hist>0
SMA20>SMA100 + MACD>Signal + MACD_Hist>0,3,832,705,84.74,4.06,SMA20>SMA100 + MACD>Signal + MACD_Hist>0
SMA20>SMA100 + MACD_Hist>0,2,832,705,84.74,4.06,SMA20>SMA100 + MACD_Hist>0
SMA10>SMA50 + Price>SMA200 + MACD>Signal,3,734,622,84.74,4.03,SMA10>SMA50 + Price>SMA200 + MACD>Signal
SMA20>SMA100 + MACD>Signal,2,832,705,84.74,4.06,SMA20>SMA100 + MACD>Signal
SMA5>SMA20 + EMA10>EMA50 + MACD>Signal,3,979,829,84.68,3.76,SMA5>SMA20 + EMA10>EMA50 + MACD>Signal
SMA5>SMA20 + EMA10>EMA50 + MACD_Hist>0,3,979,829,84.68,3.76,SMA5>SMA20 + EMA10>EMA50 + MACD_Hist>0
EMA10>EMA50 + Price>SMA50 + MACD>Signal,3,972,823,84.67,3.78,EMA10>EMA50 + Price>SMA50 + MACD>Signal
EMA10>EMA50 + Price>SMA50 + MACD_Hist>0,3,972,823,84.67,3.78,EMA10>EMA50 + Price>SMA50 + MACD_Hist>0
SMA20>SMA100 + Price>SMA200 + MACD_Hist>0,3,736,623,84.65,4.23,SMA20>SMA100 + Price>SMA200 + MACD_Hist>0
SMA20>SMA100 + Price>SMA200 + MACD>Signal,3,736,623,84.65,4.23,SMA20>SMA100 + Price>SMA200 + MACD>Signal
SMA20>SMA100 + EMA5>EMA20 + MACD_Hist>0,3,820,694,84.63,4.07,SMA20>SMA100 + EMA5>EMA20 + MACD_Hist>0
SMA20>SMA100 + EMA5>EMA20 + MACD>Signal,3,820,694,84.63,4.07,SMA20>SMA100 + EMA5>EMA20 + MACD>Signal
Price>SMA50 + ADX>20_PlusDI>MinusDI + VolSpike>1.5,3,169,143,84.62,4.25,Price>SMA50 + ADX>20_PlusDI>MinusDI + VolSpike>1.5
SMA20>SMA100 + Price>SMA20 + MACD_Hist>0,3,825,698,84.61,4.07,SMA20>SMA100 + Price>SMA20 + MACD_Hist>0
SMA20>SMA100 + Price>SMA20 + MACD>Signal,3,825,698,84.61,4.07,SMA20>SMA100 + Price>SMA20 + MACD>Signal
EMA10>EMA50 + Price>EMA20 + MACD_Hist>0,3,974,824,84.6,3.79,EMA10>EMA50 + Price>EMA20 + MACD_Hist>0
EMA10>EMA50 + Price>EMA20 + MACD>Signal,3,974,824,84.6,3.79,EMA10>EMA50 + Price>EMA20 + MACD>Signal
SMA20>SMA100 + EMA10>EMA50 + MACD_Hist>0,3,817,691,84.58,4.05,SMA20>SMA100 + EMA10>EMA50 + MACD_Hist>0
SMA20>SMA100 + EMA10>EMA50 + MACD>Signal,3,817,691,84.58,4.05,SMA20>SMA100 + EMA10>EMA50 + MACD>Signal
Price>SMA50 + ADX>20_PlusDI>MinusDI + ThreeGreenDays,3,149,126,84.56,3.85,Price>SMA50 + ADX>20_PlusDI>MinusDI + ThreeGreenDays
EMA10>EMA50 + Price>SMA20 + MACD>Signal,3,976,825,84.53,3.78,EMA10>EMA50 + Price>SMA20 + MACD>Signal
EMA10>EMA50 + Price>SMA20 + MACD_Hist>0,3,976,825,84.53,3.78,EMA10>EMA50 + Price>SMA20 + MACD_Hist>0
Price>EMA20 + ADX>20_PlusDI>MinusDI + ThreeGreenDays,3,155,131,84.52,3.83,Price>EMA20 + ADX>20_PlusDI>MinusDI + ThreeGreenDays
EMA10>EMA50 + MACD>Signal + MACD_Hist>0,3,981,829,84.51,3.75,EMA10>EMA50 + MACD>Signal + MACD_Hist>0
EMA10>EMA50 + MACD_Hist>0,2,981,829,84.51,3.75,EMA10>EMA50 + MACD_Hist>0
EMA10>EMA50 + MACD>Signal,2,981,829,84.51,3.75,EMA10>EMA50 + MACD>Signal
EMA10>EMA50 + ADX>20_PlusDI>MinusDI + VolSpike>1.5,3,161,136,84.47,4.4,EMA10>EMA50 + ADX>20_PlusDI>MinusDI + VolSpike>1.5
EMA5>EMA20 + EMA10>EMA50 + MACD_Hist>0,3,979,827,84.47,3.75,EMA5>EMA20 + EMA10>EMA50 + MACD_Hist>0
EMA5>EMA20 + EMA10>EMA50 + MACD>Signal,3,979,827,84.47,3.75,EMA5>EMA20 + EMA10>EMA50 + MACD>Signal
Price>SMA50 + MACD>Signal + VolSpike>1.5,3,180,152,84.44,4.16,Price>SMA50 + MACD>Signal + VolSpike>1.5
Price>SMA50 + MACD_Hist>0 + VolSpike>1.5,3,180,152,84.44,4.16,Price>SMA50 + MACD_Hist>0 + VolSpike>1.5
SMA20>SMA100 + SMA50>SMA200 + MACD_Hist>0,3,623,526,84.43,4.48,SMA20>SMA100 + SMA50>SMA200 + MACD_Hist>0
SMA20>SMA100 + MACD>Signal + Stoch_Cross_Up,3,212,179,84.43,3.9,SMA20>SMA100 + MACD>Signal + Stoch_Cross_Up
SMA20>SMA100 + SMA50>SMA200 + MACD>Signal,3,623,526,84.43,4.48,SMA20>SMA100 + SMA50>SMA200 + MACD>Signal
SMA20>SMA100 + MACD_Hist>0 + Stoch_Cross_Up,3,212,179,84.43,3.9,SMA20>SMA100 + MACD_Hist>0 + Stoch_Cross_Up
MACD>Signal + Stoch_Cross_Up + ADX>20_PlusDI>MinusDI,3,255,215,84.31,3.35,MACD>Signal + Stoch_Cross_Up + ADX>20_PlusDI>MinusDI
MACD_Hist>0 + Stoch_Cross_Up + ADX>20_PlusDI>MinusDI,3,255,215,84.31,3.35,MACD_Hist>0 + Stoch_Cross_Up + ADX>20_PlusDI>MinusDI
EMA10>EMA50 + ADX>20_PlusDI>MinusDI + ThreeGreenDays,3,140,118,84.29,3.85,EMA10>EMA50 + ADX>20_PlusDI>MinusDI + ThreeGreenDays
Price>SMA20 + ADX>25 + ThreeGreenDays,3,159,134,84.28,3.75,Price>SMA20 + ADX>25 + ThreeGreenDays
EMA10>EMA50 + Price>SMA200 + MACD_Hist>0,3,757,638,84.28,4.02,EMA10>EMA50 + Price>SMA200 + MACD_Hist>0
EMA10>EMA50 + Price>SMA200 + MACD>Signal,3,757,638,84.28,4.02,EMA10>EMA50 + Price>SMA200 + MACD>Signal
Price>SMA200 + MACD_Hist>0 + ADX>20_PlusDI>MinusDI,3,648,546,84.26,4.3,Price>SMA200 + MACD_Hist>0 + ADX>20_PlusDI>MinusDI
Price>SMA200 + MACD>Signal + ADX>20_PlusDI>MinusDI,3,648,546,84.26,4.3,Price>SMA200 + MACD>Signal + ADX>20_PlusDI>MinusDI
SMA5>SMA20 + Price>SMA50 + MACD_Hist>0,3,1098,925,84.24,3.57,SMA5>SMA20 + Price>SMA50 + MACD_Hist>0
SMA10>SMA50 + ADX>25 + VolSpike>1.5,3,165,139,84.24,4.13,SMA10>SMA50 + ADX>25 + VolSpike>1.5
SMA5>SMA20 + Price>SMA50 + MACD>Signal,3,1098,925,84.24,3.57,SMA5>SMA20 + Price>SMA50 + MACD>Signal
SMA5>SMA20 + SMA20>SMA100 + ThreeGreenDays,3,171,144,84.21,3.65,SMA5>SMA20 + SMA20>SMA100 + ThreeGreenDays
EMA5>EMA20 + ADX>20_PlusDI>MinusDI + ThreeGreenDays,3,158,133,84.18,3.81,EMA5>EMA20 + ADX>20_PlusDI>MinusDI + ThreeGreenDays
SMA5>SMA20 + ADX>25 + VolSpike>1.5,3,177,149,84.18,4.17,SMA5>SMA20 + ADX>25 + VolSpike>1.5
Price>SMA20 + Price>SMA50 + MACD>Signal,3,1097,923,84.14,3.58,Price>SMA20 + Price>SMA50 + MACD>Signal
Price>SMA20 + Price>SMA50 + MACD_Hist>0,3,1097,923,84.14,3.58,Price>SMA20 + Price>SMA50 + MACD_Hist>0
Price>SMA50 + Price>EMA20 + MACD_Hist>0,3,1096,922,84.12,3.58,Price>SMA50 + Price>EMA20 + MACD_Hist>0
Price>SMA50 + Price>EMA20 + MACD>Signal,3,1096,922,84.12,3.58,Price>SMA50 + Price>EMA20 + MACD>Signal
SMA10>SMA50 + SMA50>SMA200 + MACD_Hist>0,3,597,502,84.09,4.33,SMA10>SMA50 + SMA50>SMA200 + MACD_Hist>0
SMA10>SMA50 + SMA50>SMA200 + MACD>Signal,3,597,502,84.09,4.33,SMA10>SMA50 + SMA50>SMA200 + MACD>Signal
Price>SMA50 + MACD_Hist>0,2,1100,925,84.09,3.56,Price>SMA50 + MACD_Hist>0
Price>SMA50 + MACD>Signal + MACD_Hist>0,3,1100,925,84.09,3.56,Price>SMA50 + MACD>Signal + MACD_Hist>0
EMA5>EMA20 + Price>SMA50 + MACD>Signal,3,1100,925,84.09,3.56,EMA5>EMA20 + Price>SMA50 + MACD>Signal
EMA5>EMA20 + Price>SMA50 + MACD_Hist>0,3,1100,925,84.09,3.56,EMA5>EMA20 + Price>SMA50 + MACD_Hist>0
Price>SMA50 + MACD>Signal,2,1100,925,84.09,3.56,Price>SMA50 + MACD>Signal
Price>SMA200 + MACD_Hist>0 + VolSpike>1.5,3,138,116,84.06,4.54,Price>SMA200 + MACD_Hist>0 + VolSpike>1.5
Price>SMA200 + MACD>Signal + VolSpike>1.5,3,138,116,84.06,4.54,Price>SMA200 + MACD>Signal + VolSpike>1.5
SMA5>SMA20 + EMA5>EMA20 + MACD_Hist>0,3,1198,1007,84.06,3.5,SMA5>SMA20 + EMA5>EMA20 + MACD_Hist>0
SMA5>SMA20 + EMA5>EMA20 + MACD>Signal,3,1198,1007,84.06,3.5,SMA5>SMA20 + EMA5>EMA20 + MACD>Signal
SMA20>SMA100 + ADX>20_PlusDI>MinusDI + VolSpike>1.5,3,144,121,84.03,4.54,SMA20>SMA100 + ADX>20_PlusDI>MinusDI + VolSpike>1.5
SMA5>SMA20 + Price>SMA200 + MACD>Signal,3,782,657,84.02,3.94,SMA5>SMA20 + Price>SMA200 + MACD>Signal
SMA5>SMA20 + Price>SMA200 + MACD_Hist>0,3,782,657,84.02,3.94,SMA5>SMA20 + Price>SMA200 + MACD_Hist>0
Price>SMA20 + ADX>20_PlusDI>MinusDI + VolSpike>1.5,3,181,152,83.98,4.17,Price>SMA20 + ADX>20_PlusDI>MinusDI + VolSpike>1.5
Price>SMA200 + Price>EMA20 + MACD_Hist>0,3,777,652,83.91,3.98,Price>SMA200 + Price>EMA20 + MACD_Hist>0
Price>SMA200 + Price>EMA20 + MACD>Signal,3,777,652,83.91,3.98,Price>SMA200 + Price>EMA20 + MACD>Signal
ADX>25 + ADX>20_PlusDI>MinusDI + ThreeGreenDays,3,149,125,83.89,3.62,ADX>25 + ADX>20_PlusDI>MinusDI + ThreeGreenDays
Price>SMA50 + Price>SMA200 + MACD_Hist>0,3,757,635,83.88,3.99,Price>SMA50 + Price>SMA200 + MACD_Hist>0
Price>SMA50 + Price>SMA200 + MACD>Signal,3,757,635,83.88,3.99,Price>SMA50 + Price>SMA200 + MACD>Signal
SMA10>SMA50 + MACD_Hist>0 + Stoch_Cross_Up,3,273,229,83.88,3.39,SMA10>SMA50 + MACD_Hist>0 + Stoch_Cross_Up
SMA10>SMA50 + MACD>Signal + Stoch_Cross_Up,3,273,229,83.88,3.39,SMA10>SMA50 + MACD>Signal + Stoch_Cross_Up
EMA5>EMA20 + MACD>Signal,2,1202,1008,83.86,3.49,EMA5>EMA20 + MACD>Signal
EMA5>EMA20 + MACD_Hist>0,2,1202,1008,83.86,3.49,EMA5>EMA20 + MACD_Hist>0
EMA5>EMA20 + MACD>Signal + MACD_Hist>0,3,1202,1008,83.86,3.49,EMA5>EMA20 + MACD>Signal + MACD_Hist>0
EMA5>EMA20 + Price>EMA20 + MACD>Signal,3,1183,992,83.85,3.52,EMA5>EMA20 + Price>EMA20 + MACD>Signal
EMA5>EMA20 + Price>EMA20 + MACD_Hist>0,3,1183,992,83.85,3.52,EMA5>EMA20 + Price>EMA20 + MACD_Hist>0
EMA5>EMA20 + Price>SMA20 + MACD>Signal,3,1194,1001,83.84,3.51,EMA5>EMA20 + Price>SMA20 + MACD>Signal
EMA5>EMA20 + Price>SMA20 + MACD_Hist>0,3,1194,1001,83.84,3.51,EMA5>EMA20 + Price>SMA20 + MACD_Hist>0
SMA5>SMA20 + Price>EMA20 + MACD_Hist>0,3,1211,1015,83.82,3.47,SMA5>SMA20 + Price>EMA20 + MACD_Hist>0
SMA5>SMA20 + Price>EMA20 + MACD>Signal,3,1211,1015,83.82,3.47,SMA5>SMA20 + Price>EMA20 + MACD>Signal
Price>EMA20 + ADX>20_PlusDI>MinusDI + VolSpike>1.5,3,179,150,83.8,4.16,Price>EMA20 + ADX>20_PlusDI>MinusDI + VolSpike>1.5
EMA5>EMA20 + ADX>20_PlusDI>MinusDI + VolSpike>1.5,3,179,150,83.8,4.15,EMA5>EMA20 + ADX>20_PlusDI>MinusDI + VolSpike>1.5
SMA5>SMA20 + MACD>Signal,2,1282,1074,83.78,3.38,SMA5>SMA20 + MACD>Signal
SMA5>SMA20 + MACD_Hist>0,2,1282,1074,83.78,3.38,SMA5>SMA20 + MACD_Hist>0
SMA5>SMA20 + MACD>Signal + MACD_Hist>0,3,1282,1074,83.78,3.38,SMA5>SMA20 + MACD>Signal + MACD_Hist>0
EMA5>EMA20 + Price>SMA200 + MACD>Signal,3,774,648,83.72,3.95,EMA5>EMA20 + Price>SMA200 + MACD>Signal
EMA5>EMA20 + Price>SMA200 + MACD_Hist>0,3,774,648,83.72,3.95,EMA5>EMA20 + Price>SMA200 + MACD_Hist>0
Price>SMA20 + Price>SMA200 + MACD_Hist>0,3,785,657,83.69,3.95,Price>SMA20 + Price>SMA200 + MACD_Hist>0
Price>SMA20 + Price>SMA200 + MACD>Signal,3,785,657,83.69,3.95,Price>SMA20 + Price>SMA200 + MACD>Signal
SMA5>SMA20 + MACD>Signal + VolSpike>1.5,3,196,164,83.67,4.01,SMA5>SMA20 + MACD>Signal + VolSpike>1.5
SMA5>SMA20 + MACD_Hist>0 + VolSpike>1.5,3,196,164,83.67,4.01,SMA5>SMA20 + MACD_Hist>0 + VolSpike>1.5
SMA5>SMA20 + Price>SMA20 + MACD>Signal,3,1260,1054,83.65,3.41,SMA5>SMA20 + Price>SMA20 + MACD>Signal
SMA5>SMA20 + Price>SMA20 + MACD_Hist>0,3,1260,1054,83.65,3.41,SMA5>SMA20 + Price>SMA20 + MACD_Hist>0
SMA10>SMA50 + MACD_Hist>0 + ThreeGreenDays,3,159,133,83.65,3.59,SMA10>SMA50 + MACD_Hist>0 + ThreeGreenDays
SMA10>SMA50 + MACD>Signal + ThreeGreenDays,3,159,133,83.65,3.59,SMA10>SMA50 + MACD>Signal + ThreeGreenDays
ADX>20_PlusDI>MinusDI + ThreeGreenDays,2,170,142,83.53,3.56,ADX>20_PlusDI>MinusDI + ThreeGreenDays
Price>EMA20 + MACD_Hist>0,2,1226,1024,83.52,3.45,Price>EMA20 + MACD_Hist>0
Price>EMA20 + MACD>Signal,2,1226,1024,83.52,3.45,Price>EMA20 + MACD>Signal
Price>EMA20 + MACD>Signal + MACD_Hist>0,3,1226,1024,83.52,3.45,Price>EMA20 + MACD>Signal + MACD_Hist>0
Price>SMA20 + Price>EMA20 + MACD>Signal,3,1226,1024,83.52,3.45,Price>SMA20 + Price>EMA20 + MACD>Signal
Price>SMA200 + MACD>Signal + ADX>25,3,625,522,83.52,4.18,Price>SMA200 + MACD>Signal + ADX>25
Price>SMA20 + Price>EMA20 + MACD_Hist>0,3,1226,1024,83.52,3.45,Price>SMA20 + Price>EMA20 + MACD_Hist>0
Price>SMA200 + MACD_Hist>0 + ADX>25,3,625,522,83.52,4.18,Price>SMA200 + MACD_Hist>0 + ADX>25
SMA5>SMA20 + SMA50>SMA200 + MACD>Signal,3,660,551,83.48,4.16,SMA5>SMA20 + SMA50>SMA200 + MACD>Signal
SMA5>SMA20 + SMA50>SMA200 + MACD_Hist>0,3,660,551,83.48,4.16,SMA5>SMA20 + SMA50>SMA200 + MACD_Hist>0
SMA50>SMA200 + MACD>Signal + ADX>20_PlusDI>MinusDI,3,550,459,83.45,4.52,SMA50>SMA200 + MACD>Signal + ADX>20_PlusDI>MinusDI
SMA50>SMA200 + MACD_Hist>0 + ADX>20_PlusDI>MinusDI,3,550,459,83.45,4.52,SMA50>SMA200 + MACD_Hist>0 + ADX>20_PlusDI>MinusDI
SMA50>SMA200 + EMA10>EMA50 + MACD_Hist>0,3,622,519,83.44,4.28,SMA50>SMA200 + EMA10>EMA50 + MACD_Hist>0
SMA50>SMA200 + EMA10>EMA50 + MACD>Signal,3,622,519,83.44,4.28,SMA50>SMA200 + EMA10>EMA50 + MACD>Signal
SMA20>SMA100 + Price>EMA20 + ThreeGreenDays,3,169,141,83.43,3.83,SMA20>SMA100 + Price>EMA20 + ThreeGreenDays
SMA20>SMA100 + Price>SMA20 + ThreeGreenDays,3,169,141,83.43,3.83,SMA20>SMA100 + Price>SMA20 + ThreeGreenDays
Price>SMA20 + MACD>Signal + MACD_Hist>0,3,1289,1075,83.4,3.38,Price>SMA20 + MACD>Signal + MACD_Hist>0
Price>SMA20 + MACD>Signal,2,1289,1075,83.4,3.38,Price>SMA20 + MACD>Signal
Price>SMA20 + MACD_Hist>0,2,1289,1075,83.4,3.38,Price>SMA20 + MACD_Hist>0
EMA5>EMA20 + MACD>Signal + BB_Squeeze,3,288,240,83.33,2.36,EMA5>EMA20 + MACD>Signal + BB_Squeeze
Price>SMA20 + MACD>Signal + VolSpike>1.5,3,198,165,83.33,3.99,Price>SMA20 + MACD>Signal + VolSpike>1.5
EMA5>EMA20 + MACD_Hist>0 + BB_Squeeze,3,288,240,83.33,2.36,EMA5>EMA20 + MACD_Hist>0 + BB_Squeeze
Price>SMA20 + MACD_Hist>0 + VolSpike>1.5,3,198,165,83.33,3.99,Price>SMA20 + MACD_Hist>0 + VolSpike>1.5
EMA10>EMA50 + MACD_Hist>0 + Stoch_Cross_Up,3,251,209,83.27,3.59,EMA10>EMA50 + MACD_Hist>0 + Stoch_Cross_Up
EMA10>EMA50 + MACD>Signal + Stoch_Cross_Up,3,251,209,83.27,3.59,EMA10>EMA50 + MACD>Signal + Stoch_Cross_Up
SMA5>SMA20 + ADX>25 + ThreeGreenDays,3,155,129,83.23,3.56,SMA5>SMA20 + ADX>25 + ThreeGreenDays
Price>EMA20 + ADX>25 + ThreeGreenDays,3,149,124,83.22,3.79,Price>EMA20 + ADX>25 + ThreeGreenDays
SMA50>SMA200 + Price>SMA20 + MACD_Hist>0,3,667,555,83.21,4.16,SMA50>SMA200 + Price>SMA20 + MACD_Hist>0
SMA50>SMA200 + Price>SMA20 + MACD>Signal,3,667,555,83.21,4.16,SMA50>SMA200 + Price>SMA20 + MACD>Signal
SMA50>SMA200 + Price>EMA20 + MACD_Hist>0,3,649,540,83.2,4.23,SMA50>SMA200 + Price>EMA20 + MACD_Hist>0
SMA50>SMA200 + Price>EMA20 + MACD>Signal,3,649,540,83.2,4.23,SMA50>SMA200 + Price>EMA20 + MACD>Signal
SMA50>SMA200 + Price>SMA50 + MACD_Hist>0,3,619,515,83.2,4.28,SMA50>SMA200 + Price>SMA50 + MACD_Hist>0
SMA50>SMA200 + Price>SMA50 + MACD>Signal,3,619,515,83.2,4.28,SMA50>SMA200 + Price>SMA50 + MACD>Signal
SMA5>SMA20 + MACD_Hist>0 + Stoch_Cross_Up,3,331,275,83.08,3.15,SMA5>SMA20 + MACD_Hist>0 + Stoch_Cross_Up
SMA5>SMA20 + MACD>Signal + Stoch_Cross_Up,3,331,275,83.08,3.15,SMA5>SMA20 + MACD>Signal + Stoch_Cross_Up
Price>SMA50 + MACD_Hist>0 + ThreeGreenDays,3,171,142,83.04,3.6,Price>SMA50 + MACD_Hist>0 + ThreeGreenDays
Price>SMA50 + MACD>Signal + ThreeGreenDays,3,171,142,83.04,3.6,Price>SMA50 + MACD>Signal + ThreeGreenDays
SMA50>SMA200 + EMA5>EMA20 + MACD_Hist>0,3,641,532,83.0,4.21,SMA50>SMA200 + EMA5>EMA20 + MACD_Hist>0
SMA50>SMA200 + EMA5>EMA20 + MACD>Signal,3,641,532,83.0,4.21,SMA50>SMA200 + EMA5>EMA20 + MACD>Signal
Price>EMA20 + MACD>Signal + VolSpike>1.5,3,194,161,82.99,3.98,Price>EMA20 + MACD>Signal + VolSpike>1.5
Price>EMA20 + MACD_Hist>0 + VolSpike>1.5,3,194,161,82.99,3.98,Price>EMA20 + MACD_Hist>0 + VolSpike>1.5
SMA5>SMA20 + SMA10>SMA50 + VolSpike>1.5,3,211,175,82.94,3.83,SMA5>SMA20 + SMA10>SMA50 + VolSpike>1.5
SMA5>SMA20 + EMA10>EMA50 + VolSpike>1.5,3,205,170,82.93,3.94,SMA5>SMA20 + EMA10>EMA50 + VolSpike>1.5
SMA5>SMA20 + SMA20>SMA100 + VolSpike>1.5,3,175,145,82.86,4.09,SMA5>SMA20 + SMA20>SMA100 + VolSpike>1.5
EMA5>EMA20 + MACD>Signal + VolSpike>1.5,3,192,159,82.81,3.99,EMA5>EMA20 + MACD>Signal + VolSpike>1.5
EMA5>EMA20 + MACD_Hist>0 + VolSpike>1.5,3,192,159,82.81,3.99,EMA5>EMA20 + MACD_Hist>0 + VolSpike>1.5
SMA5>SMA20 + MACD_Hist>0 + BB_Squeeze,3,366,303,82.79,2.25,SMA5>SMA20 + MACD_Hist>0 + BB_Squeeze
SMA5>SMA20 + MACD>Signal + BB_Squeeze,3,366,303,82.79,2.25,SMA5>SMA20 + MACD>Signal + BB_Squeeze
SMA10>SMA50 + Price>EMA20 + VolSpike>1.5,3,208,172,82.69,3.86,SMA10>SMA50 + Price>EMA20 + VolSpike>1.5
SMA10>SMA50 + Price>SMA20 + VolSpike>1.5,3,208,172,82.69,3.86,SMA10>SMA50 + Price>SMA20 + VolSpike>1.5
Price>SMA50 + MACD>Signal + BB_Squeeze,3,208,172,82.69,2.2,Price>SMA50 + MACD>Signal + BB_Squeeze
Price>SMA50 + MACD_Hist>0 + BB_Squeeze,3,208,172,82.69,2.2,Price>SMA50 + MACD_Hist>0 + BB_Squeeze
Price>SMA20 + ADX>25 + VolSpike>1.5,3,179,148,82.68,4.1,Price>SMA20 + ADX>25 + VolSpike>1.5
Price>SMA50 + MACD_Hist>0 + Stoch_Cross_Up,3,288,238,82.64,3.3,Price>SMA50 + MACD_Hist>0 + Stoch_Cross_Up
Price>SMA50 + MACD>Signal + Stoch_Cross_Up,3,288,238,82.64,3.3,Price>SMA50 + MACD>Signal + Stoch_Cross_Up
SMA5>SMA20 + Price>SMA50 + VolSpike>1.5,3,217,179,82.49,3.77,SMA5>SMA20 + Price>SMA50 + VolSpike>1.5
EMA5>EMA20 + MACD>Signal + Stoch_Cross_Up,3,314,259,82.48,3.21,EMA5>EMA20 + MACD>Signal + Stoch_Cross_Up
EMA5>EMA20 + MACD_Hist>0 + Stoch_Cross_Up,3,314,259,82.48,3.21,EMA5>EMA20 + MACD_Hist>0 + Stoch_Cross_Up
EMA10>EMA50 + MACD>Signal + ThreeGreenDays,3,154,127,82.47,3.61,EMA10>EMA50 + MACD>Signal + ThreeGreenDays
EMA10>EMA50 + MACD_Hist>0 + ThreeGreenDays,3,154,127,82.47,3.61,EMA10>EMA50 + MACD_Hist>0 + ThreeGreenDays
Price>SMA50 + ADX>25 + VolSpike>1.5,3,171,141,82.46,3.96,Price>SMA50 + ADX>25 + VolSpike>1.5
Price>EMA20 + ADX>25 + VolSpike>1.5,3,176,145,82.39,4.09,Price>EMA20 + ADX>25 + VolSpike>1.5
SMA20>SMA100 + EMA5>EMA20 + ThreeGreenDays,3,176,145,82.39,3.61,SMA20>SMA100 + EMA5>EMA20 + ThreeGreenDays
Price>SMA200 + ADX>20_PlusDI>MinusDI + VolSpike>1.5,3,142,117,82.39,4.42,Price>SMA200 + ADX>20_PlusDI>MinusDI + VolSpike>1.5
SMA5>SMA20 + Price>SMA200 + VolSpike>1.5,3,169,139,82.25,4.02,SMA5>SMA20 + Price>SMA200 + VolSpike>1.5
SMA5>SMA20 + Stoch_Cross_Up + ADX>25,3,304,250,82.24,2.91,SMA5>SMA20 + Stoch_Cross_Up + ADX>25
EMA10>EMA50 + ADX>25 + VolSpike>1.5,3,163,134,82.21,4.1,EMA10>EMA50 + ADX>25 + VolSpike>1.5
Price>EMA20 + MACD_Hist>0 + Stoch_Cross_Up,3,326,268,82.21,3.13,Price>EMA20 + MACD_Hist>0 + Stoch_Cross_Up
Price>EMA20 + MACD>Signal + Stoch_Cross_Up,3,326,268,82.21,3.13,Price>EMA20 + MACD>Signal + Stoch_Cross_Up
Price>SMA20 + MACD>Signal + Stoch_Cross_Up,3,337,277,82.2,3.07,Price>SMA20 + MACD>Signal + Stoch_Cross_Up
Price>SMA20 + MACD_Hist>0 + Stoch_Cross_Up,3,337,277,82.2,3.07,Price>SMA20 + MACD_Hist>0 + Stoch_Cross_Up
ADX>25 + ADX>20_PlusDI>MinusDI + VolSpike>1.5,3,174,143,82.18,4.05,ADX>25 + ADX>20_PlusDI>MinusDI + VolSpike>1.5
EMA5>EMA20 + MACD>Signal + ThreeGreenDays,3,185,152,82.16,3.48,EMA5>EMA20 + MACD>Signal + ThreeGreenDays
EMA5>EMA20 + MACD_Hist>0 + ThreeGreenDays,3,185,152,82.16,3.48,EMA5>EMA20 + MACD_Hist>0 + ThreeGreenDays
EMA5>EMA20 + ADX>25 + ThreeGreenDays,3,151,124,82.12,3.69,EMA5>EMA20 + ADX>25 + ThreeGreenDays
Price>SMA200 + MACD_Hist>0,2,819,672,82.05,3.75,Price>SMA200 + MACD_Hist>0
Price>SMA200 + MACD>Signal + MACD_Hist>0,3,819,672,82.05,3.75,Price>SMA200 + MACD>Signal + MACD_Hist>0
Price>SMA200 + MACD>Signal,2,819,672,82.05,3.75,Price>SMA200 + MACD>Signal
ADX>20_PlusDI>MinusDI + VolSpike>1.5,2,189,155,82.01,3.97,ADX>20_PlusDI>MinusDI + VolSpike>1.5
BB_Squeeze + ADX>20_PlusDI>MinusDI + ThreeGreenDays,3,50,41,82.0,2.42,BB_Squeeze + ADX>20_PlusDI>MinusDI + ThreeGreenDays
Price>EMA20 + MACD_Hist>0 + ThreeGreenDays,3,183,150,81.97,3.43,Price>EMA20 + MACD_Hist>0 + ThreeGreenDays
Price>SMA200 + MACD>Signal + ThreeGreenDays,3,122,100,81.97,3.94,Price>SMA200 + MACD>Signal + ThreeGreenDays
Price>SMA200 + MACD_Hist>0 + ThreeGreenDays,3,122,100,81.97,3.94,Price>SMA200 + MACD_Hist>0 + ThreeGreenDays
Price>EMA20 + MACD>Signal + ThreeGreenDays,3,183,150,81.97,3.43,Price>EMA20 + MACD>Signal + ThreeGreenDays
SMA5>SMA20 + Stoch_Cross_Up + ADX>20_PlusDI>MinusDI,3,316,259,81.96,2.89,SMA5>SMA20 + Stoch_Cross_Up + ADX>20_PlusDI>MinusDI
EMA10>EMA50 + MACD>Signal + BB_Squeeze,3,116,95,81.9,2.33,EMA10>EMA50 + MACD>Signal + BB_Squeeze
EMA10>EMA50 + MACD_Hist>0 + BB_Squeeze,3,116,95,81.9,2.33,EMA10>EMA50 + MACD_Hist>0 + BB_Squeeze
SMA10>SMA50 + Price>SMA20 + ADX>25,3,1016,832,81.89,3.29,SMA10>SMA50 + Price>SMA20 + ADX>25
Price>EMA20 + MACD_Hist>0 + BB_Squeeze,3,309,253,81.88,2.29,Price>EMA20 + MACD_Hist>0 + BB_Squeeze
Price>EMA20 + MACD>Signal + BB_Squeeze,3,309,253,81.88,2.29,Price>EMA20 + MACD>Signal + BB_Squeeze
Price>SMA50 + Price>EMA20 + VolSpike>1.5,3,215,176,81.86,3.77,Price>SMA50 + Price>EMA20 + VolSpike>1.5
Price>SMA20 + Price>SMA50 + VolSpike>1.5,3,215,176,81.86,3.77,Price>SMA20 + Price>SMA50 + VolSpike>1.5
SMA5>SMA20 + SMA10>SMA50 + ThreeGreenDays,3,203,166,81.77,3.15,SMA5>SMA20 + SMA10>SMA50 + ThreeGreenDays
SMA50>SMA200 + ADX>20_PlusDI>MinusDI + VolSpike>1.5,3,126,103,81.75,4.68,SMA50>SMA200 + ADX>20_PlusDI>MinusDI + VolSpike>1.5
SMA5>SMA20 + Price>SMA20 + VolSpike>1.5,3,230,188,81.74,3.7,SMA5>SMA20 + Price>SMA20 + VolSpike>1.5
Price>SMA20 + MACD>Signal + BB_Squeeze,3,360,294,81.67,2.23,Price>SMA20 + MACD>Signal + BB_Squeeze
Price>SMA20 + MACD_Hist>0 + BB_Squeeze,3,360,294,81.67,2.23,Price>SMA20 + MACD_Hist>0 + BB_Squeeze
Price>SMA20 + ADX>25 + ADX>20_PlusDI>MinusDI,3,1095,894,81.64,3.27,Price>SMA20 + ADX>25 + ADX>20_PlusDI>MinusDI
SMA5>SMA20 + MACD>Signal + ThreeGreenDays,3,196,160,81.63,3.36,SMA5>SMA20 + MACD>Signal + ThreeGreenDays
Price>SMA20 + MACD>Signal + ThreeGreenDays,3,196,160,81.63,3.34,Price>SMA20 + MACD>Signal + ThreeGreenDays
Price>SMA20 + MACD_Hist>0 + ThreeGreenDays,3,196,160,81.63,3.34,Price>SMA20 + MACD_Hist>0 + ThreeGreenDays
SMA5>SMA20 + MACD_Hist>0 + ThreeGreenDays,3,196,160,81.63,3.36,SMA5>SMA20 + MACD_Hist>0 + ThreeGreenDays
SMA5>SMA20 + VolSpike>1.5,2,234,191,81.62,3.65,SMA5>SMA20 + VolSpike>1.5
SMA50>SMA200 + MACD_Hist>0 + VolSpike>1.5,3,125,102,81.6,4.69,SMA50>SMA200 + MACD_Hist>0 + VolSpike>1.5
SMA50>SMA200 + MACD>Signal + VolSpike>1.5,3,125,102,81.6,4.69,SMA50>SMA200 + MACD>Signal + VolSpike>1.5
SMA5>SMA20 + ADX>25 + ADX>20_PlusDI>MinusDI,3,1107,903,81.57,3.21,SMA5>SMA20 + ADX>25 + ADX>20_PlusDI>MinusDI
SMA10>SMA50 + ADX>25 + ThreeGreenDays,3,141,115,81.56,3.46,SMA10>SMA50 + ADX>25 + ThreeGreenDays
SMA10>SMA50 + Price>EMA20 + ThreeGreenDays,3,200,163,81.5,3.34,SMA10>SMA50 + Price>EMA20 + ThreeGreenDays
SMA10>SMA50 + EMA5>EMA20 + VolSpike>1.5,3,216,176,81.48,3.69,SMA10>SMA50 + EMA5>EMA20 + VolSpike>1.5
Price>SMA200 + VolSpike>1.5 + ThreeGreenDays,3,27,22,81.48,3.06,Price>SMA200 + VolSpike>1.5 + ThreeGreenDays
SMA5>SMA20 + Price>SMA20 + ADX>25,3,1160,945,81.47,3.17,SMA5>SMA20 + Price>SMA20 + ADX>25
EMA5>EMA20 + ADX>25 + VolSpike>1.5,3,178,145,81.46,3.96,EMA5>EMA20 + ADX>25 + VolSpike>1.5
EMA10>EMA50 + Price>SMA20 + VolSpike>1.5,3,205,167,81.46,3.9,EMA10>EMA50 + Price>SMA20 + VolSpike>1.5
SMA5>SMA20 + SMA50>SMA200 + VolSpike>1.5,3,151,123,81.46,4.22,SMA5>SMA20 + SMA50>SMA200 + VolSpike>1.5
EMA10>EMA50 + Price>EMA20 + VolSpike>1.5,3,205,167,81.46,3.9,EMA10>EMA50 + Price>EMA20 + VolSpike>1.5
SMA5>SMA20 + Price>EMA20 + VolSpike>1.5,3,226,184,81.42,3.69,SMA5>SMA20 + Price>EMA20 + VolSpike>1.5
SMA5>SMA20 + Price>SMA50 + ThreeGreenDays,3,215,175,81.4,3.19,SMA5>SMA20 + Price>SMA50 + ThreeGreenDays
Price>SMA50 + ADX>25 + ThreeGreenDays,3,145,118,81.38,3.63,Price>SMA50 + ADX>25 + ThreeGreenDays
SMA20>SMA100 + ADX>25 + VolSpike>1.5,3,145,118,81.38,4.14,SMA20>SMA100 + ADX>25 + VolSpike>1.5
SMA5>SMA20 + Price>SMA20 + ADX>20_PlusDI>MinusDI,3,1202,978,81.36,3.21,SMA5>SMA20 + Price>SMA20 + ADX>20_PlusDI>MinusDI
SMA10>SMA50 + Price>SMA20 + ADX>20_PlusDI>MinusDI,3,1055,858,81.33,3.25,SMA10>SMA50 + Price>SMA20 + ADX>20_PlusDI>MinusDI
SMA20>SMA100 + Price>SMA20 + VolSpike>1.5,3,176,143,81.25,4.08,SMA20>SMA100 + Price>SMA20 + VolSpike>1.5
EMA5>EMA20 + Stoch_Cross_Up + ADX>25,3,293,238,81.23,2.91,EMA5>EMA20 + Stoch_Cross_Up + ADX>25
SMA5>SMA20 + EMA5>EMA20 + VolSpike>1.5,3,229,186,81.22,3.65,SMA5>SMA20 + EMA5>EMA20 + VolSpike>1.5
SMA20>SMA100 + Price>SMA50 + ThreeGreenDays,3,181,147,81.22,3.45,SMA20>SMA100 + Price>SMA50 + ThreeGreenDays
EMA5>EMA20 + Price>SMA20 + ADX>25,3,1115,905,81.17,3.23,EMA5>EMA20 + Price>SMA20 + ADX>25
SMA20>SMA100 + Price>EMA20 + VolSpike>1.5,3,175,142,81.14,4.08,SMA20>SMA100 + Price>EMA20 + VolSpike>1.5
SMA10>SMA50 + Price>SMA20 + ThreeGreenDays,3,201,163,81.09,3.31,SMA10>SMA50 + Price>SMA20 + ThreeGreenDays
SMA50>SMA200 + Price>SMA200 + MACD>Signal,3,681,552,81.06,3.96,SMA50>SMA200 + Price>SMA200 + MACD>Signal
SMA50>SMA200 + Price>SMA200 + MACD_Hist>0,3,681,552,81.06,3.96,SMA50>SMA200 + Price>SMA200 + MACD_Hist>0
Price>EMA20 + ADX>25 + ADX>20_PlusDI>MinusDI,3,1076,872,81.04,3.25,Price>EMA20 + ADX>25 + ADX>20_PlusDI>MinusDI
SMA50>SMA200 + MACD_Hist>0 + ThreeGreenDays,3,116,94,81.03,3.8,SMA50>SMA200 + MACD_Hist>0 + ThreeGreenDays
SMA50>SMA200 + MACD>Signal + ThreeGreenDays,3,116,94,81.03,3.8,SMA50>SMA200 + MACD>Signal + ThreeGreenDays
SMA10>SMA50 + Price>SMA50 + VolSpike>1.5,3,221,179,81.0,3.62,SMA10>SMA50 + Price>SMA50 + VolSpike>1.5
Price>SMA20 + Price>SMA50 + ADX>25,3,1050,850,80.95,3.25,Price>SMA20 + Price>SMA50 + ADX>25
SMA10>SMA50 + Price>EMA20 + ADX>25,3,1034,837,80.95,3.22,SMA10>SMA50 + Price>EMA20 + ADX>25
Price>SMA20 + ADX>25,2,1193,965,80.89,3.14,Price>SMA20 + ADX>25
SMA5>SMA20 + Price>SMA200 + ThreeGreenDays,3,162,131,80.86,3.36,SMA5>SMA20 + Price>SMA200 + ThreeGreenDays
SMA5>SMA20 + Price>EMA20 + ADX>25,3,1137,919,80.83,3.15,SMA5>SMA20 + Price>EMA20 + ADX>25
SMA5>SMA20 + Price>EMA20 + ADX>20_PlusDI>MinusDI,3,1184,957,80.83,3.19,SMA5>SMA20 + Price>EMA20 + ADX>20_PlusDI>MinusDI
SMA10>SMA50 + Price>SMA200 + VolSpike>1.5,3,172,139,80.81,3.84,SMA10>SMA50 + Price>SMA200 + VolSpike>1.5
SMA5>SMA20 + EMA10>EMA50 + ThreeGreenDays,3,198,160,80.81,3.16,SMA5>SMA20 + EMA10>EMA50 + ThreeGreenDays
Price>SMA20 + Price>EMA20 + ADX>25,3,1145,925,80.79,3.17,Price>SMA20 + Price>EMA20 + ADX>25
SMA5>SMA20 + EMA5>EMA20 + ThreeGreenDays,3,229,185,80.79,3.12,SMA5>SMA20 + EMA5>EMA20 + ThreeGreenDays
EMA5>EMA20 + Price>SMA20 + ADX>20_PlusDI>MinusDI,3,1170,945,80.77,3.21,EMA5>EMA20 + Price>SMA20 + ADX>20_PlusDI>MinusDI
Price>SMA20 + Price>SMA50 + ThreeGreenDays,3,213,172,80.75,3.34,Price>SMA20 + Price>SMA50 + ThreeGreenDays
SMA10>SMA50 + EMA10>EMA50 + VolSpike>1.5,3,213,172,80.75,3.69,SMA10>SMA50 + EMA10>EMA50 + VolSpike>1.5
Price>SMA50 + Price>EMA20 + ThreeGreenDays,3,213,172,80.75,3.34,Price>SMA50 + Price>EMA20 + ThreeGreenDays
Price>SMA20 + ADX>20_PlusDI>MinusDI,2,1220,985,80.74,3.17,Price>SMA20 + ADX>20_PlusDI>MinusDI
EMA5>EMA20 + Price>SMA50 + VolSpike>1.5,3,223,180,80.72,3.61,EMA5>EMA20 + Price>SMA50 + VolSpike>1.5
SMA10>SMA50 + Price>EMA20 + ADX>20_PlusDI>MinusDI,3,1067,861,80.69,3.19,SMA10>SMA50 + Price>EMA20 + ADX>20_PlusDI>MinusDI
SMA5>SMA20 + Price>EMA20 + ThreeGreenDays,3,222,179,80.63,3.14,SMA5>SMA20 + Price>EMA20 + ThreeGreenDays
SMA10>SMA50 + VolSpike>1.5,2,222,179,80.63,3.59,SMA10>SMA50 + VolSpike>1.5
Price>SMA20 + Price>SMA200 + VolSpike>1.5,3,170,137,80.59,4.0,Price>SMA20 + Price>SMA200 + VolSpike>1.5
SMA5>SMA20 + ADX>20_PlusDI>MinusDI,2,1236,996,80.58,3.11,SMA5>SMA20 + ADX>20_PlusDI>MinusDI
MACD_Hist>0 + ADX>25 + VolSpike>1.5,3,175,141,80.57,3.92,MACD_Hist>0 + ADX>25 + VolSpike>1.5
MACD>Signal + ADX>25 + VolSpike>1.5,3,175,141,80.57,3.92,MACD>Signal + ADX>25 + VolSpike>1.5
Price>SMA20 + Price>EMA20 + ADX>20_PlusDI>MinusDI,3,1189,958,80.57,3.18,Price>SMA20 + Price>EMA20 + ADX>20_PlusDI>MinusDI
Price>SMA20 + Stoch_Cross_Up + ADX>25,3,314,253,80.57,2.8,Price>SMA20 + Stoch_Cross_Up + ADX>25
SMA5>SMA20 + SMA10>SMA50 + ADX>20_PlusDI>MinusDI,3,1080,870,80.56,3.15,SMA5>SMA20 + SMA10>SMA50 + ADX>20_PlusDI>MinusDI
EMA5>EMA20 + ADX>25 + ADX>20_PlusDI>MinusDI,3,1075,866,80.56,3.19,EMA5>EMA20 + ADX>25 + ADX>20_PlusDI>MinusDI
SMA5>SMA20 + SMA50>SMA200 + ThreeGreenDays,3,144,116,80.56,3.39,SMA5>SMA20 + SMA50>SMA200 + ThreeGreenDays
EMA10>EMA50 + Price>SMA20 + ADX>25,3,989,796,80.49,3.3,EMA10>EMA50 + Price>SMA20 + ADX>25
Price>SMA200 + Price>EMA20 + VolSpike>1.5,3,169,136,80.47,4.01,Price>SMA200 + Price>EMA20 + VolSpike>1.5
Price>SMA20 + Price>SMA50 + ADX>20_PlusDI>MinusDI,3,1099,884,80.44,3.21,Price>SMA20 + Price>SMA50 + ADX>20_PlusDI>MinusDI
Price>SMA20 + VolSpike>1.5,2,235,189,80.43,3.62,Price>SMA20 + VolSpike>1.5
SMA5>SMA20 + ThreeGreenDays,2,240,193,80.42,3.03,SMA5>SMA20 + ThreeGreenDays
SMA50>SMA200 + MACD>Signal + ADX>25,3,587,472,80.41,4.02,SMA50>SMA200 + MACD>Signal + ADX>25
SMA50>SMA200 + MACD_Hist>0 + ADX>25,3,587,472,80.41,4.02,SMA50>SMA200 + MACD_Hist>0 + ADX>25
SMA10>SMA50 + EMA5>EMA20 + ThreeGreenDays,3,209,168,80.38,3.14,SMA10>SMA50 + EMA5>EMA20 + ThreeGreenDays
SMA5>SMA20 + SMA10>SMA50 + ADX>25,3,1049,843,80.36,3.08,SMA5>SMA20 + SMA10>SMA50 + ADX>25
SMA5>SMA20 + EMA5>EMA20 + ADX>20_PlusDI>MinusDI,3,1190,956,80.34,3.14,SMA5>SMA20 + EMA5>EMA20 + ADX>20_PlusDI>MinusDI
EMA5>EMA20 + Price>EMA20 + ADX>25,3,1124,903,80.34,3.16,EMA5>EMA20 + Price>EMA20 + ADX>25
SMA5>SMA20 + ADX>25,2,1207,969,80.28,3.0,SMA5>SMA20 + ADX>25
EMA5>EMA20 + EMA10>EMA50 + VolSpike>1.5,3,213,171,80.28,3.73,EMA5>EMA20 + EMA10>EMA50 + VolSpike>1.5
Price>SMA20 + Stoch_Cross_Up + ADX>20_PlusDI>MinusDI,3,324,260,80.25,2.79,Price>SMA20 + Stoch_Cross_Up + ADX>20_PlusDI>MinusDI
SMA10>SMA50 + SMA20>SMA100 + VolSpike>1.5,3,182,146,80.22,3.8,SMA10>SMA50 + SMA20>SMA100 + VolSpike>1.5
SMA10>SMA50 + ADX>25 + ADX>20_PlusDI>MinusDI,3,996,799,80.22,3.15,SMA10>SMA50 + ADX>25 + ADX>20_PlusDI>MinusDI
EMA5>EMA20 + Price>EMA20 + ADX>20_PlusDI>MinusDI,3,1176,943,80.19,3.16,EMA5>EMA20 + Price>EMA20 + ADX>20_PlusDI>MinusDI
Price>SMA200 + MACD>Signal + Stoch_Cross_Up,3,212,170,80.19,3.44,Price>SMA200 + MACD>Signal + Stoch_Cross_Up
Price>SMA200 + MACD_Hist>0 + Stoch_Cross_Up,3,212,170,80.19,3.44,Price>SMA200 + MACD_Hist>0 + Stoch_Cross_Up
SMA50>SMA200 + ADX>20_PlusDI>MinusDI + ThreeGreenDays,3,106,85,80.19,3.79,SMA50>SMA200 + ADX>20_PlusDI>MinusDI + ThreeGreenDays
Price>EMA20 + Stoch_Cross_Up + ADX>25,3,308,247,80.19,2.79,Price>EMA20 + Stoch_Cross_Up + ADX>25
EMA5>EMA20 + Stoch_Cross_Up + ADX>20_PlusDI>MinusDI,3,313,251,80.19,2.83,EMA5>EMA20 + Stoch_Cross_Up + ADX>20_PlusDI>MinusDI
EMA5>EMA20 + Price>EMA20 + ThreeGreenDays,3,222,178,80.18,3.27,EMA5>EMA20 + Price>EMA20 + ThreeGreenDays
SMA5>SMA20 + Price>SMA20 + ThreeGreenDays,3,232,186,80.17,3.09,SMA5>SMA20 + Price>SMA20 + ThreeGreenDays
SMA5>SMA20 + EMA5>EMA20 + ADX>25,3,1141,914,80.11,3.07,SMA5>SMA20 + EMA5>EMA20 + ADX>25
EMA10>EMA50 + Price>SMA20 + ThreeGreenDays,3,196,157,80.1,3.33,EMA10>EMA50 + Price>SMA20 + ThreeGreenDays
EMA10>EMA50 + Price>EMA20 + ThreeGreenDays,3,196,157,80.1,3.33,EMA10>EMA50 + Price>EMA20 + ThreeGreenDays
Price>SMA20 + Price>EMA20 + ThreeGreenDays,3,226,181,80.09,3.22,Price>SMA20 + Price>EMA20 + ThreeGreenDays
EMA5>EMA20 + Price>SMA50 + ThreeGreenDays,3,221,177,80.09,3.17,EMA5>EMA20 + Price>SMA50 + ThreeGreenDays
Price>EMA20 + ThreeGreenDays,2,226,181,80.09,3.22,Price>EMA20 + ThreeGreenDays
Price>EMA20 + VolSpike>1.5,2,231,185,80.09,3.61,Price>EMA20 + VolSpike>1.5
Price>SMA20 + Price>EMA20 + VolSpike>1.5,3,231,185,80.09,3.61,Price>SMA20 + Price>EMA20 + VolSpike>1.5
EMA10>EMA50 + Price>SMA50 + VolSpike>1.5,3,216,173,80.09,3.67,EMA10>EMA50 + Price>SMA50 + VolSpike>1.5
EMA5>EMA20 + Price>SMA20 + ThreeGreenDays,3,226,181,80.09,3.27,EMA5>EMA20 + Price>SMA20 + ThreeGreenDays
Price>SMA50 + Price>EMA20 + ADX>25,3,1068,855,80.06,3.18,Price>SMA50 + Price>EMA20 + ADX>25
Price>EMA20 + ADX>20_PlusDI>MinusDI,2,1203,963,80.05,3.14,Price>EMA20 + ADX>20_PlusDI>MinusDI
SMA20>SMA100 + Price>SMA20 + ADX>25,3,897,718,80.04,3.42,SMA20>SMA100 + Price>SMA20 + ADX>25
EMA10>EMA50 + Price>SMA20 + ADX>20_PlusDI>MinusDI,3,1026,821,80.02,3.27,EMA10>EMA50 + Price>SMA20 + ADX>20_PlusDI>MinusDI
SMA20>SMA100 + MACD>Signal + BB_Squeeze,3,75,60,80.0,2.32,SMA20>SMA100 + MACD>Signal + BB_Squeeze
EMA10>EMA50 + ADX>25 + ThreeGreenDays,3,140,112,80.0,3.35,EMA10>EMA50 + ADX>25 + ThreeGreenDays
BB_Squeeze + ADX>20_PlusDI>MinusDI + VolSpike>1.5,3,55,44,80.0,2.14,BB_Squeeze + ADX>20_PlusDI>MinusDI + VolSpike>1.5
Price>EMA20 + ADX>25,2,1165,932,80.0,3.12,Price>EMA20 + ADX>25
Price>SMA20 + Price>SMA200 + ThreeGreenDays,3,160,128,80.0,3.56,Price>SMA20 + Price>SMA200 + ThreeGreenDays
SMA5>SMA20 + Price>SMA50 + ADX>20_PlusDI>MinusDI,3,1115,892,80.0,3.13,SMA5>SMA20 + Price>SMA50 + ADX>20_PlusDI>MinusDI
Price>SMA200 + Price>EMA20 + ThreeGreenDays,3,160,128,80.0,3.56,Price>SMA200 + Price>EMA20 + ThreeGreenDays
SMA20>SMA100 + MACD_Hist>0 + BB_Squeeze,3,75,60,80.0,2.32,SMA20>SMA100 + MACD_Hist>0 + BB_Squeeze
SMA10>SMA50 + EMA5>EMA20 + ADX>20_PlusDI>MinusDI,3,1089,871,79.98,3.1,SMA10>SMA50 + EMA5>EMA20 + ADX>20_PlusDI>MinusDI
Price>SMA20 + ThreeGreenDays,2,239,191,79.92,3.15,Price>SMA20 + ThreeGreenDays
Price>SMA50 + VolSpike>1.5,2,229,183,79.91,3.51,Price>SMA50 + VolSpike>1.5
EMA5>EMA20 + Price>SMA20 + VolSpike>1.5,3,229,183,79.91,3.61,EMA5>EMA20 + Price>SMA20 + VolSpike>1.5
SMA10>SMA50 + SMA50>SMA200 + VolSpike>1.5,3,154,123,79.87,4.02,SMA10>SMA50 + SMA50>SMA200 + VolSpike>1.5
SMA5>SMA20 + Price>SMA50 + ADX>25,3,1073,857,79.87,3.08,SMA5>SMA20 + Price>SMA50 + ADX>25
SMA50>SMA200 + Price>SMA20 + ThreeGreenDays,3,144,115,79.86,3.6,SMA50>SMA200 + Price>SMA20 + ThreeGreenDays
Price>SMA50 + Price>EMA20 + ADX>20_PlusDI>MinusDI,3,1111,887,79.84,3.16,Price>SMA50 + Price>EMA20 + ADX>20_PlusDI>MinusDI
SMA5>SMA20 + EMA10>EMA50 + ADX>20_PlusDI>MinusDI,3,1046,835,79.83,3.2,SMA5>SMA20 + EMA10>EMA50 + ADX>20_PlusDI>MinusDI
MACD>Signal + ADX>25 + ThreeGreenDays,3,153,122,79.74,3.32,MACD>Signal + ADX>25 + ThreeGreenDays
EMA5>EMA20 + Price>EMA20 + VolSpike>1.5,3,227,181,79.74,3.6,EMA5>EMA20 + Price>EMA20 + VolSpike>1.5
MACD_Hist>0 + ADX>25 + ThreeGreenDays,3,153,122,79.74,3.32,MACD_Hist>0 + ADX>25 + ThreeGreenDays
EMA10>EMA50 + Price>EMA20 + ADX>25,3,1005,801,79.7,3.24,EMA10>EMA50 + Price>EMA20 + ADX>25
SMA20>SMA100 + EMA5>EMA20 + VolSpike>1.5,3,182,145,79.67,3.84,SMA20>SMA100 + EMA5>EMA20 + VolSpike>1.5
Price>SMA200 + ADX>20_PlusDI>MinusDI + ThreeGreenDays,3,118,94,79.66,3.75,Price>SMA200 + ADX>20_PlusDI>MinusDI + ThreeGreenDays
Price>SMA50 + ADX>25 + ADX>20_PlusDI>MinusDI,3,1022,814,79.65,3.14,Price>SMA50 + ADX>25 + ADX>20_PlusDI>MinusDI
SMA5>SMA20 + EMA10>EMA50 + ADX>25,3,1016,809,79.63,3.11,SMA5>SMA20 + EMA10>EMA50 + ADX>25
SMA50>SMA200 + Price>SMA20 + VolSpike>1.5,3,152,121,79.61,4.2,SMA50>SMA200 + Price>SMA20 + VolSpike>1.5
EMA5>EMA20 + ADX>20_PlusDI>MinusDI,2,1205,959,79.59,3.08,EMA5>EMA20 + ADX>20_PlusDI>MinusDI
EMA5>EMA20 + ThreeGreenDays,2,235,187,79.57,3.11,EMA5>EMA20 + ThreeGreenDays
SMA5>SMA20 + Stoch_Cross_Up + VolSpike>1.5,3,44,35,79.55,3.78,SMA5>SMA20 + Stoch_Cross_Up + VolSpike>1.5
SMA50>SMA200 + Price>EMA20 + VolSpike>1.5,3,151,120,79.47,4.21,SMA50>SMA200 + Price>EMA20 + VolSpike>1.5
EMA10>EMA50 + Price>EMA20 + ADX>20_PlusDI>MinusDI,3,1037,824,79.46,3.22,EMA10>EMA50 + Price>EMA20 + ADX>20_PlusDI>MinusDI
SMA20>SMA100 + Price>SMA50 + VolSpike>1.5,3,185,147,79.46,3.77,SMA20>SMA100 + Price>SMA50 + VolSpike>1.5
SMA10>SMA50 + Price>SMA50 + ThreeGreenDays,3,214,170,79.44,3.03,SMA10>SMA50 + Price>SMA50 + ThreeGreenDays
EMA5>EMA20 + Price>SMA200 + VolSpike>1.5,3,175,139,79.43,3.8,EMA5>EMA20 + Price>SMA200 + VolSpike>1.5
EMA5>EMA20 + EMA10>EMA50 + ThreeGreenDays,3,204,162,79.41,3.15,EMA5>EMA20 + EMA10>EMA50 + ThreeGreenDays
SMA10>SMA50 + Price>SMA50 + ADX>20_PlusDI>MinusDI,3,1097,871,79.4,3.04,SMA10>SMA50 + Price>SMA50 + ADX>20_PlusDI>MinusDI
MACD>Signal + VolSpike>1.5,2,223,177,79.37,3.52,MACD>Signal + VolSpike>1.5
MACD_Hist>0 + VolSpike>1.5,2,223,177,79.37,3.52,MACD_Hist>0 + VolSpike>1.5
MACD>Signal + MACD_Hist>0 + VolSpike>1.5,3,223,177,79.37,3.52,MACD>Signal + MACD_Hist>0 + VolSpike>1.5
EMA5>EMA20 + Price>SMA50 + ADX>20_PlusDI>MinusDI,3,1127,894,79.33,3.08,EMA5>EMA20 + Price>SMA50 + ADX>20_PlusDI>MinusDI
Price>EMA20 + Stoch_Cross_Up + ADX>20_PlusDI>MinusDI,3,324,257,79.32,2.75,Price>EMA20 + Stoch_Cross_Up + ADX>20_PlusDI>MinusDI
SMA10>SMA50 + EMA5>EMA20 + ADX>25,3,1067,846,79.29,3.01,SMA10>SMA50 + EMA5>EMA20 + ADX>25
SMA50>SMA200 + Price>EMA20 + ThreeGreenDays,3,140,111,79.29,3.63,SMA50>SMA200 + Price>EMA20 + ThreeGreenDays
SMA5>SMA20 + SMA10>SMA50 + Price>SMA20,3,1443,1144,79.28,2.85,SMA5>SMA20 + SMA10>SMA50 + Price>SMA20
Price>SMA50 + Price>SMA200 + VolSpike>1.5,3,178,141,79.21,3.73,Price>SMA50 + Price>SMA200 + VolSpike>1.5
SMA20>SMA100 + Price>SMA20 + ADX>20_PlusDI>MinusDI,3,928,735,79.2,3.38,SMA20>SMA100 + Price>SMA20 + ADX>20_PlusDI>MinusDI
SMA5>SMA20 + SMA20>SMA100 + ADX>25,3,918,727,79.19,3.25,SMA5>SMA20 + SMA20>SMA100 + ADX>25
Price>SMA20 + RSI14_30_50,2,115,91,79.13,1.9,Price>SMA20 + RSI14_30_50
SMA20>SMA100 + Price>EMA20 + ADX>25,3,915,724,79.13,3.35,SMA20>SMA100 + Price>EMA20 + ADX>25
SMA10>SMA50 + ADX>20_PlusDI>MinusDI,2,1105,874,79.1,3.01,SMA10>SMA50 + ADX>20_PlusDI>MinusDI
SMA10>SMA50 + Stoch_Cross_Up + VolSpike>1.5,3,43,34,79.07,3.68,SMA10>SMA50 + Stoch_Cross_Up + VolSpike>1.5
SMA10>SMA50 + Price>SMA20 + Price>SMA50,3,1451,1147,79.05,2.86,SMA10>SMA50 + Price>SMA20 + Price>SMA50
EMA5>EMA20 + Price>SMA200 + ThreeGreenDays,3,167,132,79.04,3.33,EMA5>EMA20 + Price>SMA200 + ThreeGreenDays
SMA5>SMA20 + SMA20>SMA100 + ADX>20_PlusDI>MinusDI,3,944,746,79.03,3.32,SMA5>SMA20 + SMA20>SMA100 + ADX>20_PlusDI>MinusDI
SMA10>SMA50 + EMA5>EMA20 + Price>SMA20,3,1453,1148,79.01,2.85,SMA10>SMA50 + EMA5>EMA20 + Price>SMA20
SMA10>SMA50 + Price>SMA20 + Price>EMA20,3,1451,1146,78.98,2.86,SMA10>SMA50 + Price>SMA20 + Price>EMA20
EMA5>EMA20 + EMA10>EMA50 + ADX>20_PlusDI>MinusDI,3,1056,834,78.98,3.14,EMA5>EMA20 + EMA10>EMA50 + ADX>20_PlusDI>MinusDI
SMA10>SMA50 + Price>SMA20,2,1455,1149,78.97,2.85,SMA10>SMA50 + Price>SMA20
SMA5>SMA20 + EMA5>EMA20 + Price>SMA20,3,1581,1248,78.94,2.84,SMA5>SMA20 + EMA5>EMA20 + Price>SMA20
EMA5>EMA20 + VolSpike>1.5,2,237,187,78.9,3.47,EMA5>EMA20 + VolSpike>1.5
EMA10>EMA50 + ADX>25 + ADX>20_PlusDI>MinusDI,3,986,778,78.9,3.13,EMA10>EMA50 + ADX>25 + ADX>20_PlusDI>MinusDI
SMA10>SMA50 + Stoch_Cross_Up + ADX>20_PlusDI>MinusDI,3,284,224,78.87,2.79,SMA10>SMA50 + Stoch_Cross_Up + ADX>20_PlusDI>MinusDI
SMA5>SMA20 + Price>SMA20,2,1651,1302,78.86,2.78,SMA5>SMA20 + Price>SMA20
Price>SMA50 + ThreeGreenDays,2,227,179,78.85,3.04,Price>SMA50 + ThreeGreenDays
SMA5>SMA20 + Price>SMA20 + Price>EMA20,3,1602,1263,78.84,2.81,SMA5>SMA20 + Price>SMA20 + Price>EMA20
EMA5>EMA20 + ADX>25,2,1167,920,78.83,2.98,EMA5>EMA20 + ADX>25
SMA5>SMA20 + Price>SMA20 + Price>SMA50,3,1486,1171,78.8,2.84,SMA5>SMA20 + Price>SMA20 + Price>SMA50
SMA10>SMA50 + EMA10>EMA50 + ADX>20_PlusDI>MinusDI,3,1048,824,78.63,3.06,SMA10>SMA50 + EMA10>EMA50 + ADX>20_PlusDI>MinusDI
EMA5>EMA20 + Price>SMA50 + ADX>25,3,1095,861,78.63,2.99,EMA5>EMA20 + Price>SMA50 + ADX>25
Price>SMA50 + ADX>20_PlusDI>MinusDI,2,1141,897,78.62,3.01,Price>SMA50 + ADX>20_PlusDI>MinusDI
SMA20>SMA100 + Price>EMA20 + ADX>20_PlusDI>MinusDI,3,940,739,78.62,3.33,SMA20>SMA100 + Price>EMA20 + ADX>20_PlusDI>MinusDI
SMA5>SMA20 + EMA10>EMA50 + Price>SMA20,3,1365,1073,78.61,2.92,SMA5>SMA20 + EMA10>EMA50 + Price>SMA20
ADX>25 + ADX>20_PlusDI>MinusDI,2,1187,933,78.6,2.94,ADX>25 + ADX>20_PlusDI>MinusDI
SMA5>SMA20 + SMA10>SMA50 + Price>EMA20,3,1458,1146,78.6,2.8,SMA5>SMA20 + SMA10>SMA50 + Price>EMA20
EMA10>EMA50 + Price>SMA50 + ADX>20_PlusDI>MinusDI,3,1061,833,78.51,3.08,EMA10>EMA50 + Price>SMA50 + ADX>20_PlusDI>MinusDI
EMA10>EMA50 + Price>SMA50 + ThreeGreenDays,3,209,164,78.47,3.02,EMA10>EMA50 + Price>SMA50 + ThreeGreenDays
BB_Squeeze + ADX>25 + ThreeGreenDays,3,65,51,78.46,1.7,BB_Squeeze + ADX>25 + ThreeGreenDays
EMA5>EMA20 + Price>SMA20,2,1599,1254,78.42,2.82,EMA5>EMA20 + Price>SMA20
SMA10>SMA50 + EMA10>EMA50 + Price>SMA20,3,1357,1064,78.41,2.91,SMA10>SMA50 + EMA10>EMA50 + Price>SMA20
EMA5>EMA20 + Price>SMA20 + Price>EMA20,3,1588,1245,78.4,2.82,EMA5>EMA20 + Price>SMA20 + Price>EMA20
EMA5>EMA20 + Price>SMA20 + Price>SMA50,3,1500,1176,78.4,2.84,EMA5>EMA20 + Price>SMA20 + Price>SMA50
EMA10>EMA50 + VolSpike>1.5,2,222,174,78.38,3.52,EMA10>EMA50 + VolSpike>1.5
SMA50>SMA200 + EMA5>EMA20 + VolSpike>1.5,3,157,123,78.34,3.98,SMA50>SMA200 + EMA5>EMA20 + VolSpike>1.5
Price>SMA20 + Price>SMA200 + ADX>25,3,863,676,78.33,3.3,Price>SMA20 + Price>SMA200 + ADX>25
SMA5>SMA20 + EMA5>EMA20 + Price>EMA20,3,1589,1244,78.29,2.78,SMA5>SMA20 + EMA5>EMA20 + Price>EMA20
Price>SMA50 + Stoch_Cross_Up + ADX>25,3,290,227,78.28,2.65,Price>SMA50 + Stoch_Cross_Up + ADX>25
SMA5>SMA20 + Price>EMA20,2,1621,1268,78.22,2.76,SMA5>SMA20 + Price>EMA20
Price>SMA50 + Stoch_Cross_Up + ADX>20_PlusDI>MinusDI,3,298,233,78.19,2.76,Price>SMA50 + Stoch_Cross_Up + ADX>20_PlusDI>MinusDI
EMA5>EMA20 + EMA10>EMA50 + ADX>25,3,1036,810,78.19,3.03,EMA5>EMA20 + EMA10>EMA50 + ADX>25
SMA10>SMA50 + Price>SMA50 + Price>EMA20,3,1480,1157,78.18,2.8,SMA10>SMA50 + Price>SMA50 + Price>EMA20
Price>SMA20 + Price>SMA50,2,1507,1178,78.17,2.82,Price>SMA20 + Price>SMA50
Price>SMA20 + Price>SMA50 + Price>EMA20,3,1506,1177,78.15,2.82,Price>SMA20 + Price>SMA50 + Price>EMA20
SMA10>SMA50 + EMA5>EMA20 + Price>EMA20,3,1474,1152,78.15,2.78,SMA10>SMA50 + EMA5>EMA20 + Price>EMA20
Price>SMA20 + Price>SMA200 + ADX>20_PlusDI>MinusDI,3,892,697,78.14,3.31,Price>SMA20 + Price>SMA200 + ADX>20_PlusDI>MinusDI
Price>SMA20,1,1702,1330,78.14,2.75,Price>SMA20
SMA50>SMA200 + Price>SMA50 + VolSpike>1.5,3,160,125,78.12,3.89,SMA50>SMA200 + Price>SMA50 + VolSpike>1.5
SMA5>SMA20 + Price>SMA50 + Price>EMA20,3,1504,1175,78.12,2.79,SMA5>SMA20 + Price>SMA50 + Price>EMA20
SMA10>SMA50 + Price>EMA20,2,1481,1157,78.12,2.79,SMA10>SMA50 + Price>EMA20
SMA20>SMA100 + EMA5>EMA20 + ADX>20_PlusDI>MinusDI,3,954,745,78.09,3.24,SMA20>SMA100 + EMA5>EMA20 + ADX>20_PlusDI>MinusDI
SMA5>SMA20 + BB_Squeeze + VolSpike>1.5,3,73,57,78.08,1.94,SMA5>SMA20 + BB_Squeeze + VolSpike>1.5
SMA50>SMA200 + EMA5>EMA20 + ThreeGreenDays,3,146,114,78.08,3.38,SMA50>SMA200 + EMA5>EMA20 + ThreeGreenDays
EMA5>EMA20 + EMA10>EMA50 + Price>SMA20,3,1381,1078,78.06,2.91,EMA5>EMA20 + EMA10>EMA50 + Price>SMA20
Price>SMA20 + Price>EMA20,2,1639,1279,78.04,2.78,Price>SMA20 + Price>EMA20
EMA10>EMA50 + Price>SMA20 + Price>SMA50,3,1380,1077,78.04,2.91,EMA10>EMA50 + Price>SMA20 + Price>SMA50
SMA5>SMA20 + Price>SMA200 + ADX>20_PlusDI>MinusDI,3,909,709,78.0,3.22,SMA5>SMA20 + Price>SMA200 + ADX>20_PlusDI>MinusDI
SMA20>SMA100 + ADX>25 + ADX>20_PlusDI>MinusDI,3,909,709,78.0,3.23,SMA20>SMA100 + ADX>25 + ADX>20_PlusDI>MinusDI
SMA5>SMA20 + SMA10>SMA50 + Price>SMA50,3,1499,1169,77.99,2.7,SMA5>SMA20 + SMA10>SMA50 + Price>SMA50
SMA5>SMA20 + EMA10>EMA50 + Price>EMA20,3,1382,1077,77.93,2.86,SMA5>SMA20 + EMA10>EMA50 + Price>EMA20
Price>SMA50 + Price>SMA200 + ThreeGreenDays,3,172,134,77.91,3.18,Price>SMA50 + Price>SMA200 + ThreeGreenDays
EMA10>EMA50 + Price>SMA200 + VolSpike>1.5,3,181,141,77.9,3.62,EMA10>EMA50 + Price>SMA200 + VolSpike>1.5
SMA50>SMA200 + MACD>Signal + MACD_Hist>0,3,768,598,77.86,3.52,SMA50>SMA200 + MACD>Signal + MACD_Hist>0
SMA50>SMA200 + MACD_Hist>0,2,768,598,77.86,3.52,SMA50>SMA200 + MACD_Hist>0
SMA50>SMA200 + MACD>Signal,2,768,598,77.86,3.52,SMA50>SMA200 + MACD>Signal
SMA5>SMA20 + Price>SMA20 + Price>SMA200,3,1138,886,77.86,2.96,SMA5>SMA20 + Price>SMA20 + Price>SMA200
SMA5>SMA20 + SMA10>SMA50 + EMA5>EMA20,3,1507,1173,77.84,2.69,SMA5>SMA20 + SMA10>SMA50 + EMA5>EMA20
EMA10>EMA50 + Price>SMA20 + Price>EMA20,3,1387,1079,77.79,2.89,EMA10>EMA50 + Price>SMA20 + Price>EMA20
SMA5>SMA20 + SMA20>SMA100 + Price>SMA20,3,1202,935,77.79,3.0,SMA5>SMA20 + SMA20>SMA100 + Price>SMA20
SMA5>SMA20 + SMA10>SMA50,2,1512,1176,77.78,2.67,SMA5>SMA20 + SMA10>SMA50
Price>EMA20 + RSI14_30_50,2,54,42,77.78,1.84,Price>EMA20 + RSI14_30_50
SMA10>SMA50 + Price>SMA20 + Price>SMA200,3,1107,861,77.78,2.99,SMA10>SMA50 + Price>SMA20 + Price>SMA200
SMA5>SMA20 + Price>SMA200 + ADX>25,3,881,685,77.75,3.13,SMA5>SMA20 + Price>SMA200 + ADX>25
EMA10>EMA50 + Price>SMA20,2,1389,1080,77.75,2.89,EMA10>EMA50 + Price>SMA20
SMA5>SMA20,1,1738,1351,77.73,2.62,SMA5>SMA20
EMA10>EMA50 + ADX>20_PlusDI>MinusDI,2,1091,848,77.73,3.01,EMA10>EMA50 + ADX>20_PlusDI>MinusDI
SMA50>SMA200 + Price>SMA20 + ADX>25,3,753,585,77.69,3.41,SMA50>SMA200 + Price>SMA20 + ADX>25
SMA5>SMA20 + EMA5>EMA20,2,1648,1280,77.67,2.69,SMA5>SMA20 + EMA5>EMA20
Price>SMA200 + Price>EMA20 + ADX>25,3,876,680,77.63,3.26,Price>SMA200 + Price>EMA20 + ADX>25
EMA5>EMA20 + Price>EMA20,2,1613,1252,77.62,2.76,EMA5>EMA20 + Price>EMA20
Price>SMA200 + Price>EMA20 + ADX>20_PlusDI>MinusDI,3,902,700,77.61,3.26,Price>SMA200 + Price>EMA20 + ADX>20_PlusDI>MinusDI
EMA5>EMA20 + Price>SMA50 + Price>EMA20,3,1524,1182,77.56,2.77,EMA5>EMA20 + Price>SMA50 + Price>EMA20
SMA20>SMA100 + EMA5>EMA20 + ADX>25,3,940,729,77.55,3.13,SMA20>SMA100 + EMA5>EMA20 + ADX>25
Price>SMA200 + ADX>25 + VolSpike>1.5,3,147,114,77.55,3.84,Price>SMA200 + ADX>25 + VolSpike>1.5
SMA10>SMA50 + EMA10>EMA50 + Price>EMA20,3,1385,1074,77.55,2.85,SMA10>SMA50 + EMA10>EMA50 + Price>EMA20
SMA10>SMA50 + SMA20>SMA100 + ADX>20_PlusDI>MinusDI,3,944,732,77.54,3.13,SMA10>SMA50 + SMA20>SMA100 + ADX>20_PlusDI>MinusDI
SMA20>SMA100 + Price>SMA50 + ADX>20_PlusDI>MinusDI,3,957,742,77.53,3.17,SMA20>SMA100 + Price>SMA50 + ADX>20_PlusDI>MinusDI
SMA5>SMA20 + Price>SMA50,2,1546,1198,77.49,2.69,SMA5>SMA20 + Price>SMA50
SMA20>SMA100 + EMA10>EMA50 + VolSpike>1.5,3,191,148,77.49,3.59,SMA20>SMA100 + EMA10>EMA50 + VolSpike>1.5
SMA5>SMA20 + Price>SMA20 + Stoch_Cross_Up,3,431,334,77.49,2.49,SMA5>SMA20 + Price>SMA20 + Stoch_Cross_Up
SMA5>SMA20 + EMA5>EMA20 + Price>SMA50,3,1544,1196,77.46,2.69,SMA5>SMA20 + EMA5>EMA20 + Price>SMA50
Stoch_Cross_Up + ADX>25 + ADX>20_PlusDI>MinusDI,3,306,237,77.45,2.62,Stoch_Cross_Up + ADX>25 + ADX>20_PlusDI>MinusDI
SMA10>SMA50 + SMA20>SMA100 + Price>SMA20,3,1188,920,77.44,2.98,SMA10>SMA50 + SMA20>SMA100 + Price>SMA20
SMA10>SMA50 + Stoch_Cross_Up + ADX>25,3,288,223,77.43,2.53,SMA10>SMA50 + Stoch_Cross_Up + ADX>25
SMA5>SMA20 + Stoch_Cross_Up,2,434,336,77.42,2.48,SMA5>SMA20 + Stoch_Cross_Up
SMA20>SMA100 + Price>SMA200 + VolSpike>1.5,3,177,137,77.4,3.68,SMA20>SMA100 + Price>SMA200 + VolSpike>1.5
SMA5>SMA20 + Price>EMA20 + Stoch_Cross_Up,3,424,328,77.36,2.5,SMA5>SMA20 + Price>EMA20 + Stoch_Cross_Up
Price>SMA50 + Price>EMA20,2,1536,1188,77.34,2.76,Price>SMA50 + Price>EMA20
SMA20>SMA100 + VolSpike>1.5,2,194,150,77.32,3.57,SMA20>SMA100 + VolSpike>1.5
Price>EMA20,1,1670,1291,77.31,2.73,Price>EMA20
SMA5>SMA20 + EMA10>EMA50 + Price>SMA50,3,1418,1096,77.29,2.76,SMA5>SMA20 + EMA10>EMA50 + Price>SMA50
SMA50>SMA200 + Price>SMA20 + ADX>20_PlusDI>MinusDI,3,770,595,77.27,3.43,SMA50>SMA200 + Price>SMA20 + ADX>20_PlusDI>MinusDI
GoldenCross_5_20 + MACD>Signal,2,22,17,77.27,3.37,GoldenCross_5_20 + MACD>Signal
GoldenCross_5_20 + MACD>Signal + MACD_Hist>0,3,22,17,77.27,3.37,GoldenCross_5_20 + MACD>Signal + MACD_Hist>0
SMA5>SMA20 + GoldenCross_5_20 + MACD>Signal,3,22,17,77.27,3.37,SMA5>SMA20 + GoldenCross_5_20 + MACD>Signal
SMA50>SMA200 + VolSpike>1.5 + ThreeGreenDays,3,22,17,77.27,3.04,SMA50>SMA200 + VolSpike>1.5 + ThreeGreenDays
GoldenCross_5_20 + MACD_Hist>0,2,22,17,77.27,3.37,GoldenCross_5_20 + MACD_Hist>0
SMA5>SMA20 + GoldenCross_5_20 + MACD_Hist>0,3,22,17,77.27,3.37,SMA5>SMA20 + GoldenCross_5_20 + MACD_Hist>0
SMA5>SMA20 + Price>SMA200 + Price>EMA20,3,1148,887,77.26,2.91,SMA5>SMA20 + Price>SMA200 + Price>EMA20
EMA5>EMA20 + EMA10>EMA50 + Price>EMA20,3,1404,1084,77.21,2.83,EMA5>EMA20 + EMA10>EMA50 + Price>EMA20
EMA10>EMA50 + Price>SMA50 + Price>EMA20,3,1408,1087,77.2,2.84,EMA10>EMA50 + Price>SMA50 + Price>EMA20
SMA50>SMA200 + Price>SMA50 + ThreeGreenDays,3,149,115,77.18,3.23,SMA50>SMA200 + Price>SMA50 + ThreeGreenDays
EMA5>EMA20 + Price>SMA20 + Price>SMA200,3,1148,886,77.18,2.95,EMA5>EMA20 + Price>SMA20 + Price>SMA200
SMA5>SMA20 + SMA10>SMA50 + EMA10>EMA50,3,1410,1088,77.16,2.72,SMA5>SMA20 + SMA10>SMA50 + EMA10>EMA50
SMA20>SMA100 + EMA5>EMA20 + Price>SMA20,3,1217,939,77.16,2.98,SMA20>SMA100 + EMA5>EMA20 + Price>SMA20
SMA5>SMA20 + SMA10>SMA50 + Stoch_Cross_Up,3,376,290,77.13,2.55,SMA5>SMA20 + SMA10>SMA50 + Stoch_Cross_Up
SMA5>SMA20 + EMA5>EMA20 + Stoch_Cross_Up,3,415,320,77.11,2.52,SMA5>SMA20 + EMA5>EMA20 + Stoch_Cross_Up
SMA5>SMA20 + EMA5>EMA20 + EMA10>EMA50,3,1427,1100,77.08,2.75,SMA5>SMA20 + EMA5>EMA20 + EMA10>EMA50
SMA5>SMA20 + SMA50>SMA200 + ADX>20_PlusDI>MinusDI,3,785,605,77.07,3.33,SMA5>SMA20 + SMA50>SMA200 + ADX>20_PlusDI>MinusDI
SMA5>SMA20 + EMA10>EMA50,2,1435,1106,77.07,2.72,SMA5>SMA20 + EMA10>EMA50
SMA20>SMA100 + Price>SMA20 + Price>SMA50,3,1212,934,77.06,2.98,SMA20>SMA100 + Price>SMA20 + Price>SMA50
Price>SMA20 + Price>SMA50 + Price>SMA200,3,1137,876,77.04,2.96,Price>SMA20 + Price>SMA50 + Price>SMA200
EMA10>EMA50 + Price>SMA20 + Price>SMA200,3,1137,876,77.04,2.97,EMA10>EMA50 + Price>SMA20 + Price>SMA200
SMA20>SMA100 + Price>SMA20 + Price>SMA200,3,1114,858,77.02,3.06,SMA20>SMA100 + Price>SMA20 + Price>SMA200
SMA5>SMA20 + SMA50>SMA200 + ADX>25,3,766,590,77.02,3.22,SMA5>SMA20 + SMA50>SMA200 + ADX>25
EMA5>EMA20 + Price>SMA200 + ADX>20_PlusDI>MinusDI,3,914,704,77.02,3.15,EMA5>EMA20 + Price>SMA200 + ADX>20_PlusDI>MinusDI
SMA5>SMA20 + SMA20>SMA100 + Price>EMA20,3,1218,938,77.01,2.93,SMA5>SMA20 + SMA20>SMA100 + Price>EMA20
ADX>20_PlusDI>MinusDI,1,1334,1027,76.99,2.79,ADX>20_PlusDI>MinusDI
EMA10>EMA50 + Stoch_Cross_Up + ADX>20_PlusDI>MinusDI,3,278,214,76.98,2.79,EMA10>EMA50 + Stoch_Cross_Up + ADX>20_PlusDI>MinusDI
EMA10>EMA50 + Price>EMA20,2,1416,1090,76.98,2.83,EMA10>EMA50 + Price>EMA20
SMA20>SMA100 + Price>SMA20 + Price>EMA20,3,1227,944,76.94,2.98,SMA20>SMA100 + Price>SMA20 + Price>EMA20
Price>SMA20 + Price>SMA200 + Price>EMA20,3,1162,894,76.94,2.94,Price>SMA20 + Price>SMA200 + Price>EMA20
SMA10>SMA50 + Price>SMA200 + Price>EMA20,3,1132,871,76.94,2.92,SMA10>SMA50 + Price>SMA200 + Price>EMA20
SMA5>SMA20 + RSI14_30_50,2,143,110,76.92,1.5,SMA5>SMA20 + RSI14_30_50
SMA10>SMA50 + SMA20>SMA100 + ThreeGreenDays,3,186,143,76.88,2.96,SMA10>SMA50 + SMA20>SMA100 + ThreeGreenDays
SMA20>SMA100 + Price>SMA20,2,1232,947,76.87,2.97,SMA20>SMA100 + Price>SMA20
SMA5>SMA20 + Price>SMA50 + Stoch_Cross_Up,3,389,299,76.86,2.54,SMA5>SMA20 + Price>SMA50 + Stoch_Cross_Up
SMA10>SMA50 + Price>SMA50 + ADX>25,3,1114,856,76.84,2.74,SMA10>SMA50 + Price>SMA50 + ADX>25
Price>SMA20 + Price>SMA200,2,1170,899,76.84,2.93,Price>SMA20 + Price>SMA200
SMA10>SMA50 + Price>SMA200 + ADX>20_PlusDI>MinusDI,3,892,685,76.79,3.08,SMA10>SMA50 + Price>SMA200 + ADX>20_PlusDI>MinusDI
SMA5>SMA20 + SMA10>SMA50 + Price>SMA200,3,1146,880,76.79,2.8,SMA5>SMA20 + SMA10>SMA50 + Price>SMA200
SMA5>SMA20 + SMA50>SMA200 + Price>SMA20,3,986,757,76.77,3.05,SMA5>SMA20 + SMA50>SMA200 + Price>SMA20
SMA5>SMA20 + SMA20>SMA100 + Price>SMA200,3,1140,875,76.75,2.92,SMA5>SMA20 + SMA20>SMA100 + Price>SMA200
SMA5>SMA20 + EMA10>EMA50 + Price>SMA200,3,1169,897,76.73,2.82,SMA5>SMA20 + EMA10>EMA50 + Price>SMA200
SMA20>SMA100 + EMA10>EMA50 + Price>SMA20,3,1220,936,76.72,2.95,SMA20>SMA100 + EMA10>EMA50 + Price>SMA20
SMA10>SMA50 + EMA5>EMA20 + Price>SMA50,3,1533,1176,76.71,2.61,SMA10>SMA50 + EMA5>EMA20 + Price>SMA50
SMA5>SMA20 + EMA10>EMA50 + Stoch_Cross_Up,3,352,270,76.7,2.66,SMA5>SMA20 + EMA10>EMA50 + Stoch_Cross_Up
SMA50>SMA200 + EMA10>EMA50 + VolSpike>1.5,3,163,125,76.69,3.77,SMA50>SMA200 + EMA10>EMA50 + VolSpike>1.5
SMA20>SMA100 + SMA50>SMA200 + VolSpike>1.5,3,163,125,76.69,3.8,SMA20>SMA100 + SMA50>SMA200 + VolSpike>1.5
SMA20>SMA100 + EMA10>EMA50 + ADX>20_PlusDI>MinusDI,3,986,756,76.67,3.08,SMA20>SMA100 + EMA10>EMA50 + ADX>20_PlusDI>MinusDI
MACD_Hist>0 + ADX>25,2,1167,894,76.61,2.84,MACD_Hist>0 + ADX>25
MACD>Signal + MACD_Hist>0 + ADX>25,3,1167,894,76.61,2.84,MACD>Signal + MACD_Hist>0 + ADX>25
MACD>Signal + ADX>25,2,1167,894,76.61,2.84,MACD>Signal + ADX>25
SMA10>SMA50 + EMA5>EMA20,2,1543,1182,76.6,2.61,SMA10>SMA50 + EMA5>EMA20
SMA5>SMA20 + Price>SMA200,2,1196,916,76.59,2.78,SMA5>SMA20 + Price>SMA200
SMA5>SMA20 + Price>SMA50 + Price>SMA200,3,1162,890,76.59,2.81,SMA5>SMA20 + Price>SMA50 + Price>SMA200
SMA50>SMA200 + Price>EMA20 + ADX>25,3,756,579,76.59,3.38,SMA50>SMA200 + Price>EMA20 + ADX>25
SMA5>SMA20 + SMA20>SMA100 + Stoch_Cross_Up,3,311,238,76.53,2.77,SMA5>SMA20 + SMA20>SMA100 + Stoch_Cross_Up
SMA50>SMA200 + Price>EMA20 + ADX>20_PlusDI>MinusDI,3,773,591,76.46,3.38,SMA50>SMA200 + Price>EMA20 + ADX>20_PlusDI>MinusDI
SMA10>SMA50 + Price>SMA20 + Stoch_Cross_Up,3,378,289,76.46,2.53,SMA10>SMA50 + Price>SMA20 + Stoch_Cross_Up
SMA5>SMA20 + EMA5>EMA20 + Price>SMA200,3,1181,903,76.46,2.79,SMA5>SMA20 + EMA5>EMA20 + Price>SMA200
SMA10>SMA50 + SMA20>SMA100 + Price>EMA20,3,1217,930,76.42,2.89,SMA10>SMA50 + SMA20>SMA100 + Price>EMA20
Price>SMA50 + Price>SMA200 + ADX>20_PlusDI>MinusDI,3,911,696,76.4,3.09,Price>SMA50 + Price>SMA200 + ADX>20_PlusDI>MinusDI
SMA20>SMA100 + ADX>20_PlusDI>MinusDI,2,1000,764,76.4,3.08,SMA20>SMA100 + ADX>20_PlusDI>MinusDI
SMA10>SMA50 + SMA50>SMA200 + Price>SMA20,3,940,718,76.38,3.09,SMA10>SMA50 + SMA50>SMA200 + Price>SMA20
EMA5>EMA20 + Price>SMA200 + Price>EMA20,3,1168,892,76.37,2.88,EMA5>EMA20 + Price>SMA200 + Price>EMA20
Price>SMA20 + BB_Squeeze + ADX>20_PlusDI>MinusDI,3,427,326,76.35,1.87,Price>SMA20 + BB_Squeeze + ADX>20_PlusDI>MinusDI
SMA5>SMA20 + Price>SMA200 + Stoch_Cross_Up,3,296,226,76.35,2.69,SMA5>SMA20 + Price>SMA200 + Stoch_Cross_Up
EMA5>EMA20 + Price>SMA20 + Stoch_Cross_Up,3,418,319,76.32,2.49,EMA5>EMA20 + Price>SMA20 + Stoch_Cross_Up
SMA20>SMA100 + Price>SMA200 + Price>EMA20,3,1136,867,76.32,3.01,SMA20>SMA100 + Price>SMA200 + Price>EMA20
EMA10>EMA50 + Price>SMA200 + Price>EMA20,3,1161,886,76.31,2.91,EMA10>EMA50 + Price>SMA200 + Price>EMA20
EMA5>EMA20,1,1692,1291,76.3,2.6,EMA5>EMA20
SMA50>SMA200 + MACD_Hist>0 + Stoch_Cross_Up,3,198,151,76.26,3.29,SMA50>SMA200 + MACD_Hist>0 + Stoch_Cross_Up
SMA50>SMA200 + MACD>Signal + Stoch_Cross_Up,3,198,151,76.26,3.29,SMA50>SMA200 + MACD>Signal + Stoch_Cross_Up
Price>SMA50 + Price>SMA200 + Price>EMA20,3,1162,886,76.25,2.9,Price>SMA50 + Price>SMA200 + Price>EMA20
SMA5>SMA20 + SMA20>SMA100 + Price>SMA50,3,1245,949,76.22,2.82,SMA5>SMA20 + SMA20>SMA100 + Price>SMA50
SMA20>SMA100 + EMA5>EMA20 + Price>EMA20,3,1240,945,76.21,2.9,SMA20>SMA100 + EMA5>EMA20 + Price>EMA20
Price>SMA200 + Price>EMA20,2,1189,906,76.2,2.88,Price>SMA200 + Price>EMA20
SMA5>SMA20 + SMA20>SMA100,2,1267,965,76.16,2.81,SMA5>SMA20 + SMA20>SMA100
EMA5>EMA20 + Price>SMA50,2,1584,1206,76.14,2.6,EMA5>EMA20 + Price>SMA50
Price>SMA50 + ADX>25,2,1148,874,76.13,2.71,Price>SMA50 + ADX>25
EMA5>EMA20 + Price>SMA200 + ADX>25,3,896,682,76.12,3.03,EMA5>EMA20 + Price>SMA200 + ADX>25
SMA5>SMA20 + SMA10>SMA50 + SMA20>SMA100,3,1235,940,76.11,2.78,SMA5>SMA20 + SMA10>SMA50 + SMA20>SMA100
Price>SMA50 + Stoch_Cross_Up + VolSpike>1.5,3,46,35,76.09,3.42,Price>SMA50 + Stoch_Cross_Up + VolSpike>1.5
Price>SMA20 + Stoch_Cross_Up + VolSpike>1.5,3,46,35,76.09,3.6,Price>SMA20 + Stoch_Cross_Up + VolSpike>1.5
SMA20>SMA100 + Price>SMA50 + Price>EMA20,3,1241,944,76.07,2.9,SMA20>SMA100 + Price>SMA50 + Price>EMA20
SMA5>SMA20 + SMA20>SMA100 + EMA5>EMA20,3,1257,956,76.05,2.81,SMA5>SMA20 + SMA20>SMA100 + EMA5>EMA20
SMA10>SMA50 + Price>EMA20 + Stoch_Cross_Up,3,384,292,76.04,2.49,SMA10>SMA50 + Price>EMA20 + Stoch_Cross_Up
SMA5>SMA20 + SMA20>SMA100 + EMA10>EMA50,3,1260,958,76.03,2.79,SMA5>SMA20 + SMA20>SMA100 + EMA10>EMA50
MACD>Signal + Stoch_Cross_Up + ADX>25,3,296,225,76.01,2.5,MACD>Signal + Stoch_Cross_Up + ADX>25
MACD_Hist>0 + Stoch_Cross_Up + ADX>25,3,296,225,76.01,2.5,MACD_Hist>0 + Stoch_Cross_Up + ADX>25
SMA20>SMA100 + SMA50>SMA200 + Price>SMA20,3,971,738,76.0,3.16,SMA20>SMA100 + SMA50>SMA200 + Price>SMA20
SMA20>SMA100 + Price>EMA20,2,1258,956,75.99,2.9,SMA20>SMA100 + Price>EMA20
EMA10>EMA50 + Price>SMA200 + ADX>20_PlusDI>MinusDI,3,933,709,75.99,3.04,EMA10>EMA50 + Price>SMA200 + ADX>20_PlusDI>MinusDI
SMA20>SMA100 + Stoch_Cross_Up + ADX>20_PlusDI>MinusDI,3,254,193,75.98,2.87,SMA20>SMA100 + Stoch_Cross_Up + ADX>20_PlusDI>MinusDI
SMA5>SMA20 + SMA50>SMA200 + Stoch_Cross_Up,3,258,196,75.97,2.87,SMA5>SMA20 + SMA50>SMA200 + Stoch_Cross_Up
SMA5>SMA20 + SMA50>SMA200 + Price>EMA20,3,990,752,75.96,3.0,SMA5>SMA20 + SMA50>SMA200 + Price>EMA20
SMA10>SMA50 + EMA5>EMA20 + Stoch_Cross_Up,3,382,290,75.92,2.49,SMA10>SMA50 + EMA5>EMA20 + Stoch_Cross_Up
SMA5>SMA20 + SMA20>SMA100 + SMA50>SMA200,3,995,755,75.88,3.02,SMA5>SMA20 + SMA20>SMA100 + SMA50>SMA200
SMA10>SMA50 + EMA5>EMA20 + EMA10>EMA50,3,1442,1094,75.87,2.64,SMA10>SMA50 + EMA5>EMA20 + EMA10>EMA50
Stoch_Cross_Up + ADX>20_PlusDI>MinusDI,2,344,261,75.87,2.45,Stoch_Cross_Up + ADX>20_PlusDI>MinusDI
SMA20>SMA100 + EMA10>EMA50 + Price>EMA20,3,1247,946,75.86,2.88,SMA20>SMA100 + EMA10>EMA50 + Price>EMA20
EMA10>EMA50 + Price>SMA50 + ADX>25,3,1081,820,75.86,2.75,EMA10>EMA50 + Price>SMA50 + ADX>25
SMA50>SMA200 + EMA5>EMA20 + Price>SMA20,3,985,747,75.84,3.05,SMA50>SMA200 + EMA5>EMA20 + Price>SMA20
EMA5>EMA20 + Price>EMA20 + Stoch_Cross_Up,3,422,320,75.83,2.45,EMA5>EMA20 + Price>EMA20 + Stoch_Cross_Up
EMA5>EMA20 + EMA10>EMA50 + Price>SMA50,3,1456,1104,75.82,2.66,EMA5>EMA20 + EMA10>EMA50 + Price>SMA50
SMA50>SMA200 + EMA5>EMA20 + ADX>20_PlusDI>MinusDI,3,781,592,75.8,3.26,SMA50>SMA200 + EMA5>EMA20 + ADX>20_PlusDI>MinusDI
SMA20>SMA100 + Price>SMA200 + ADX>20_PlusDI>MinusDI,3,921,698,75.79,3.14,SMA20>SMA100 + Price>SMA200 + ADX>20_PlusDI>MinusDI
SMA20>SMA100 + EMA10>EMA50 + ThreeGreenDays,3,194,147,75.77,2.87,SMA20>SMA100 + EMA10>EMA50 + ThreeGreenDays
SMA50>SMA200 + Price>SMA20,2,1022,774,75.73,3.0,SMA50>SMA200 + Price>SMA20
Price>SMA200 + ADX>25 + ADX>20_PlusDI>MinusDI,3,885,670,75.71,3.03,Price>SMA200 + ADX>25 + ADX>20_PlusDI>MinusDI
Price>SMA20 + BB_Squeeze + VolSpike>1.5,3,74,56,75.68,1.97,Price>SMA20 + BB_Squeeze + VolSpike>1.5
EMA5>EMA20 + Stoch_Cross_Up,2,423,320,75.65,2.44,EMA5>EMA20 + Stoch_Cross_Up
SMA50>SMA200 + Price>SMA20 + Price>SMA50,3,969,733,75.64,3.06,SMA50>SMA200 + Price>SMA20 + Price>SMA50
Price>SMA20 + Stoch_Cross_Up,2,447,338,75.62,2.37,Price>SMA20 + Stoch_Cross_Up
SMA50>SMA200 + Price>SMA20 + Price>EMA20,3,1004,759,75.6,3.03,SMA50>SMA200 + Price>SMA20 + Price>EMA20
EMA5>EMA20 + EMA10>EMA50,2,1469,1110,75.56,2.64,EMA5>EMA20 + EMA10>EMA50
Price>EMA20 + Stoch_Cross_Up + VolSpike>1.5,3,45,34,75.56,3.57,Price>EMA20 + Stoch_Cross_Up + VolSpike>1.5
SMA5>SMA20 + BB_Squeeze + ADX>20_PlusDI>MinusDI,3,441,333,75.51,1.77,SMA5>SMA20 + BB_Squeeze + ADX>20_PlusDI>MinusDI
SMA50>SMA200 + EMA10>EMA50 + Price>SMA20,3,972,734,75.51,3.05,SMA50>SMA200 + EMA10>EMA50 + Price>SMA20
Price>SMA20 + Price>EMA20 + Stoch_Cross_Up,3,436,329,75.46,2.4,Price>SMA20 + Price>EMA20 + Stoch_Cross_Up
SMA5>SMA20 + SMA50>SMA200,2,1043,787,75.46,2.84,SMA5>SMA20 + SMA50>SMA200
SMA50>SMA200 + Price>SMA20 + Price>SMA200,3,1002,756,75.45,3.02,SMA50>SMA200 + Price>SMA20 + Price>SMA200
SMA10>SMA50 + SMA50>SMA200 + Price>EMA20,3,965,728,75.44,3.01,SMA10>SMA50 + SMA50>SMA200 + Price>EMA20
SMA10>SMA50 + EMA5>EMA20 + Price>SMA200,3,1176,887,75.43,2.71,SMA10>SMA50 + EMA5>EMA20 + Price>SMA200
Price>SMA20 + BB_Squeeze + ADX>25,3,427,322,75.41,1.76,Price>SMA20 + BB_Squeeze + ADX>25
SMA5>SMA20 + SMA10>SMA50 + SMA50>SMA200,3,978,737,75.36,2.86,SMA5>SMA20 + SMA10>SMA50 + SMA50>SMA200
EMA10>EMA50 + Stoch_Cross_Up + ADX>25,3,280,211,75.36,2.5,EMA10>EMA50 + Stoch_Cross_Up + ADX>25
SMA10>SMA50 + SMA50>SMA200 + ADX>20_PlusDI>MinusDI,3,755,569,75.36,3.18,SMA10>SMA50 + SMA50>SMA200 + ADX>20_PlusDI>MinusDI
SMA5>SMA20 + SMA50>SMA200 + Price>SMA200,3,1026,773,75.34,2.87,SMA5>SMA20 + SMA50>SMA200 + Price>SMA200
SMA10>SMA50 + ThreeGreenDays,2,227,171,75.33,2.64,SMA10>SMA50 + ThreeGreenDays
Price>SMA20 + Price>SMA50 + Stoch_Cross_Up,3,397,299,75.31,2.47,Price>SMA20 + Price>SMA50 + Stoch_Cross_Up
EMA5>EMA20 + Price>SMA50 + Stoch_Cross_Up,3,397,299,75.31,2.46,EMA5>EMA20 + Price>SMA50 + Stoch_Cross_Up
SMA5>SMA20 + SMA50>SMA200 + Price>SMA50,3,992,747,75.3,2.9,SMA5>SMA20 + SMA50>SMA200 + Price>SMA50
SMA5>SMA20 + SMA50>SMA200 + EMA10>EMA50,3,1003,755,75.27,2.87,SMA5>SMA20 + SMA50>SMA200 + EMA10>EMA50
Price>SMA200 + VolSpike>1.5,2,194,146,75.26,3.37,Price>SMA200 + VolSpike>1.5
SMA20>SMA100 + SMA50>SMA200 + Price>EMA20,3,993,747,75.23,3.1,SMA20>SMA100 + SMA50>SMA200 + Price>EMA20
SMA10>SMA50 + EMA10>EMA50 + ThreeGreenDays,3,214,161,75.23,2.65,SMA10>SMA50 + EMA10>EMA50 + ThreeGreenDays
MACD>Signal + MACD_Hist>0 + ThreeGreenDays,3,230,173,75.22,2.69,MACD>Signal + MACD_Hist>0 + ThreeGreenDays
MACD_Hist>0 + ThreeGreenDays,2,230,173,75.22,2.69,MACD_Hist>0 + ThreeGreenDays
MACD>Signal + ThreeGreenDays,2,230,173,75.22,2.69,MACD>Signal + ThreeGreenDays
SMA5>SMA20 + SMA50>SMA200 + EMA5>EMA20,3,1016,764,75.2,2.88,SMA5>SMA20 + SMA50>SMA200 + EMA5>EMA20
SMA50>SMA200 + ADX>25 + VolSpike>1.5,3,137,103,75.18,3.86,SMA50>SMA200 + ADX>25 + VolSpike>1.5
Price>EMA20 + Stoch_Cross_Up,2,442,332,75.11,2.36,Price>EMA20 + Stoch_Cross_Up
EMA5>EMA20 + EMA10>EMA50 + Price>SMA200,3,1201,902,75.1,2.71,EMA5>EMA20 + EMA10>EMA50 + Price>SMA200
EMA5>EMA20 + Price>SMA50 + Price>SMA200,3,1197,899,75.1,2.71,EMA5>EMA20 + Price>SMA50 + Price>SMA200
SMA20>SMA100 + EMA5>EMA20 + Price>SMA200,3,1170,878,75.04,2.82,SMA20>SMA100 + EMA5>EMA20 + Price>SMA200
SMA50>SMA200 + Price>SMA50 + ADX>20_PlusDI>MinusDI,3,773,580,75.03,3.2,SMA50>SMA200 + Price>SMA50 + ADX>20_PlusDI>MinusDI
SMA50>SMA200 + EMA5>EMA20 + ADX>25,3,769,577,75.03,3.15,SMA50>SMA200 + EMA5>EMA20 + ADX>25
SMA5>SMA20 + GoldenCross_5_20 + ADX>25,3,20,15,75.0,2.87,SMA5>SMA20 + GoldenCross_5_20 + ADX>25
EMA5>EMA20 + EMA10>EMA50 + Stoch_Cross_Up,3,360,270,75.0,2.57,EMA5>EMA20 + EMA10>EMA50 + Stoch_Cross_Up
Price>SMA20 + RSI14_Rising,2,24,18,75.0,1.64,Price>SMA20 + RSI14_Rising
Stoch_Cross_Up + ADX>20_PlusDI>MinusDI + VolSpike>1.5,3,36,27,75.0,3.75,Stoch_Cross_Up + ADX>20_PlusDI>MinusDI + VolSpike>1.5
GoldenCross_5_20 + ADX>25,2,20,15,75.0,2.87,GoldenCross_5_20 + ADX>25
Price>SMA50 + Price>EMA20 + Stoch_Cross_Up,3,403,302,74.94,2.42,Price>SMA50 + Price>EMA20 + Stoch_Cross_Up
SMA50>SMA200 + EMA5>EMA20 + Price>EMA20,3,1005,753,74.93,2.97,SMA50>SMA200 + EMA5>EMA20 + Price>EMA20
EMA5>EMA20 + Price>SMA200,2,1220,914,74.92,2.69,EMA5>EMA20 + Price>SMA200
SMA20>SMA100 + Price>SMA50 + ADX>25,3,984,737,74.9,2.81,SMA20>SMA100 + Price>SMA50 + ADX>25
ADX>25 + VolSpike>1.5,2,215,161,74.88,3.16,ADX>25 + VolSpike>1.5
MACD_Hist>0 + BB_Squeeze + ADX>25,3,330,247,74.85,1.85,MACD_Hist>0 + BB_Squeeze + ADX>25
MACD>Signal + BB_Squeeze + ADX>25,3,330,247,74.85,1.85,MACD>Signal + BB_Squeeze + ADX>25
EMA10>EMA50 + Price>SMA20 + Stoch_Cross_Up,3,361,270,74.79,2.57,EMA10>EMA50 + Price>SMA20 + Stoch_Cross_Up
SMA50>SMA200 + Price>EMA20,2,1031,771,74.78,2.96,SMA50>SMA200 + Price>EMA20
SMA50>SMA200 + Price>SMA50 + Price>EMA20,3,994,743,74.75,2.98,SMA50>SMA200 + Price>SMA50 + Price>EMA20
SMA50>SMA200 + Price>SMA200 + Price>EMA20,3,1021,763,74.73,2.97,SMA50>SMA200 + Price>SMA200 + Price>EMA20
SMA50>SMA200 + EMA10>EMA50 + Price>EMA20,3,996,744,74.7,2.98,SMA50>SMA200 + EMA10>EMA50 + Price>EMA20
SMA5>SMA20 + BB_Squeeze + ThreeGreenDays,3,79,59,74.68,1.86,SMA5>SMA20 + BB_Squeeze + ThreeGreenDays
Price>SMA200 + ADX>20_PlusDI>MinusDI,2,974,727,74.64,2.91,Price>SMA200 + ADX>20_PlusDI>MinusDI
SMA10>SMA50 + Price>SMA50,2,1613,1204,74.64,2.4,SMA10>SMA50 + Price>SMA50
SMA10>SMA50 + ADX>25,2,1159,865,74.63,2.5,SMA10>SMA50 + ADX>25
SMA10>SMA50 + SMA20>SMA100 + EMA5>EMA20,3,1268,946,74.61,2.68,SMA10>SMA50 + SMA20>SMA100 + EMA5>EMA20
SMA20>SMA100 + EMA5>EMA20 + Price>SMA50,3,1283,957,74.59,2.7,SMA20>SMA100 + EMA5>EMA20 + Price>SMA50
SMA20>SMA100 + EMA5>EMA20 + Stoch_Cross_Up,3,318,237,74.53,2.67,SMA20>SMA100 + EMA5>EMA20 + Stoch_Cross_Up
SMA20>SMA100 + SMA50>SMA200 + ADX>20_PlusDI>MinusDI,3,797,594,74.53,3.24,SMA20>SMA100 + SMA50>SMA200 + ADX>20_PlusDI>MinusDI
Price>SMA200 + MACD>Signal + BB_Squeeze,3,98,73,74.49,1.64,Price>SMA200 + MACD>Signal + BB_Squeeze
Price>SMA200 + MACD_Hist>0 + BB_Squeeze,3,98,73,74.49,1.64,Price>SMA200 + MACD_Hist>0 + BB_Squeeze
SMA50>SMA200 + ADX>25 + ADX>20_PlusDI>MinusDI,3,783,583,74.46,3.06,SMA50>SMA200 + ADX>25 + ADX>20_PlusDI>MinusDI
SMA20>SMA100 + Price>SMA20 + Stoch_Cross_Up,3,321,239,74.45,2.65,SMA20>SMA100 + Price>SMA20 + Stoch_Cross_Up
SMA10>SMA50 + EMA10>EMA50 + ADX>25,3,1103,821,74.43,2.57,SMA10>SMA50 + EMA10>EMA50 + ADX>25
EMA5>EMA20 + Price>SMA200 + Stoch_Cross_Up,3,301,224,74.42,2.6,EMA5>EMA20 + Price>SMA200 + Stoch_Cross_Up
MACD>Signal + Stoch_Cross_Up + VolSpike>1.5,3,43,32,74.42,3.44,MACD>Signal + Stoch_Cross_Up + VolSpike>1.5
MACD_Hist>0 + Stoch_Cross_Up + VolSpike>1.5,3,43,32,74.42,3.44,MACD_Hist>0 + Stoch_Cross_Up + VolSpike>1.5
SMA50>SMA200 + EMA10>EMA50 + ADX>20_PlusDI>MinusDI,3,797,593,74.4,3.11,SMA50>SMA200 + EMA10>EMA50 + ADX>20_PlusDI>MinusDI
EMA10>EMA50 + Price>EMA20 + Stoch_Cross_Up,3,367,273,74.39,2.52,EMA10>EMA50 + Price>EMA20 + Stoch_Cross_Up
SMA20>SMA100 + EMA5>EMA20,2,1300,967,74.38,2.69,SMA20>SMA100 + EMA5>EMA20
Price>EMA20 + BB_Squeeze + VolSpike>1.5,3,70,52,74.29,1.84,Price>EMA20 + BB_Squeeze + VolSpike>1.5
SMA20>SMA100 + EMA5>EMA20 + EMA10>EMA50,3,1295,962,74.29,2.68,SMA20>SMA100 + EMA5>EMA20 + EMA10>EMA50
SMA10>SMA50 + Price>SMA50 + Stoch_Cross_Up,3,400,297,74.25,2.32,SMA10>SMA50 + Price>SMA50 + Stoch_Cross_Up
Price>SMA20 + Price>SMA200 + Stoch_Cross_Up,3,306,227,74.18,2.57,Price>SMA20 + Price>SMA200 + Stoch_Cross_Up
SMA5>SMA20 + BB_Squeeze + ADX>25,3,448,332,74.11,1.59,SMA5>SMA20 + BB_Squeeze + ADX>25
Price>EMA20 + BB_Squeeze + ADX>20_PlusDI>MinusDI,3,413,306,74.09,1.73,Price>EMA20 + BB_Squeeze + ADX>20_PlusDI>MinusDI
Price>SMA50,1,1669,1235,74.0,2.38,Price>SMA50
EMA10>EMA50 + ThreeGreenDays,2,223,165,73.99,2.57,EMA10>EMA50 + ThreeGreenDays
SMA20>SMA100 + SMA50>SMA200 + EMA5>EMA20,3,1025,758,73.95,2.89,SMA20>SMA100 + SMA50>SMA200 + EMA5>EMA20
SMA20>SMA100 + Price>EMA20 + Stoch_Cross_Up,3,326,241,73.93,2.6,SMA20>SMA100 + Price>EMA20 + Stoch_Cross_Up
MACD>Signal,1,1626,1202,73.92,2.48,MACD>Signal
MACD_Hist>0,1,1626,1202,73.92,2.48,MACD_Hist>0
MACD>Signal + MACD_Hist>0,2,1626,1202,73.92,2.48,MACD>Signal + MACD_Hist>0
EMA5>EMA20 + Stoch_Cross_Up + VolSpike>1.5,3,46,34,73.91,3.42,EMA5>EMA20 + Stoch_Cross_Up + VolSpike>1.5
Price>SMA50 + Price>SMA200 + ADX>25,3,927,685,73.89,2.76,Price>SMA50 + Price>SMA200 + ADX>25
SMA10>SMA50 + SMA50>SMA200 + EMA5>EMA20,3,1007,744,73.88,2.78,SMA10>SMA50 + SMA50>SMA200 + EMA5>EMA20
SMA50>SMA200 + Price>SMA200 + VolSpike>1.5,3,176,130,73.86,3.48,SMA50>SMA200 + Price>SMA200 + VolSpike>1.5
SMA10>SMA50 + Price>SMA200 + ThreeGreenDays,3,176,130,73.86,2.7,SMA10>SMA50 + Price>SMA200 + ThreeGreenDays
SMA10>SMA50 + EMA10>EMA50 + Price>SMA50,3,1517,1120,73.83,2.42,SMA10>SMA50 + EMA10>EMA50 + Price>SMA50
Stoch_Cross_Up + ADX>20_PlusDI>MinusDI + ThreeGreenDays,3,42,31,73.81,2.55,Stoch_Cross_Up + ADX>20_PlusDI>MinusDI + ThreeGreenDays
SMA10>SMA50 + Price>SMA50 + Price>SMA200,3,1237,912,73.73,2.49,SMA10>SMA50 + Price>SMA50 + Price>SMA200
Price>SMA200 + Price>EMA20 + Stoch_Cross_Up,3,311,229,73.63,2.52,Price>SMA200 + Price>EMA20 + Stoch_Cross_Up
SMA50>SMA200 + EMA5>EMA20 + Price>SMA50,3,1027,756,73.61,2.78,SMA50>SMA200 + EMA5>EMA20 + Price>SMA50
EMA10>EMA50 + Price>SMA50,2,1540,1133,73.57,2.42,EMA10>EMA50 + Price>SMA50
EMA10>EMA50 + ADX>25,2,1141,839,73.53,2.5,EMA10>EMA50 + ADX>25
SMA50>SMA200 + Price>SMA20 + Stoch_Cross_Up,3,268,197,73.51,2.73,SMA50>SMA200 + Price>SMA20 + Stoch_Cross_Up
SMA50>SMA200 + EMA5>EMA20 + EMA10>EMA50,3,1034,760,73.5,2.77,SMA50>SMA200 + EMA5>EMA20 + EMA10>EMA50
Price>SMA200 + Stoch_Cross_Up + ADX>20_PlusDI>MinusDI,3,249,183,73.49,2.68,Price>SMA200 + Stoch_Cross_Up + ADX>20_PlusDI>MinusDI
SMA50>SMA200 + EMA5>EMA20,2,1055,775,73.46,2.76,SMA50>SMA200 + EMA5>EMA20
SMA50>SMA200 + EMA5>EMA20 + Stoch_Cross_Up,3,260,191,73.46,2.78,SMA50>SMA200 + EMA5>EMA20 + Stoch_Cross_Up
EMA10>EMA50 + Price>SMA50 + Price>SMA200,3,1258,924,73.45,2.51,EMA10>EMA50 + Price>SMA50 + Price>SMA200
SMA10>SMA50 + Price>SMA200 + ADX>25,3,930,683,73.44,2.69,SMA10>SMA50 + Price>SMA200 + ADX>25
SMA50>SMA200 + EMA5>EMA20 + Price>SMA200,3,1050,771,73.43,2.76,SMA50>SMA200 + EMA5>EMA20 + Price>SMA200
SMA20>SMA100 + ADX>25 + ThreeGreenDays,3,139,102,73.38,2.71,SMA20>SMA100 + ADX>25 + ThreeGreenDays
EMA10>EMA50 + Stoch_Cross_Up + VolSpike>1.5,3,45,33,73.33,3.34,EMA10>EMA50 + Stoch_Cross_Up + VolSpike>1.5
Price>SMA50 + Stoch_Cross_Up,2,419,307,73.27,2.27,Price>SMA50 + Stoch_Cross_Up
SMA20>SMA100 + Price>SMA50 + Price>SMA200,3,1223,896,73.26,2.59,SMA20>SMA100 + Price>SMA50 + Price>SMA200
BB_Squeeze + ADX>25 + ADX>20_PlusDI>MinusDI,3,426,312,73.24,1.51,BB_Squeeze + ADX>25 + ADX>20_PlusDI>MinusDI
Price>SMA50 + Price>SMA200,2,1267,927,73.16,2.48,Price>SMA50 + Price>SMA200
SMA50>SMA200 + Price>SMA200 + ADX>20_PlusDI>MinusDI,3,836,611,73.09,2.98,SMA50>SMA200 + Price>SMA200 + ADX>20_PlusDI>MinusDI
SMA10>SMA50 + SMA20>SMA100 + ADX>25,3,1011,738,73.0,2.59,SMA10>SMA50 + SMA20>SMA100 + ADX>25
SMA50>SMA200 + ADX>20_PlusDI>MinusDI,2,862,629,72.97,2.92,SMA50>SMA200 + ADX>20_PlusDI>MinusDI
EMA5>EMA20 + BB_Squeeze + ThreeGreenDays,3,70,51,72.86,1.9,EMA5>EMA20 + BB_Squeeze + ThreeGreenDays
SMA5>SMA20 + Price>SMA20 + BB_Squeeze,3,626,456,72.84,1.52,SMA5>SMA20 + Price>SMA20 + BB_Squeeze
Price>EMA20 + BB_Squeeze + ADX>25,3,405,295,72.84,1.57,Price>EMA20 + BB_Squeeze + ADX>25
EMA10>EMA50 + Price>SMA200 + ThreeGreenDays,3,184,134,72.83,2.62,EMA10>EMA50 + Price>SMA200 + ThreeGreenDays
SMA5>SMA20 + MACD_Hist_Rising,2,758,552,72.82,2.55,SMA5>SMA20 + MACD_Hist_Rising
SMA50>SMA200 + Price>EMA20 + Stoch_Cross_Up,3,272,198,72.79,2.67,SMA50>SMA200 + Price>EMA20 + Stoch_Cross_Up
SMA50>SMA200 + VolSpike>1.5,2,180,131,72.78,3.39,SMA50>SMA200 + VolSpike>1.5
EMA10>EMA50 + Price>SMA50 + Stoch_Cross_Up,3,382,278,72.77,2.35,EMA10>EMA50 + Price>SMA50 + Stoch_Cross_Up
SMA50>SMA200 + Price>SMA50 + ADX>25,3,792,576,72.73,2.88,SMA50>SMA200 + Price>SMA50 + ADX>25
EMA5>EMA20 + BB_Squeeze + ADX>20_PlusDI>MinusDI,3,410,298,72.68,1.6,EMA5>EMA20 + BB_Squeeze + ADX>20_PlusDI>MinusDI
EMA10>EMA50 + Price>SMA200 + ADX>25,3,966,701,72.57,2.61,EMA10>EMA50 + Price>SMA200 + ADX>25
SMA10>SMA50 + SMA50>SMA200 + ThreeGreenDays,3,153,111,72.55,2.69,SMA10>SMA50 + SMA50>SMA200 + ThreeGreenDays
SMA20>SMA100 + EMA10>EMA50 + ADX>25,3,1041,755,72.53,2.55,SMA20>SMA100 + EMA10>EMA50 + ADX>25
Price>SMA20 + BB_Squeeze + ThreeGreenDays,3,80,58,72.5,1.78,Price>SMA20 + BB_Squeeze + ThreeGreenDays
SMA5>SMA20 + GoldenCross_5_20,2,29,21,72.41,2.66,SMA5>SMA20 + GoldenCross_5_20
GoldenCross_5_20,1,29,21,72.41,2.66,GoldenCross_5_20
SMA10>SMA50 + SMA20>SMA100 + Price>SMA50,3,1344,972,72.32,2.42,SMA10>SMA50 + SMA20>SMA100 + Price>SMA50
SMA10>SMA50,1,1693,1223,72.24,2.17,SMA10>SMA50
SMA10>SMA50 + SMA50>SMA200 + Price>SMA50,3,1065,769,72.21,2.56,SMA10>SMA50 + SMA50>SMA200 + Price>SMA50
SMA20>SMA100 + SMA50>SMA200 + Price>SMA50,3,1075,776,72.19,2.66,SMA20>SMA100 + SMA50>SMA200 + Price>SMA50
SMA10>SMA50 + EMA10>EMA50 + Price>SMA200,3,1279,923,72.17,2.36,SMA10>SMA50 + EMA10>EMA50 + Price>SMA200
MACD_Hist>0 + BB_Squeeze + ThreeGreenDays,3,61,44,72.13,1.33,MACD_Hist>0 + BB_Squeeze + ThreeGreenDays
MACD>Signal + BB_Squeeze + ThreeGreenDays,3,61,44,72.13,1.33,MACD>Signal + BB_Squeeze + ThreeGreenDays
SMA20>SMA100 + EMA10>EMA50 + Price>SMA50,3,1366,985,72.11,2.43,SMA20>SMA100 + EMA10>EMA50 + Price>SMA50
SMA20>SMA100 + Price>SMA50,2,1368,986,72.08,2.43,SMA20>SMA100 + Price>SMA50
Price>SMA50 + BB_Squeeze + VolSpike>1.5,3,68,49,72.06,1.44,Price>SMA50 + BB_Squeeze + VolSpike>1.5
VolSpike>1.5,1,293,211,72.01,2.75,VolSpike>1.5
Price>SMA50 + Price>SMA200 + Stoch_Cross_Up,3,318,229,72.01,2.38,Price>SMA50 + Price>SMA200 + Stoch_Cross_Up
SMA20>SMA100 + Price>SMA50 + Stoch_Cross_Up,3,339,244,71.98,2.41,SMA20>SMA100 + Price>SMA50 + Stoch_Cross_Up
SMA10>SMA50 + Price>SMA200,2,1284,924,71.96,2.34,SMA10>SMA50 + Price>SMA200
SMA10>SMA50 + EMA10>EMA50,2,1576,1134,71.95,2.23,SMA10>SMA50 + EMA10>EMA50
SMA50>SMA200 + EMA10>EMA50 + Price>SMA50,3,1088,782,71.88,2.56,SMA50>SMA200 + EMA10>EMA50 + Price>SMA50
MACD>Signal + Stoch_Cross_Up,2,412,296,71.84,2.14,MACD>Signal + Stoch_Cross_Up
MACD>Signal + MACD_Hist>0 + Stoch_Cross_Up,3,412,296,71.84,2.14,MACD>Signal + MACD_Hist>0 + Stoch_Cross_Up
MACD_Hist>0 + Stoch_Cross_Up,2,412,296,71.84,2.14,MACD_Hist>0 + Stoch_Cross_Up
Price>SMA20 + MACD_Hist_Rising,2,807,579,71.75,2.5,Price>SMA20 + MACD_Hist_Rising
SMA10>SMA50 + SMA20>SMA100 + Price>SMA200,3,1246,894,71.75,2.42,SMA10>SMA50 + SMA20>SMA100 + Price>SMA200
SMA50>SMA200 + Price>SMA50 + Price>SMA200,3,1094,784,71.66,2.55,SMA50>SMA200 + Price>SMA50 + Price>SMA200
SMA50>SMA200 + Price>SMA50,2,1094,784,71.66,2.55,SMA50>SMA200 + Price>SMA50
SMA10>SMA50 + EMA10>EMA50 + Stoch_Cross_Up,3,383,274,71.54,2.2,SMA10>SMA50 + EMA10>EMA50 + Stoch_Cross_Up
SMA10>SMA50 + SMA50>SMA200 + ADX>25,3,803,574,71.48,2.66,SMA10>SMA50 + SMA50>SMA200 + ADX>25
SMA10>SMA50 + Stoch_Cross_Up,2,417,298,71.46,2.09,SMA10>SMA50 + Stoch_Cross_Up
Price>SMA20 + BB_Squeeze,2,655,468,71.45,1.47,Price>SMA20 + BB_Squeeze
SMA5>SMA20 + GoldenCross_5_20 + BB_Squeeze,3,21,15,71.43,2.21,SMA5>SMA20 + GoldenCross_5_20 + BB_Squeeze
GoldenCross_5_20 + BB_Squeeze,2,21,15,71.43,2.21,GoldenCross_5_20 + BB_Squeeze
Price>SMA20 + Bullish_Engulf,2,21,15,71.43,1.54,Price>SMA20 + Bullish_Engulf
SMA50>SMA200 + EMA10>EMA50 + ThreeGreenDays,3,161,115,71.43,2.6,SMA50>SMA200 + EMA10>EMA50 + ThreeGreenDays
MACD_Hist_Rising + ADX>20_PlusDI>MinusDI,2,598,427,71.4,2.6,MACD_Hist_Rising + ADX>20_PlusDI>MinusDI
BB_Squeeze + ADX>20_PlusDI>MinusDI,2,489,349,71.37,1.45,BB_Squeeze + ADX>20_PlusDI>MinusDI
SMA50>SMA200 + Stoch_Cross_Up + ADX>20_PlusDI>MinusDI,3,220,157,71.36,2.77,SMA50>SMA200 + Stoch_Cross_Up + ADX>20_PlusDI>MinusDI
EMA5>EMA20 + Price>SMA20 + BB_Squeeze,3,571,407,71.28,1.48,EMA5>EMA20 + Price>SMA20 + BB_Squeeze
EMA5>EMA20 + MACD_Hist_Rising,2,745,531,71.28,2.55,EMA5>EMA20 + MACD_Hist_Rising
SMA5>SMA20 + BB_Squeeze,2,685,488,71.24,1.34,SMA5>SMA20 + BB_Squeeze
SMA10>SMA50 + BB_Squeeze + VolSpike>1.5,3,66,47,71.21,1.45,SMA10>SMA50 + BB_Squeeze + VolSpike>1.5
Price>EMA20 + MACD_Hist_Rising,2,790,562,71.14,2.53,Price>EMA20 + MACD_Hist_Rising
Price>EMA20 + BB_Squeeze + ThreeGreenDays,3,69,49,71.01,1.71,Price>EMA20 + BB_Squeeze + ThreeGreenDays
SMA10>SMA50 + Price>SMA200 + Stoch_Cross_Up,3,317,225,70.98,2.25,SMA10>SMA50 + Price>SMA200 + Stoch_Cross_Up
SMA50>SMA200 + Price>SMA50 + Stoch_Cross_Up,3,275,195,70.91,2.56,SMA50>SMA200 + Price>SMA50 + Stoch_Cross_Up
SMA5>SMA20 + Price>EMA20 + BB_Squeeze,3,600,425,70.83,1.4,SMA5>SMA20 + Price>EMA20 + BB_Squeeze
EMA5>EMA20 + RSI14_30_50,2,65,46,70.77,1.29,EMA5>EMA20 + RSI14_30_50
SMA50>SMA200 + EMA10>EMA50 + ADX>25,3,837,592,70.73,2.61,SMA50>SMA200 + EMA10>EMA50 + ADX>25
Price>SMA20 + Price>EMA20 + BB_Squeeze,3,604,427,70.7,1.44,Price>SMA20 + Price>EMA20 + BB_Squeeze
EMA5>EMA20 + BB_Squeeze + VolSpike>1.5,3,75,53,70.67,1.45,EMA5>EMA20 + BB_Squeeze + VolSpike>1.5
EMA10>EMA50,1,1653,1167,70.6,2.12,EMA10>EMA50
EMA10>EMA50 + Price>SMA200,2,1356,956,70.5,2.21,EMA10>EMA50 + Price>SMA200
SMA10>SMA50 + SMA20>SMA100 + EMA10>EMA50,3,1401,986,70.38,2.23,SMA10>SMA50 + SMA20>SMA100 + EMA10>EMA50
SMA10>SMA50 + SMA20>SMA100 + SMA50>SMA200,3,1102,774,70.24,2.44,SMA10>SMA50 + SMA20>SMA100 + SMA50>SMA200
SMA20>SMA100 + ThreeGreenDays,2,215,151,70.23,2.26,SMA20>SMA100 + ThreeGreenDays
SMA20>SMA100 + EMA10>EMA50 + Price>SMA200,3,1320,927,70.23,2.28,SMA20>SMA100 + EMA10>EMA50 + Price>SMA200
SMA10>SMA50 + SMA50>SMA200 + Price>SMA200,3,1112,781,70.23,2.39,SMA10>SMA50 + SMA50>SMA200 + Price>SMA200
MACD>Signal + BB_Squeeze + VolSpike>1.5,3,57,40,70.18,2.0,MACD>Signal + BB_Squeeze + VolSpike>1.5
MACD_Hist>0 + BB_Squeeze + VolSpike>1.5,3,57,40,70.18,2.0,MACD_Hist>0 + BB_Squeeze + VolSpike>1.5
SMA10>SMA50 + SMA50>SMA200 + EMA10>EMA50,3,1114,781,70.11,2.34,SMA10>SMA50 + SMA50>SMA200 + EMA10>EMA50
SMA10>SMA50 + Price>SMA20 + BB_Squeeze,3,475,333,70.11,1.3,SMA10>SMA50 + Price>SMA20 + BB_Squeeze
SMA5>SMA20 + EMA5>EMA20 + BB_Squeeze,3,602,422,70.1,1.28,SMA5>SMA20 + EMA5>EMA20 + BB_Squeeze
Price>SMA200 + Stoch_Cross_Up + VolSpike>1.5,3,40,28,70.0,3.31,Price>SMA200 + Stoch_Cross_Up + VolSpike>1.5
