entry_time,direction,entry,exit,exit_type,pnl_pct,win,prob
2023-07-30,LONG,29295.73,29442.21,tp,0.004,1,0.8
2023-07-31,LONG,29246.87,29393.1,tp,0.004,1,0.8191
2023-08-01,SHORT,29691.14,29542.68,tp,0.004025,1,0.8843
2023-08-02,SHORT,29171.42,29025.56,tp,0.004025,1,0.8395
2023-08-03,SHORT,29179.04,29033.15,tp,0.004025,1,0.7776
2023-08-05,LONG,29086.67,28999.41,sl,-0.004,0,0.8341
2023-08-06,SHORT,29073.88,28928.51,tp,0.004025,1,0.7896
2023-08-07,LONG,29225.67,29371.79,tp,0.004,1,0.7516
2023-08-08,SHORT,29755.53,29606.76,tp,0.004025,1,0.9306
2023-08-09,SHORT,29567.2,29419.36,tp,0.004025,1,0.8566
2023-08-10,SHORT,29441.02,29293.82,tp,0.004025,1,0.8172
2023-08-11,SHORT,29411.32,29264.26,tp,0.004025,1,0.8625
2023-08-12,SHORT,29415.45,29268.38,tp,0.004025,1,0.8666
2023-08-13,SHORT,29289.19,29142.74,tp,0.004025,1,0.831
2023-08-14,SHORT,29416.21,29269.13,tp,0.004025,1,0.756
2023-08-15,SHORT,29185.4,29039.47,tp,0.004025,1,0.8164
2023-08-16,SHORT,28716.14,28572.56,tp,0.004025,1,0.7839
2023-08-17,SHORT,26610.1,26477.05,tp,0.004025,1,0.9147
2023-08-18,SHORT,26040.97,25910.77,tp,0.004025,1,0.8703
2023-08-19,LONG,26113.06,26243.63,tp,0.004,1,0.7318
2023-08-20,SHORT,26176.9,26046.01,tp,0.004025,1,0.852
2023-08-21,SHORT,26113.86,25983.29,tp,0.004025,1,0.8425
2023-08-22,SHORT,26042.97,25912.76,tp,0.004025,1,0.8537
2023-08-23,SHORT,26419.5,26287.41,tp,0.004025,1,0.8803
2023-08-24,SHORT,26166.96,26036.13,tp,0.004025,1,0.8361
2023-08-25,LONG,26073.04,25994.82,sl,-0.004,0,0.617
2023-08-26,LONG,26030.38,26160.53,tp,0.004,1,0.8229
2023-08-27,LONG,26114.82,26245.39,tp,0.004,1,0.8327
2023-08-28,SHORT,26106.94,25976.41,tp,0.004025,1,0.8695
2023-08-29,SHORT,27702.48,27563.97,tp,0.004025,1,0.9224
2023-08-30,SHORT,27286.34,27149.91,tp,0.004025,1,0.9289
2023-08-31,LONG,25953.75,26083.52,tp,0.004,1,0.8831
2023-09-01,LONG,25817.95,25947.04,tp,0.004,1,0.8854
2023-09-02,LONG,25882.44,26011.86,tp,0.004,1,0.8593
2023-09-03,SHORT,25958.22,25828.43,tp,0.004025,1,0.8451
2023-09-04,SHORT,25813.11,25684.04,tp,0.004025,1,0.7825
2023-09-05,LONG,25805.0,25934.02,tp,0.004,1,0.8747
2023-09-06,LONG,25772.83,25901.69,tp,0.004,1,0.8907
2023-09-07,SHORT,26241.87,26110.66,tp,0.004025,1,0.8744
2023-09-08,SHORT,25897.54,25768.06,tp,0.004025,1,0.7887
2023-09-09,SHORT,25888.66,25759.22,tp,0.004025,1,0.8667
2023-09-10,SHORT,25828.69,25699.55,tp,0.004025,1,0.798
2023-09-11,LONG,25175.1,25300.98,tp,0.004,1,0.8026
2023-09-12,LONG,25853.02,25982.29,tp,0.004,1,0.8103
2023-09-13,LONG,26235.11,26366.29,tp,0.004,1,0.8199
2023-09-14,SHORT,26509.47,26376.92,tp,0.004025,1,0.8346
2023-09-15,SHORT,26586.7,26453.77,tp,0.004025,1,0.8301
2023-09-16,SHORT,26546.39,26413.66,tp,0.004025,1,0.806
2023-09-17,SHORT,26514.25,26381.68,tp,0.004025,1,0.8814
2023-09-18,LONG,26775.89,26909.77,tp,0.004,1,0.8559
2023-09-19,LONG,27223.87,27359.98,tp,0.004,1,0.823
2023-09-20,SHORT,27111.44,26975.88,tp,0.004025,1,0.8547
2023-09-21,LONG,26581.36,26714.27,tp,0.004,1,0.8569
2023-09-22,LONG,26593.43,26513.65,sl,-0.004,0,0.7929
2023-09-23,SHORT,26562.67,26429.86,tp,0.004025,1,0.8382
2023-09-24,LONG,26261.5,26392.81,tp,0.004,1,0.8642
2023-09-25,SHORT,26291.66,26160.2,tp,0.004025,1,0.6758
2023-09-26,LONG,26234.78,26365.95,tp,0.004,1,0.7912
2023-09-27,LONG,26386.18,26518.11,tp,0.004,1,0.7913
2023-09-28,LONG,27034.9,27170.08,tp,0.004,1,0.8571
2023-09-29,LONG,26920.41,27055.02,tp,0.004,1,0.8651
2023-09-30,LONG,26976.04,27110.92,tp,0.004,1,0.847
2023-10-01,LONG,28006.57,28146.6,tp,0.004,1,0.8862
2023-10-02,LONG,27508.26,27645.8,tp,0.004,1,0.882
2023-10-03,SHORT,27412.75,27275.68,tp,0.004025,1,0.8908
2023-10-04,SHORT,27764.68,27625.86,tp,0.004025,1,0.8625
2023-10-05,LONG,27424.1,27561.22,tp,0.004,1,0.833
2023-10-07,SHORT,27942.69,27802.98,tp,0.004025,1,0.8521
2023-10-08,SHORT,27903.09,27763.58,tp,0.004025,1,0.8888
2023-10-09,SHORT,27576.32,27438.44,tp,0.004025,1,0.8776
2023-10-10,SHORT,27376.42,27239.54,tp,0.004025,1,0.8702
2023-10-11,SHORT,26862.08,26727.77,tp,0.004025,1,0.7053
2023-10-12,LONG,26773.01,26906.87,tp,0.004,1,0.8033
2023-10-13,LONG,26875.43,26794.8,sl,-0.004,0,0.8166
2023-10-14,LONG,26865.91,27000.24,tp,0.004,1,0.8237
2023-10-15,LONG,27167.73,27303.57,tp,0.004,1,0.752
2023-10-16,SHORT,28486.53,28344.1,tp,0.004025,1,0.9091
2023-10-17,SHORT,28381.71,28239.8,tp,0.004025,1,0.8877
2023-10-18,SHORT,28305.84,28164.31,tp,0.004025,1,0.8825
2023-10-19,LONG,28728.07,28871.71,tp,0.004,1,0.8037
2023-10-20,LONG,29683.87,29832.29,tp,0.004,1,0.8375
2023-10-21,LONG,29924.75,30074.38,tp,0.004,1,0.8727
2023-10-22,LONG,30007.46,30157.49,tp,0.004,1,0.7769
2023-10-23,SHORT,33053.46,32888.19,tp,0.004025,1,0.9335
2023-10-24,SHORT,33905.77,33736.24,tp,0.004025,1,0.9175
2023-10-25,SHORT,34478.8,34306.41,tp,0.004025,1,0.9247
2023-10-26,SHORT,34134.58,33963.91,tp,0.004025,1,0.8396
2023-10-27,LONG,33908.97,34078.51,tp,0.004,1,0.8949
2023-10-28,LONG,34098.04,34268.53,tp,0.004,1,0.8679
2023-10-29,SHORT,34508.63,34336.08,tp,0.004025,1,0.8964
2023-10-30,LONG,34491.97,34664.43,tp,0.004,1,0.8718
2023-10-31,LONG,34657.09,34830.38,tp,0.004,1,0.8707
2023-11-01,SHORT,35403.72,35226.7,tp,0.004025,1,0.9157
2023-11-02,SHORT,34924.12,34749.5,tp,0.004025,1,0.879
2023-11-03,LONG,34734.14,34907.81,tp,0.004,1,0.8725
2023-11-04,SHORT,35044.54,34869.32,tp,0.004025,1,0.8619
2023-11-05,SHORT,34994.37,34819.4,tp,0.004025,1,0.8721
2023-11-06,LONG,35063.61,35238.93,tp,0.004,1,0.8316
2023-11-07,LONG,35416.82,35593.9,tp,0.004,1,0.8659
2023-11-08,LONG,35642.53,35820.75,tp,0.004,1,0.8781
2023-11-09,SHORT,36682.74,36499.33,tp,0.004025,1,0.9306
2023-11-10,SHORT,37282.98,37096.56,tp,0.004025,1,0.884
2023-11-11,SHORT,37111.44,36925.88,tp,0.004025,1,0.839
2023-11-12,SHORT,37045.6,36860.37,tp,0.004025,1,0.8921
2023-11-13,SHORT,36444.7,36262.48,tp,0.004025,1,0.9189
2023-11-14,SHORT,35533.41,35640.01,sl,-0.003991,0,0.9257
2023-11-15,SHORT,37839.27,37650.07,tp,0.004025,1,0.9292
2023-11-16,SHORT,36145.43,35964.7,tp,0.004025,1,0.9221
2023-11-17,SHORT,36595.61,36412.63,tp,0.004025,1,0.8988
2023-11-18,SHORT,36549.82,36659.47,sl,-0.003991,0,0.8843
2023-11-19,SHORT,37341.18,37154.47,tp,0.004025,1,0.8941
2023-11-20,SHORT,37430.06,37242.91,tp,0.004025,1,0.9032
2023-11-21,LONG,35759.52,35938.32,tp,0.004,1,0.8796
2023-11-22,SHORT,37389.64,37202.69,tp,0.004025,1,0.898
2023-11-23,LONG,37312.93,37499.49,tp,0.004,1,0.8108
2023-11-24,LONG,37732.43,37619.23,sl,-0.004,0,0.7125
2023-11-25,SHORT,37761.78,37572.97,tp,0.004025,1,0.8153
2023-11-26,SHORT,37428.71,37241.56,tp,0.004025,1,0.8925
2023-11-27,LONG,37261.32,37447.63,tp,0.004,1,0.8289
2023-11-28,LONG,37837.78,38026.97,tp,0.004,1,0.842
2023-11-29,LONG,37873.57,38062.94,tp,0.004,1,0.8426
2023-11-30,LONG,37742.82,37931.54,tp,0.004,1,0.8128
2023-12-01,LONG,38701.86,38895.37,tp,0.004,1,0.8348
2023-12-02,LONG,39470.08,39667.43,tp,0.004,1,0.85
2023-12-03,LONG,39992.25,40192.21,tp,0.004,1,0.8302
2023-12-04,LONG,42012.1,42222.16,tp,0.004,1,0.8945
2023-12-05,LONG,44095.36,43963.07,sl,-0.004,0,0.8965
2023-12-06,LONG,43784.57,44003.49,tp,0.004,1,0.8568
2023-12-07,LONG,43294.78,43511.25,tp,0.004,1,0.8752
2023-12-08,SHORT,44148.9,43928.16,tp,0.004025,1,0.8353
2023-12-09,LONG,43735.46,43954.13,tp,0.004,1,0.8671
2023-12-10,SHORT,43767.62,43548.78,tp,0.004025,1,0.8279
2023-12-11,SHORT,41232.77,41026.61,tp,0.004025,1,0.9439
2023-12-12,SHORT,41471.64,41264.29,tp,0.004025,1,0.8973
2023-12-13,SHORT,42847.6,42633.36,tp,0.004025,1,0.942
2023-12-14,SHORT,43000.75,42785.75,tp,0.004025,1,0.8994
2023-12-15,SHORT,41919.33,41709.73,tp,0.004025,1,0.8933
2023-12-16,SHORT,42256.89,42045.61,tp,0.004025,1,0.8648
2023-12-17,SHORT,41353.96,41147.19,tp,0.004025,1,0.8985
2023-12-18,SHORT,42636.47,42423.29,tp,0.004025,1,0.927
2023-12-19,LONG,42297.13,42508.61,tp,0.004,1,0.8645
2023-12-20,SHORT,43647.1,43428.86,tp,0.004025,1,0.9389
2023-12-21,SHORT,43839.87,43620.67,tp,0.004025,1,0.8976
2023-12-22,SHORT,43947.06,43727.32,tp,0.004025,1,0.8499
2023-12-23,LONG,43724.01,43942.63,tp,0.004,1,0.8623
2023-12-24,SHORT,42970.0,42755.15,tp,0.004025,1,0.9077
2023-12-25,SHORT,43554.34,43336.57,tp,0.004025,1,0.8774
2023-12-26,SHORT,42487.68,42275.24,tp,0.004025,1,0.9202
2023-12-27,SHORT,43407.14,43190.1,tp,0.004025,1,0.8982
2023-12-28,SHORT,42542.48,42329.77,tp,0.004025,1,0.8559
2023-12-29,LONG,42087.98,42298.42,tp,0.004,1,0.857
2023-12-30,LONG,42161.35,42372.16,tp,0.004,1,0.7943
2023-12-31,LONG,42304.72,42516.25,tp,0.004,1,0.7681
2024-01-01,LONG,44201.64,44422.65,tp,0.004,1,0.8049
2024-01-02,LONG,44969.38,45194.23,tp,0.004,1,0.8903
2024-01-03,SHORT,42823.81,42952.28,sl,-0.003991,0,0.927
2024-01-04,SHORT,44129.02,43908.38,tp,0.004025,1,0.9313
2024-01-05,SHORT,44123.04,43902.42,tp,0.004025,1,0.8671
2024-01-06,SHORT,43946.34,43726.6,tp,0.004025,1,0.8178
2024-01-07,SHORT,43907.06,43687.52,tp,0.004025,1,0.79
2024-01-08,LONG,46974.52,47209.39,tp,0.004,1,0.8729
2024-01-09,SHORT,46086.94,45856.51,tp,0.004025,1,0.9245
2024-01-10,SHORT,46630.66,46397.51,tp,0.004025,1,0.9031
2024-01-11,LONG,46362.33,46223.24,sl,-0.004,0,0.8975
2024-01-12,SHORT,42761.34,42547.53,tp,0.004025,1,0.9408
2024-01-13,LONG,42869.41,42740.81,sl,-0.004,0,0.8605
2024-01-14,LONG,41753.22,41961.98,tp,0.004,1,0.8923
2024-01-15,SHORT,42489.84,42277.4,tp,0.004025,1,0.9214
2024-01-16,SHORT,43116.38,42900.8,tp,0.004025,1,0.9137
2024-01-17,SHORT,42754.71,42540.94,tp,0.004025,1,0.8768
2024-01-18,LONG,41348.16,41554.9,tp,0.004,1,0.8756
2024-01-19,LONG,41679.86,41554.82,sl,-0.004,0,0.8094
2024-01-20,LONG,41716.89,41591.74,sl,-0.004,0,0.7622
2024-01-21,LONG,41601.12,41476.32,sl,-0.004,0,0.8427
2024-01-22,SHORT,39548.24,39350.49,tp,0.004025,1,0.8843
2024-01-23,SHORT,39877.65,39678.26,tp,0.004025,1,0.8709
2024-01-24,LONG,40104.92,39984.61,sl,-0.004,0,0.8529
2024-01-25,LONG,39981.07,40180.98,tp,0.004,1,0.8341
2024-01-26,SHORT,41802.6,41593.59,tp,0.004025,1,0.9505
2024-01-27,SHORT,42099.57,41889.07,tp,0.004025,1,0.8823
2024-01-28,SHORT,42010.04,42136.07,sl,-0.003991,0,0.8675
2024-01-29,SHORT,43281.05,43064.64,tp,0.004025,1,0.8861
2024-01-30,LONG,42962.57,43177.38,tp,0.004,1,0.8196
2024-01-31,LONG,42601.29,42814.3,tp,0.004,1,0.7518
2024-02-01,SHORT,43061.4,42846.09,tp,0.004025,1,0.8478
2024-02-02,SHORT,43178.4,42962.51,tp,0.004025,1,0.7359
2024-02-03,LONG,43032.6,42903.5,sl,-0.004,0,0.8312
2024-02-04,LONG,42604.17,42817.19,tp,0.004,1,0.8855
2024-02-05,SHORT,42687.35,42815.41,sl,-0.003991,0,0.7763
2024-02-06,SHORT,43077.4,42862.01,tp,0.004025,1,0.7947
2024-02-07,LONG,44371.77,44593.63,tp,0.004,1,0.8337
2024-02-08,SHORT,45266.01,45401.8,sl,-0.003991,0,0.7587
2024-02-09,SHORT,47109.2,46873.66,tp,0.004025,1,0.9084
2024-02-10,LONG,47774.97,48013.84,tp,0.004,1,0.7606
2024-02-11,LONG,48324.14,48565.76,tp,0.004,1,0.741
2024-02-12,LONG,49942.23,50191.94,tp,0.004,1,0.8883
2024-02-13,LONG,49724.44,49973.06,tp,0.004,1,0.8498
2024-02-14,SHORT,51769.27,51510.43,tp,0.004025,1,0.8889
2024-02-15,LONG,51905.94,52165.47,tp,0.004,1,0.8341
2024-02-16,LONG,52150.17,51993.72,sl,-0.004,0,0.8259
2024-02-17,LONG,51668.46,51926.8,tp,0.004,1,0.8736
2024-02-18,LONG,52163.74,52424.56,tp,0.004,1,0.8017
2024-02-19,SHORT,51748.84,51490.1,tp,0.004025,1,0.8589
2024-02-20,SHORT,52232.69,51971.53,tp,0.004025,1,0.8015
2024-02-21,LONG,51875.31,51719.69,sl,-0.004,0,0.8831
2024-02-22,LONG,51314.06,51160.12,sl,-0.004,0,0.8677
2024-02-23,SHORT,50718.78,50870.93,sl,-0.003991,0,0.8529
2024-02-24,SHORT,51542.44,51284.72,tp,0.004025,1,0.9039
2024-02-25,SHORT,51702.99,51444.47,tp,0.004025,1,0.847
2024-02-26,LONG,54503.71,54776.23,tp,0.004,1,0.8407
2024-02-27,LONG,57065.86,57351.19,tp,0.004,1,0.9032
2024-02-28,SHORT,62400.88,62088.88,tp,0.004025,1,0.9517
2024-02-29,SHORT,61100.41,60794.91,tp,0.004025,1,0.9209
2024-03-01,SHORT,62356.71,62044.92,tp,0.004025,1,0.9405
2024-03-02,LONG,62018.27,62328.37,tp,0.004,1,0.8831
2024-03-03,SHORT,63082.41,62767.0,tp,0.004025,1,0.8781
2024-03-04,SHORT,68211.59,67870.53,tp,0.004025,1,0.9488
2024-03-05,SHORT,63692.15,63373.69,tp,0.004025,1,0.9467
2024-03-06,SHORT,66041.0,65710.8,tp,0.004025,1,0.9352
2024-03-07,LONG,66856.58,67190.86,tp,0.004,1,0.8733
2024-03-08,SHORT,68090.13,68294.4,sl,-0.003991,0,0.9438
2024-03-09,SHORT,68279.11,68483.95,sl,-0.003991,0,0.8875
2024-03-10,SHORT,68921.4,68576.8,tp,0.004025,1,0.9139
2024-03-11,SHORT,72042.06,71681.85,tp,0.004025,1,0.9449
2024-03-12,SHORT,71416.28,71630.53,sl,-0.003991,0,0.8961
2024-03-13,SHORT,73035.87,72670.69,tp,0.004025,1,0.9376
2024-03-14,SHORT,71353.25,70996.48,tp,0.004025,1,0.9459
2024-03-15,SHORT,69465.1,69117.77,tp,0.004025,1,0.9441
2024-03-16,SHORT,65267.98,64941.64,tp,0.004025,1,0.9449
2024-03-17,SHORT,68359.28,68017.49,tp,0.004025,1,0.9454
2024-03-18,LONG,67643.79,67982.01,tp,0.004,1,0.8984
2024-03-19,SHORT,61906.43,61596.9,tp,0.004025,1,0.9393
2024-03-20,SHORT,67806.59,67467.56,tp,0.004025,1,0.955
2024-03-21,SHORT,65468.52,65141.18,tp,0.004025,1,0.9232
2024-03-22,SHORT,63764.74,63445.92,tp,0.004025,1,0.921
2024-03-23,LONG,64022.01,64342.12,tp,0.004,1,0.8786
2024-03-24,SHORT,67176.39,66840.5,tp,0.004025,1,0.9284
2024-03-25,SHORT,69845.07,69495.84,tp,0.004025,1,0.9516
2024-03-26,SHORT,69953.01,69603.24,tp,0.004025,1,0.9065
2024-03-27,LONG,69504.72,69852.25,tp,0.004,1,0.8983
2024-03-28,SHORT,70745.21,70391.48,tp,0.004025,1,0.8658
2024-03-29,SHORT,69815.61,70025.06,sl,-0.003991,0,0.9202
2024-03-30,SHORT,69547.39,69756.03,sl,-0.003991,0,0.8829
2024-03-31,SHORT,71244.37,70888.15,tp,0.004025,1,0.9197
2024-04-01,SHORT,69614.98,69266.9,tp,0.004025,1,0.9029
2024-04-02,SHORT,65431.26,65104.1,tp,0.004025,1,0.9331
2024-04-03,LONG,65996.26,66326.24,tp,0.004,1,0.8779
2024-04-04,SHORT,68453.55,68111.28,tp,0.004025,1,0.8561
2024-04-05,SHORT,67786.71,67990.07,sl,-0.003991,0,0.8796
2024-04-06,SHORT,68861.55,69068.14,sl,-0.003991,0,0.8987
2024-04-07,SHORT,69325.71,69533.69,sl,-0.003991,0,0.809
2024-04-08,SHORT,71584.19,71226.27,tp,0.004025,1,0.8998
2024-04-09,SHORT,69111.43,68765.87,tp,0.004025,1,0.9248
2024-04-10,SHORT,70595.76,70242.79,tp,0.004025,1,0.9291
2024-04-11,LONG,70041.23,70391.44,tp,0.004,1,0.8393
2024-04-12,SHORT,67082.96,66747.55,tp,0.004025,1,0.9024
2024-04-13,SHORT,63892.55,63573.09,tp,0.004025,1,0.9368
2024-04-14,SHORT,65629.01,65300.86,tp,0.004025,1,0.944
2024-04-15,SHORT,63388.28,63071.34,tp,0.004025,1,0.907
2024-04-16,SHORT,63761.49,63442.69,tp,0.004025,1,0.8964
2024-04-17,SHORT,61246.73,60940.5,tp,0.004025,1,0.9227
2024-04-18,SHORT,63438.34,63121.15,tp,0.004025,1,0.9487
2024-04-19,SHORT,63786.1,63467.17,tp,0.004025,1,0.9045
2024-04-20,SHORT,64908.12,64583.58,tp,0.004025,1,0.9357
2024-04-21,SHORT,64908.68,64584.14,tp,0.004025,1,0.8507
2024-04-22,SHORT,66785.91,66451.98,tp,0.004025,1,0.9326
2024-04-23,SHORT,66380.79,66048.89,tp,0.004025,1,0.8593
2024-04-24,SHORT,64257.45,63936.16,tp,0.004025,1,0.9184
2024-04-25,SHORT,64466.09,64143.76,tp,0.004025,1,0.8886
2024-04-26,SHORT,63738.12,63419.43,tp,0.004025,1,0.9294
2024-04-27,LONG,63493.71,63811.18,tp,0.004,1,0.8683
2024-04-28,LONG,63150.18,63465.93,tp,0.004,1,0.879
2024-04-29,SHORT,63834.07,63514.9,tp,0.004025,1,0.8964
2024-04-30,SHORT,60641.66,60338.46,tp,0.004025,1,0.9332
2024-05-01,SHORT,58335.79,58044.11,tp,0.004025,1,0.9457
2024-05-02,SHORT,59031.08,59208.17,sl,-0.003991,0,0.9157
2024-05-03,SHORT,62850.57,63039.12,sl,-0.003991,0,0.9447
2024-05-04,SHORT,63860.09,63540.79,tp,0.004025,1,0.9482
2024-05-05,SHORT,63979.99,63660.09,tp,0.004025,1,0.9348
2024-05-06,SHORT,63133.61,62817.94,tp,0.004025,1,0.8833
2024-05-07,SHORT,62280.92,61969.52,tp,0.004025,1,0.9235
2024-05-08,SHORT,61162.43,60856.62,tp,0.004025,1,0.941
2024-05-09,SHORT,63042.47,62727.26,tp,0.004025,1,0.9289
2024-05-10,SHORT,60769.59,60951.9,sl,-0.003991,0,0.9023
2024-05-11,SHORT,60795.58,60977.96,sl,-0.003991,0,0.8381
2024-05-12,SHORT,61453.25,61145.98,tp,0.004025,1,0.9091
2024-05-13,SHORT,62908.61,62594.07,tp,0.004025,1,0.928
2024-05-14,SHORT,61546.7,61731.34,sl,-0.003991,0,0.9027
2024-05-15,SHORT,66173.4,65842.53,tp,0.004025,1,0.9148
2024-05-16,SHORT,65202.59,65398.2,sl,-0.003991,0,0.8922
2024-05-17,SHORT,66990.49,66655.54,tp,0.004025,1,0.8774
2024-05-18,SHORT,66881.74,66547.33,tp,0.004025,1,0.8189
2024-05-19,LONG,66307.15,66638.68,tp,0.004,1,0.8689
2024-05-20,LONG,71482.34,71839.76,tp,0.004,1,0.8811
2024-05-21,SHORT,70113.27,69762.7,tp,0.004025,1,0.9042
2024-05-22,SHORT,69132.04,68786.38,tp,0.004025,1,0.9196
2024-05-23,SHORT,67935.67,67595.99,tp,0.004025,1,0.9317
2024-05-24,SHORT,68515.72,68721.26,sl,-0.003991,0,0.8564
2024-05-25,SHORT,69255.92,68909.65,tp,0.004025,1,0.9147
2024-05-26,LONG,68541.92,68884.63,tp,0.004,1,0.8861
2024-05-27,SHORT,69401.71,69054.7,tp,0.004025,1,0.8401
2024-05-28,SHORT,68364.19,68022.37,tp,0.004025,1,0.9368
2024-05-29,SHORT,67618.59,67280.5,tp,0.004025,1,0.9185
2024-05-30,SHORT,68317.99,67976.4,tp,0.004025,1,0.8639
2024-05-31,SHORT,67506.24,67708.76,sl,-0.003991,0,0.8819
2024-06-01,SHORT,67732.97,67394.3,tp,0.004025,1,0.8901
2024-06-02,SHORT,67731.75,67934.94,sl,-0.003991,0,0.8716
2024-06-03,SHORT,68775.5,68981.82,sl,-0.003991,0,0.8444
2024-06-04,LONG,70573.11,70925.97,tp,0.004,1,0.8301
2024-06-05,SHORT,71072.45,70717.08,tp,0.004025,1,0.812
2024-06-06,LONG,70834.46,71188.63,tp,0.004,1,0.8261
2024-06-07,SHORT,69320.92,69528.88,sl,-0.003991,0,0.8562
2024-06-08,SHORT,69275.8,69483.63,sl,-0.003991,0,0.9004
2024-06-09,SHORT,69613.32,69265.25,tp,0.004025,1,0.8989
2024-06-10,SHORT,69505.23,69157.7,tp,0.004025,1,0.7682
2024-06-11,LONG,67347.9,67684.64,tp,0.004,1,0.9063
2024-06-12,SHORT,68229.86,67888.71,tp,0.004025,1,0.7942
2024-06-13,LONG,66806.4,67140.43,tp,0.004,1,0.8962
2024-06-14,LONG,66077.01,66407.4,tp,0.004,1,0.8846
2024-06-15,LONG,66261.36,66592.67,tp,0.004,1,0.8648
2024-06-16,SHORT,66643.53,66310.31,tp,0.004025,1,0.804
2024-06-17,SHORT,66471.08,66138.72,tp,0.004025,1,0.7789
2024-06-18,LONG,65207.91,65533.95,tp,0.004,1,0.8726
2024-06-19,LONG,65006.86,65331.89,tp,0.004,1,0.8523
2024-06-20,LONG,64902.42,64707.72,sl,-0.004,0,0.8161
2024-06-21,LONG,64175.63,64496.51,tp,0.004,1,0.818
2024-06-22,LONG,64294.14,64101.26,sl,-0.004,0,0.8234
2024-06-23,LONG,63241.62,63051.89,sl,-0.004,0,0.8924
2024-06-24,SHORT,60263.15,60443.94,sl,-0.003991,0,0.9255
2024-06-25,SHORT,61775.11,61466.23,tp,0.004025,1,0.9242
2024-06-26,SHORT,60834.56,61017.06,sl,-0.003991,0,0.8997
2024-06-27,SHORT,61675.62,61367.24,tp,0.004025,1,0.8938
2024-06-28,SHORT,60397.63,60578.82,sl,-0.003991,0,0.8386
2024-06-29,SHORT,60956.19,61139.06,sl,-0.003991,0,0.9017
2024-06-30,SHORT,62740.62,62928.85,sl,-0.003991,0,0.9264
2024-07-01,SHORT,62868.54,62554.2,tp,0.004025,1,0.8992
2024-07-02,SHORT,62104.4,61793.88,tp,0.004025,1,0.8906
2024-07-03,LONG,60238.68,60057.97,sl,-0.004,0,0.8864
2024-07-04,SHORT,57021.48,56736.38,tp,0.004025,1,0.8885
2024-07-05,SHORT,56600.48,56317.47,tp,0.004025,1,0.904
2024-07-06,SHORT,58201.01,57910.01,tp,0.004025,1,0.9264
2024-07-07,SHORT,55829.88,55550.73,tp,0.004025,1,0.9372
2024-07-08,SHORT,56686.26,56402.83,tp,0.004025,1,0.9128
2024-07-09,SHORT,58020.98,57730.87,tp,0.004025,1,0.9358
2024-07-10,SHORT,57696.99,57408.5,tp,0.004025,1,0.9194
2024-07-11,SHORT,57311.22,57024.66,tp,0.004025,1,0.9145
2024-07-12,SHORT,57860.16,58033.74,sl,-0.003991,0,0.8826
2024-07-13,SHORT,59174.42,59351.94,sl,-0.003991,0,0.9441
2024-07-14,SHORT,60767.51,60949.81,sl,-0.003991,0,0.9449
2024-07-15,SHORT,64691.78,64368.32,tp,0.004025,1,0.9037
2024-07-16,SHORT,65011.47,64686.41,tp,0.004025,1,0.8789
2024-07-17,SHORT,64055.95,63735.67,tp,0.004025,1,0.8783
2024-07-18,LONG,64019.91,64340.01,tp,0.004,1,0.838
2024-07-19,LONG,66693.33,67026.8,tp,0.004,1,0.8256
2024-07-20,LONG,67173.53,67509.4,tp,0.004,1,0.7758
2024-07-21,SHORT,68131.26,67790.6,tp,0.004025,1,0.7489
2024-07-22,LONG,67565.78,67363.08,sl,-0.004,0,0.8532
2024-07-23,LONG,65968.98,66298.82,tp,0.004,1,0.8606
2024-07-24,LONG,65408.69,65735.73,tp,0.004,1,0.8531
2024-07-25,SHORT,65767.05,65964.35,sl,-0.003991,0,0.7844
2024-07-26,SHORT,67874.04,67534.67,tp,0.004025,1,0.8281
2024-07-27,LONG,67930.45,68270.1,tp,0.004,1,0.8051
2024-07-28,SHORT,68215.76,67874.68,tp,0.004025,1,0.851
2024-07-29,LONG,66818.08,66617.63,sl,-0.004,0,0.8747
2024-07-30,SHORT,66154.91,65824.13,tp,0.004025,1,0.8364
2024-07-31,SHORT,64595.69,64272.71,tp,0.004025,1,0.8527
2024-08-01,SHORT,65321.34,64994.74,tp,0.004025,1,0.7953
2024-08-02,LONG,61529.08,61836.72,tp,0.004,1,0.8643
2024-08-03,SHORT,60667.64,60364.3,tp,0.004025,1,0.8743
2024-08-04,SHORT,58131.92,57841.26,tp,0.004025,1,0.8639
2024-08-05,SHORT,53991.8,54153.78,sl,-0.003991,0,0.9545
2024-08-06,SHORT,55994.0,55714.03,tp,0.004025,1,0.9546
2024-08-07,SHORT,55106.59,54831.06,tp,0.004025,1,0.9139
2024-08-08,SHORT,61655.15,61346.87,tp,0.004025,1,0.961
2024-08-09,SHORT,60807.57,60503.53,tp,0.004025,1,0.9507
2024-08-10,SHORT,60893.05,60588.58,tp,0.004025,1,0.9464
2024-08-11,SHORT,58683.23,58389.82,tp,0.004025,1,0.9449
2024-08-12,SHORT,59316.97,59020.38,tp,0.004025,1,0.864
2024-08-13,SHORT,60556.86,60254.07,tp,0.004025,1,0.9318
2024-08-14,SHORT,58654.05,58360.78,tp,0.004025,1,0.8917
2024-08-15,SHORT,57512.29,57224.73,tp,0.004025,1,0.9103
2024-08-16,SHORT,58845.16,59021.7,sl,-0.003991,0,0.9122
2024-08-17,SHORT,59462.24,59164.93,tp,0.004025,1,0.9159
2024-08-18,SHORT,58398.14,58106.15,tp,0.004025,1,0.8935
2024-08-19,SHORT,59408.78,59111.74,tp,0.004025,1,0.8971
2024-08-20,LONG,59043.31,59338.52,tp,0.004,1,0.8236
2024-08-21,SHORT,61125.45,60819.82,tp,0.004025,1,0.9193
2024-08-22,SHORT,60345.65,60526.69,sl,-0.003991,0,0.8865
2024-08-23,SHORT,64005.22,63685.2,tp,0.004025,1,0.9071
2024-08-24,SHORT,64124.93,63804.31,tp,0.004025,1,0.7887
2024-08-25,SHORT,64187.89,63866.95,tp,0.004025,1,0.8334
2024-08-26,SHORT,62802.58,62488.57,tp,0.004025,1,0.8917
2024-08-27,SHORT,59385.29,59088.37,tp,0.004025,1,0.9233
2024-08-28,SHORT,59005.38,59182.4,sl,-0.003991,0,0.8597
2024-08-29,SHORT,59329.33,59032.68,tp,0.004025,1,0.886
2024-08-30,LONG,59153.55,59449.32,tp,0.004,1,0.8168
2024-08-31,LONG,59003.48,58826.47,sl,-0.004,0,0.8515
2024-09-01,LONG,57330.51,57617.16,tp,0.004,1,0.9065
2024-09-02,SHORT,59102.56,58807.05,tp,0.004025,1,0.9041
2024-09-03,LONG,57516.47,57804.06,tp,0.004,1,0.8762
2024-09-04,SHORT,57941.91,57652.2,tp,0.004025,1,0.8718
2024-09-05,LONG,56208.09,56489.13,tp,0.004,1,0.8885
2024-09-06,SHORT,53935.99,54097.8,sl,-0.003991,0,0.9398
2024-09-07,SHORT,54133.78,53863.11,tp,0.004025,1,0.8805
2024-09-08,SHORT,54842.52,55007.04,sl,-0.003991,0,0.8803
2024-09-09,SHORT,57013.48,56728.41,tp,0.004025,1,0.9452
2024-09-10,SHORT,57607.17,57319.14,tp,0.004025,1,0.9422
2024-09-11,SHORT,57309.33,57481.26,sl,-0.003991,0,0.9201
2024-09-12,SHORT,58103.25,57812.74,tp,0.004025,1,0.9244
2024-09-13,SHORT,60467.75,60165.41,tp,0.004025,1,0.9107
2024-09-14,LONG,60023.03,60323.14,tp,0.004,1,0.8677
2024-09-15,SHORT,59102.43,58806.92,tp,0.004025,1,0.868
2024-09-16,SHORT,58184.88,57893.96,tp,0.004025,1,0.8989
2024-09-17,SHORT,60283.83,59982.41,tp,0.004025,1,0.911
2024-09-18,LONG,61790.87,62099.82,tp,0.004,1,0.8552
2024-09-19,SHORT,62916.52,62601.93,tp,0.004025,1,0.8398
2024-09-20,LONG,63232.65,63548.81,tp,0.004,1,0.7301
2024-09-21,LONG,63380.63,63697.54,tp,0.004,1,0.8051
2024-09-22,LONG,63610.55,63928.6,tp,0.004,1,0.8085
2024-09-23,LONG,63371.66,63688.52,tp,0.004,1,0.8711
2024-09-24,LONG,64294.83,64616.31,tp,0.004,1,0.8412
2024-09-25,SHORT,63120.43,62804.83,tp,0.004025,1,0.8847
2024-09-26,LONG,65206.58,65532.61,tp,0.004,1,0.8558
2024-09-27,LONG,65802.83,66131.85,tp,0.004,1,0.7762
2024-09-28,LONG,65890.93,65693.26,sl,-0.004,0,0.7538
2024-09-29,SHORT,65569.21,65241.36,tp,0.004025,1,0.8567
2024-09-30,SHORT,63295.93,62979.45,tp,0.004025,1,0.8896
2024-10-01,SHORT,60775.38,60471.5,tp,0.004025,1,0.9004
2024-10-02,LONG,60679.6,60983.0,tp,0.004,1,0.8878
2024-10-03,LONG,60783.09,61087.0,tp,0.004,1,0.8135
2024-10-04,SHORT,62054.96,61744.68,tp,0.004025,1,0.8354
2024-10-05,SHORT,62026.97,62213.05,sl,-0.003991,0,0.8248
2024-10-06,SHORT,62788.5,62474.56,tp,0.004025,1,0.8891
2024-10-07,SHORT,62192.89,61881.92,tp,0.004025,1,0.8261
2024-10-08,SHORT,62129.41,61818.76,tp,0.004025,1,0.8474
2024-10-09,LONG,60666.34,60969.67,tp,0.004,1,0.8498
2024-10-10,LONG,60356.55,60658.34,tp,0.004,1,0.805
2024-10-11,SHORT,62508.73,62696.26,sl,-0.003991,0,0.8597
2024-10-12,SHORT,63174.62,62858.74,tp,0.004025,1,0.904
2024-10-13,SHORT,62838.58,62524.39,tp,0.004025,1,0.8678
2024-10-14,LONG,66117.03,66447.62,tp,0.004,1,0.8788
2024-10-15,LONG,67107.68,67443.22,tp,0.004,1,0.8523
2024-10-16,LONG,67653.82,67450.86,sl,-0.004,0,0.8578
2024-10-17,LONG,67455.49,67792.77,tp,0.004,1,0.8698
2024-10-18,LONG,68462.21,68256.83,sl,-0.004,0,0.8172
2024-10-19,LONG,68412.19,68754.25,tp,0.004,1,0.8272
2024-10-20,LONG,69066.51,69411.84,tp,0.004,1,0.8228
2024-10-21,LONG,67411.19,67748.24,tp,0.004,1,0.8948
2024-10-22,LONG,67459.71,67257.33,sl,-0.004,0,0.8762
2024-10-23,LONG,66701.98,67035.49,tp,0.004,1,0.908
2024-10-24,SHORT,68164.18,67823.36,tp,0.004025,1,0.8309
2024-10-25,LONG,66731.68,67065.34,tp,0.004,1,0.8528
2024-10-26,SHORT,67059.21,67260.39,sl,-0.003991,0,0.8083
2024-10-27,SHORT,67987.69,67647.75,tp,0.004025,1,0.88
2024-10-28,LONG,69997.19,70347.18,tp,0.004,1,0.8397
2024-10-29,SHORT,72700.05,72336.55,tp,0.004025,1,0.9278
2024-10-30,LONG,72380.91,72163.77,sl,-0.004,0,0.8971
2024-10-31,LONG,70327.16,70678.79,tp,0.004,1,0.8996
2024-11-01,LONG,69530.76,69878.41,tp,0.004,1,0.8518
2024-11-02,SHORT,69340.05,68993.35,tp,0.004025,1,0.8421
2024-11-03,LONG,68810.38,69154.43,tp,0.004,1,0.8763
2024-11-04,LONG,67883.94,68223.35,tp,0.004,1,0.83
2024-11-05,SHORT,69337.32,69545.34,sl,-0.003991,0,0.855
2024-11-06,SHORT,75534.2,75156.53,tp,0.004025,1,0.9363
2024-11-07,SHORT,75819.96,76047.42,sl,-0.003991,0,0.8884
2024-11-08,LONG,76548.03,76318.39,sl,-0.004,0,0.8211
2024-11-09,LONG,76715.8,77099.38,tp,0.004,1,0.8318
2024-11-10,SHORT,80329.82,80570.81,sl,-0.003991,0,0.917
2024-11-11,SHORT,88603.67,88160.65,tp,0.004025,1,0.9459
2024-11-12,SHORT,87908.03,87468.49,tp,0.004025,1,0.9157
2024-11-13,SHORT,90330.01,89878.36,tp,0.004025,1,0.9332
2024-11-14,SHORT,87281.93,87543.77,sl,-0.003991,0,0.9458
2024-11-15,SHORT,90986.55,90531.62,tp,0.004025,1,0.9439
2024-11-16,LONG,90632.21,91085.37,tp,0.004,1,0.8499
2024-11-17,LONG,89900.92,90350.42,tp,0.004,1,0.8806
2024-11-18,SHORT,90418.85,90690.1,sl,-0.003991,0,0.8814
2024-11-19,SHORT,92264.63,91803.31,tp,0.004025,1,0.9409
2024-11-20,SHORT,94239.42,94522.13,sl,-0.003991,0,0.9165
2024-11-21,SHORT,98267.96,97776.62,tp,0.004025,1,0.9336
2024-11-22,SHORT,98842.55,98348.34,tp,0.004025,1,0.9148
2024-11-23,LONG,97721.24,98209.84,tp,0.004,1,0.8821
2024-11-24,LONG,97948.99,98438.73,tp,0.004,1,0.753
2024-11-25,SHORT,92963.5,92498.69,tp,0.004025,1,0.9267
2024-11-26,SHORT,91919.18,92194.93,sl,-0.003991,0,0.9016
2024-11-27,SHORT,95815.18,95336.1,tp,0.004025,1,0.9373
2024-11-28,LONG,95691.8,96170.26,tp,0.004,1,0.7881
2024-11-29,SHORT,97411.27,96924.21,tp,0.004025,1,0.8601
2024-11-30,LONG,96456.19,96938.47,tp,0.004,1,0.8873
2024-12-01,SHORT,97136.59,96650.9,tp,0.004025,1,0.8126
2024-12-02,SHORT,95792.7,95313.74,tp,0.004025,1,0.8781
2024-12-03,SHORT,95801.77,95322.76,tp,0.004025,1,0.873
2024-12-04,SHORT,98538.03,98045.34,tp,0.004025,1,0.8778
2024-12-05,LONG,96994.1,97479.07,tp,0.004,1,0.8963
2024-12-06,SHORT,99690.97,99192.51,tp,0.004025,1,0.8897
2024-12-07,SHORT,99782.07,99283.16,tp,0.004025,1,0.8504
2024-12-08,SHORT,101059.04,100553.74,tp,0.004025,1,0.8218
2024-12-09,SHORT,97227.83,96741.69,tp,0.004025,1,0.9476
2024-12-10,SHORT,96544.7,96061.98,tp,0.004025,1,0.9041
2024-12-11,SHORT,101074.44,100569.07,tp,0.004025,1,0.9021
2024-12-12,LONG,100054.29,100554.56,tp,0.004,1,0.8261
2024-12-13,LONG,101474.96,101982.34,tp,0.004,1,0.8358
2024-12-14,LONG,101470.71,101978.06,tp,0.004,1,0.8005
2024-12-15,LONG,104516.22,105038.8,tp,0.004,1,0.848
2024-12-16,SHORT,106005.63,105475.6,tp,0.004025,1,0.7897
2024-12-17,LONG,106186.81,105868.25,sl,-0.004,0,0.8053
2024-12-18,SHORT,100153.91,99653.14,tp,0.004025,1,0.929
2024-12-19,SHORT,97413.13,96926.06,tp,0.004025,1,0.8992
