entry_time,direction,entry,exit,exit_type,hold_bars,funding,pnl_pct,win,prob
2025-10-07 02:00:00,SHORT,4684.07,4712.17,sl,2,2.5e-05,-0.006989,0,0.583
2025-10-07 03:00:00,SHORT,4688.24,4716.37,sl,1,1.3e-05,-0.006977,0,0.6203
2025-10-07 09:00:00,SHORT,4677.8,4705.87,sl,2,2.5e-05,-0.006989,0,0.5926
2025-10-07 10:00:00,SHORT,4690.03,4718.17,sl,2,2.5e-05,-0.006989,0,0.612
2025-10-07 11:00:00,SHORT,4706.46,4734.69,sl,1,1.3e-05,-0.006977,0,0.584
2025-10-08 05:00:00,LONG,4439.71,4484.11,tp,3,3.8e-05,0.008963,1,0.5821
2025-10-13 12:00:00,LONG,4099.17,4140.16,tp,1,1.3e-05,0.008988,1,0.6058
2025-12-01 06:00:00,SHORT,2823.15,2840.09,sl,1,1.3e-05,-0.006977,0,0.5835
2025-12-01 08:00:00,SHORT,2839.13,2810.74,tp,4,5e-05,0.009051,1,0.595
2025-12-01 09:00:00,SHORT,2838.17,2809.79,tp,3,3.8e-05,0.009064,1,0.5966
2025-12-01 10:00:00,SHORT,2842.6,2814.17,tp,2,2.5e-05,0.009076,1,0.6185
2025-12-12 08:00:00,SHORT,3243.18,3210.75,tp,7,8.7e-05,0.009014,1,0.6177
2025-12-12 09:00:00,SHORT,3249.75,3217.26,tp,5,6.3e-05,0.009039,1,0.5952
2025-12-12 10:00:00,SHORT,3242.44,3210.01,tp,5,6.3e-05,0.009039,1,0.6089
2025-12-12 14:00:00,SHORT,3229.81,3197.52,tp,1,1.3e-05,0.009089,1,0.6531
2025-12-12 16:00:00,SHORT,3067.93,3086.33,sl,1,1.3e-05,-0.006977,0,0.6649
2025-12-12 18:00:00,SHORT,3078.2,3095.6,timeout,12,0.00015,-0.00677,0,0.5896
2025-12-13 05:00:00,SHORT,3088.05,3106.57,sl,3,3.8e-05,-0.007002,0,0.6063
2025-12-13 06:00:00,SHORT,3092.5,3111.06,sl,2,2.5e-05,-0.006989,0,0.6313
2025-12-13 07:00:00,SHORT,3093.17,3111.73,sl,1,1.3e-05,-0.006977,0,0.6097
2025-12-17 00:00:00,SHORT,2948.21,2965.89,sl,1,1.3e-05,-0.006977,0,0.59
2025-12-17 01:00:00,SHORT,2952.63,2923.11,tp,4,5e-05,0.009051,1,0.5883
2025-12-17 02:00:00,SHORT,2957.9,2928.32,tp,2,2.5e-05,0.009076,1,0.5838
2025-12-17 03:00:00,SHORT,2946.33,2916.86,tp,2,2.5e-05,0.009076,1,0.5895
2025-12-17 04:00:00,SHORT,2930.84,2948.43,sl,3,3.8e-05,-0.007002,0,0.6479
2025-12-17 05:00:00,SHORT,2928.98,2946.56,sl,2,2.5e-05,-0.006989,0,0.6137
2026-01-09 01:00:00,LONG,3107.37,3088.73,sl,7,8.7e-05,-0.007088,0,0.5948
2026-01-14 00:00:00,SHORT,3322.91,3342.85,sl,1,1.3e-05,-0.006977,0,0.5899
2026-01-14 01:00:00,SHORT,3335.03,3355.04,sl,1,1.3e-05,-0.006977,0,0.6099
2026-02-23 02:00:00,SHORT,1862.31,1873.48,sl,4,5e-05,-0.007014,0,0.6164
2026-02-23 03:00:00,SHORT,1861.94,1873.11,sl,3,3.8e-05,-0.007002,0,0.6223
2026-02-23 04:00:00,SHORT,1859.24,1870.4,sl,1,1.3e-05,-0.006977,0,0.6288
2026-02-25 01:00:00,LONG,1919.3,1938.49,tp,1,1.3e-05,0.008988,1,0.5851
2026-03-12 05:00:00,SHORT,2025.84,2037.99,sl,2,2.5e-05,-0.006989,0,0.5855
2026-03-12 06:00:00,SHORT,2029.36,2041.54,sl,1,1.3e-05,-0.006977,0,0.5911
2026-03-12 07:00:00,SHORT,2039.68,2051.92,sl,1,1.3e-05,-0.006977,0,0.5973
2026-03-16 08:00:00,LONG,2244.66,2267.11,tp,2,2.5e-05,0.008975,1,0.5905
2026-03-18 05:00:00,SHORT,2317.26,2331.16,sl,4,5e-05,-0.007014,0,0.5844
2026-03-20 04:00:00,SHORT,2147.31,2125.83,tp,3,3.8e-05,0.009064,1,0.6551
2026-03-20 05:00:00,SHORT,2139.3,2152.14,sl,2,2.5e-05,-0.006989,0,0.6356
2026-03-20 06:00:00,SHORT,2135.54,2148.35,sl,1,1.3e-05,-0.006977,0,0.6804
2026-03-20 07:00:00,SHORT,2149.46,2162.36,sl,1,1.3e-05,-0.006977,0,0.6491
2026-03-20 08:00:00,SHORT,2163.12,2141.49,tp,1,1.3e-05,0.009089,1,0.5934
2026-03-20 09:00:00,SHORT,2140.14,2152.98,sl,2,2.5e-05,-0.006989,0,0.6635
2026-03-20 10:00:00,SHORT,2147.31,2125.83,tp,3,3.8e-05,0.009064,1,0.6481
2026-03-20 11:00:00,SHORT,2140.43,2119.02,tp,3,3.8e-05,0.009064,1,0.6278
2026-03-20 12:00:00,SHORT,2140.06,2118.66,tp,2,2.5e-05,0.009076,1,0.6466
2026-03-20 13:00:00,SHORT,2126.33,2139.08,sl,1,1.3e-05,-0.006977,0,0.6155
2026-03-20 14:00:00,SHORT,2128.24,2141.0,sl,2,2.5e-05,-0.006989,0,0.6507
2026-03-20 15:00:00,SHORT,2132.94,2145.74,sl,6,7.5e-05,-0.007039,0,0.6826
2026-03-20 16:00:00,SHORT,2136.24,2149.06,sl,5,6.3e-05,-0.007027,0,0.6149
2026-03-20 17:00:00,SHORT,2135.62,2148.44,sl,4,5e-05,-0.007014,0,0.6149
2026-03-22 01:00:00,SHORT,2090.31,2102.86,sl,1,1.3e-05,-0.006977,0,0.6524
2026-03-26 00:00:00,SHORT,2165.61,2143.95,tp,5,6.3e-05,0.009039,1,0.6512
2026-03-26 01:00:00,SHORT,2163.76,2142.12,tp,4,5e-05,0.009051,1,0.6559
2026-03-26 02:00:00,SHORT,2148.9,2127.41,tp,3,3.8e-05,0.009064,1,0.5881
2026-03-31 01:00:00,LONG,2074.04,2061.59,sl,3,3.8e-05,-0.007038,0,0.5924
2026-03-31 02:00:00,LONG,2074.13,2061.68,sl,2,2.5e-05,-0.007025,0,0.644
2026-03-31 03:00:00,LONG,2067.74,2055.34,sl,2,2.5e-05,-0.007025,0,0.5829
2026-03-31 04:00:00,LONG,2061.9,2049.53,sl,3,3.8e-05,-0.007038,0,0.6259
2026-03-31 07:00:00,LONG,2057.0,2044.66,sl,1,1.3e-05,-0.007013,0,0.5858
2026-03-31 15:00:00,LONG,2055.88,2076.44,tp,1,1.3e-05,0.008988,1,0.5902
2026-04-08 13:00:00,LONG,2237.18,2223.75,sl,1,1.3e-05,-0.007013,0,0.5944
2026-04-22 02:00:00,LONG,2371.53,2395.24,tp,3,3.8e-05,0.008963,1,0.5927
2026-04-22 05:00:00,LONG,2398.01,2383.62,sl,2,2.5e-05,-0.007025,0,0.5935
2026-04-28 00:00:00,SHORT,2305.62,2282.56,tp,2,2.5e-05,0.009076,1,0.6271
2026-05-06 07:00:00,LONG,2372.93,2396.66,tp,2,2.5e-05,0.008975,1,0.616
2026-05-06 08:00:00,LONG,2395.53,2419.48,tp,3,3.8e-05,0.008963,1,0.6311
2026-05-06 09:00:00,LONG,2413.97,2399.48,sl,4,5e-05,-0.00705,0,0.5968
2026-05-06 10:00:00,LONG,2411.41,2396.94,sl,3,3.8e-05,-0.007038,0,0.602
2026-05-06 11:00:00,LONG,2411.68,2397.21,sl,2,2.5e-05,-0.007025,0,0.6273
2026-05-20 04:00:00,LONG,2114.26,2135.4,tp,3,3.8e-05,0.008963,1,0.5848
2026-06-11 17:00:00,LONG,1689.5,1679.37,sl,1,1.3e-05,-0.007013,0,0.6121
2026-06-14 15:00:00,SHORT,1662.12,1672.09,sl,5,6.3e-05,-0.007027,0,0.589
2026-06-14 16:00:00,SHORT,1660.55,1670.51,sl,4,5e-05,-0.007014,0,0.5999
2026-06-17 05:00:00,SHORT,1793.08,1775.15,tp,3,3.8e-05,0.009064,1,0.5821
2026-06-23 00:00:00,SHORT,1730.4,1713.1,tp,5,6.3e-05,0.009039,1,0.6273
2026-06-23 01:00:00,SHORT,1729.74,1712.45,tp,4,5e-05,0.009051,1,0.593
2026-06-23 02:00:00,SHORT,1731.78,1714.47,tp,3,3.8e-05,0.009064,1,0.6017
2026-06-23 05:00:00,SHORT,1712.58,1695.46,tp,1,1.3e-05,0.009089,1,0.6089
2026-06-29 03:00:00,LONG,1585.57,1576.06,sl,1,1.3e-05,-0.007013,0,0.6267
2026-06-29 10:00:00,LONG,1579.39,1569.91,sl,2,2.5e-05,-0.007025,0,0.6127
2026-06-29 17:00:00,LONG,1628.84,1619.07,sl,1,1.3e-05,-0.007013,0,0.6424
2026-06-29 18:00:00,LONG,1621.91,1612.18,sl,3,3.8e-05,-0.007038,0,0.6101
2026-06-29 19:00:00,LONG,1626.41,1616.65,sl,2,2.5e-05,-0.007025,0,0.5915
2026-07-06 00:00:00,SHORT,1792.38,1774.46,tp,3,3.8e-05,0.009064,1,0.6079
2026-07-06 01:00:00,SHORT,1785.42,1767.56,tp,4,5e-05,0.009051,1,0.5964
2026-07-13 01:00:00,SHORT,1805.93,1787.87,tp,2,2.5e-05,0.009076,1,0.663
2026-07-13 02:00:00,SHORT,1806.09,1788.03,tp,1,1.3e-05,0.009089,1,0.6978
2026-07-13 03:00:00,SHORT,1779.66,1790.34,sl,4,5e-05,-0.007014,0,0.6193
2026-07-13 04:00:00,SHORT,1778.14,1788.81,sl,3,3.8e-05,-0.007002,0,0.6129
2026-07-13 05:00:00,SHORT,1780.75,1791.43,sl,3,3.8e-05,-0.007002,0,0.6269
2026-07-13 07:00:00,SHORT,1786.68,1768.81,tp,5,6.3e-05,0.009039,1,0.6032
2026-07-13 08:00:00,SHORT,1789.27,1771.38,tp,4,5e-05,0.009051,1,0.6183
2026-07-13 09:00:00,SHORT,1784.92,1767.07,tp,4,5e-05,0.009051,1,0.6148
2026-07-13 12:00:00,SHORT,1771.44,1782.07,sl,3,3.8e-05,-0.007002,0,0.6301
2026-07-13 13:00:00,SHORT,1770.41,1781.04,sl,1,1.3e-05,-0.006977,0,0.6048
2026-07-13 16:00:00,SHORT,1771.16,1753.45,tp,1,1.3e-05,0.009089,1,0.5838
2026-07-14 12:00:00,LONG,1861.97,1880.59,tp,1,1.3e-05,0.008988,1,0.5896
2026-07-23 02:00:00,SHORT,1926.64,1907.37,tp,10,0.000125,0.008976,1,0.5996
2026-07-23 03:00:00,SHORT,1919.59,1931.11,sl,6,7.5e-05,-0.007039,0,0.6146
2026-07-23 04:00:00,SHORT,1918.78,1930.29,sl,5,6.3e-05,-0.007027,0,0.6401
2026-07-29 02:00:00,SHORT,1910.14,1891.04,tp,2,2.5e-05,0.009076,1,0.5833
2026-07-29 08:00:00,SHORT,1914.12,1894.98,tp,6,7.5e-05,0.009026,1,0.6126
2026-07-29 10:00:00,SHORT,1911.2,1892.09,tp,4,5e-05,0.009051,1,0.5953
2026-07-29 11:00:00,SHORT,1914.3,1895.16,tp,3,3.8e-05,0.009064,1,0.6425
2026-07-30 12:00:00,LONG,1926.19,1914.64,sl,2,2.5e-05,-0.007025,0,0.5835
2026-07-30 15:00:00,LONG,1919.86,1908.34,sl,10,0.000125,-0.007125,0,0.6382
2026-07-30 16:00:00,LONG,1920.34,1908.82,sl,9,0.000113,-0.007113,0,0.6154
2026-07-30 17:00:00,LONG,1921.84,1910.31,sl,8,0.0001,-0.0071,0,0.6062
2026-08-05 05:00:00,LONG,1874.4,1863.15,sl,8,0.0001,-0.0071,0,0.6326
2026-08-05 09:00:00,LONG,1872.88,1861.64,sl,4,5e-05,-0.00705,0,0.6297
2026-08-05 12:00:00,LONG,1877.19,1865.92,sl,1,1.3e-05,-0.007013,0,0.6316
2026-08-05 14:00:00,LONG,1876.83,1895.6,tp,2,2.5e-05,0.008975,1,0.6018
2026-08-07 07:00:00,LONG,1903.31,1922.34,tp,5,6.3e-05,0.008938,1,0.5941
2026-08-07 09:00:00,LONG,1914.0,1933.14,tp,3,3.8e-05,0.008963,1,0.6113
2026-08-09 22:00:00,SHORT,1918.59,1930.1,sl,3,3.8e-05,-0.007002,0,0.6526
2026-08-10 00:00:00,SHORT,1911.82,1923.29,sl,1,1.3e-05,-0.006977,0,0.6001
2026-08-10 03:00:00,SHORT,1916.48,1927.98,sl,3,3.8e-05,-0.007002,0,0.5851
2026-08-18 06:00:00,LONG,1903.78,1922.82,tp,8,0.0001,0.0089,1,0.6233
2026-08-18 08:00:00,LONG,1901.25,1920.26,tp,6,7.5e-05,0.008925,1,0.6024
2026-08-18 10:00:00,LONG,1898.97,1917.96,tp,4,5e-05,0.00895,1,0.6145
2026-08-18 14:00:00,LONG,1911.98,1906.75,timeout,12,0.00015,-0.003885,0,0.5908
2026-08-18 15:00:00,LONG,1918.66,1907.15,sl,12,0.00015,-0.00715,0,0.5814
2026-08-19 05:00:00,LONG,1911.23,1930.34,tp,7,8.7e-05,0.008913,1,0.6448
