tf,side,H,cond,feat,n_tr,wr_tr,n_ho,wr_ho,base_ho,edge,wl,mean,mfe_med,mfe_p90
30m,LONG,20,vs_ma200 <= -7.102,vs_ma200,5476,53.725346968590216,529,68.62003780718337,46.62212481647765,21.997912990705714,58.03937862093461,0.96757054,2.423330068588257,5.891333103179932
30m,LONG,20,dd_from_high <= -8.007,dd_from_high,5483,53.529089914280505,327,71.25382262996942,46.62212481647765,24.63169781349177,57.78514016943282,1.4001282,3.058271884918213,7.192875862121582
15m,LONG,20,dd_from_high <= -5.661,dd_from_high,10968,49.83588621444201,944,64.83050847457628,43.810830647477424,21.019677827098853,56.8819377872715,0.45262438,1.6101174354553223,4.017005443572998
6h,LONG,20,adx <= 18.52,adx,913,64.62212486308871,417,67.62589928057554,51.7550602100948,15.870839070480741,55.62839153496747,1.6673849,3.520099401473999,9.2040433883667
15m,LONG,20,vs_ma200 <= -4.935,vs_ma200,10961,51.92044521485266,1333,61.89047261815453,43.810830647477424,18.07964197067711,55.17346455769143,0.42008677,1.5668691396713257,3.9995570182800293
2h,LONG,20,atr_pct >= 2.013,atr_pct,5485,52.57976298997266,380,67.36842105263158,50.37055967288525,16.997861379746325,54.77787683555102,1.3788878,3.8503899574279785,8.204876899719238
30m,LONG,10,vs_ma200 <= -7.102,vs_ma200,5476,53.1227173119065,529,65.40642722117202,43.9104814176612,21.49594580351082,54.73445543154466,0.55258447,1.8581253290176392,4.163200855255127
6h,LONG,20,adx <= 23.03,adx,1826,59.5290251916758,766,63.18537859007834,51.7550602100948,11.43031837998354,54.30984563058846,1.3885157,3.6816935539245605,9.34306526184082
15m,LONG,10,dd_from_high <= -5.661,dd_from_high,10968,50.054704595185996,944,62.07627118644068,40.48669977983642,21.589571406604257,54.07805944382701,0.33901504,1.1930283308029175,2.9937660694122314
1h,LONG,10,vs_ma50 <= -4.873,vs_ma50,2741,51.87887632251004,341,67.15542521994135,46.776732904982765,20.378692314958585,53.84277246355589,0.815994,2.1530416011810303,5.715818881988525
6h,LONG,20,bb_squeeze <= 0.4408,bb_squeeze,904,53.76106194690266,281,68.32740213523132,51.7550602100948,16.572341925136527,53.65809383329071,2.6534083,3.959230422973633,11.58936595916748
2h,LONG,20,vs_ma200 >= 12.86,vs_ma200,2724,54.62555066079295,335,66.56716417910448,50.37055967288525,16.19660450621923,53.122268858637426,1.2217321,2.491471529006958,6.598771572113037
30m,LONG,20,atr_pct >= 1.37,atr_pct,10970,51.21239744758432,518,63.899613899613904,46.62212481647765,17.277489083136253,53.08691549390608,1.0175289,2.1134033203125,5.953044891357422
6h,LONG,20,dd_from_high <= -13.79,dd_from_high,1819,53.43595382078065,236,68.64406779661016,51.7550602100948,16.889007586515362,52.616156491077874,1.3749887,5.746925354003906,10.529544830322266
15m,LONG,10,vs_ma200 <= -4.935,vs_ma200,10961,50.98074993157559,1333,59.33983495873969,40.48669977983642,18.853135178903266,52.59568607249845,0.22118376,1.1478122472763062,2.815213441848755
30m,LONG,20,vs_ma50 <= -3.475,vs_ma50,5483,48.896589458325735,759,61.528326745718054,46.62212481647765,14.906201929240403,52.590671444295424,0.5859757,1.9395169019699097,5.532828330993652
1h,LONG,20,vs_ma50 <= -4.873,vs_ma50,2741,53.37468077344035,341,65.6891495601173,48.1758971521008,17.5132524080165,52.35178244277473,1.5123345,3.0498547554016113,8.767680168151855
30m,LONG,20,dd_from_high <= -5.73,dd_from_high,10965,51.919744642042865,1375,58.61818181818181,46.62212481647765,11.996057001704159,51.97405150834765,0.4263439,1.7070444822311401,5.131648540496826
1h,LONG,20,dd_from_high <= -8.225,dd_from_high,5481,49.26108374384236,598,61.7056856187291,48.1758971521008,13.529788466628297,51.628315242654985,0.87195927,2.525777816772461,6.775761604309082
4h,LONG,20,vs_ma200 <= -8.08,vs_ma200,2706,52.40206947524021,638,60.81504702194357,50.64824292050495,10.166804101438622,51.05569307028096,0.66253674,3.5580592155456543,10.082152366638184
30m,LONG,20,vs_ma50 <= -2.203,vs_ma50,10966,50.10031004924311,2391,55.91802593057298,46.62212481647765,9.29590111409533,50.87638719356604,0.16272348,1.302791953086853,4.159374237060547
1h,LONG,20,vs_ma200 <= -3.562,vs_ma200,10933,51.028994786426416,3222,54.93482309124767,48.1758971521008,6.75892593914687,50.59137048548011,0.1549967,1.7363500595092773,4.835312366485596
30m,LONG,20,dd_from_high <= -3.707,dd_from_high,21930,51.25854993160055,4873,54.09398727683153,46.62212481647765,7.471862460353876,50.56213460591774,0.05954294,1.1938263177871704,3.5804781913757324
15m,LONG,20,dd_from_high <= -4.016,dd_from_high,21935,50.82744472304535,3517,54.70571509809496,43.810830647477424,10.894884450617539,50.548371419163495,0.11916232,1.0105005502700806,3.016791820526123
2h,LONG,10,vs_ma200 <= -5.493,vs_ma200,5448,50.55066079295154,1286,57.38724727838258,48.09771044344199,9.289536834940591,50.512053020185846,0.22002816,1.9393842220306396,5.372430324554443
15m,LONG,20,dd_from_high <= -2.578,dd_from_high,43870,50.10941417825393,10287,52.93088363954506,43.810830647477424,9.120052992067635,50.50001132924732,0.020984767,0.8341572284698486,2.4591691493988037
30m,SHORT,20,up_from_low >= 9.25,up_from_low,5483,45.44957140251687,326,64.11042944785275,43.43468732046726,20.67574212738549,50.455123313964634,0.51914144,2.001162528991699,4.1631317138671875
30m,LONG,20,vs_ma200 <= -4.788,vs_ma200,10951,48.306090767966396,2039,55.90975968612065,46.62212481647765,9.287634869643,50.44964130352175,0.108893864,1.4681106805801392,4.155400276184082
1h,LONG,20,vs_ma200 <= -6.736,vs_ma200,5467,51.87488567770258,906,58.27814569536424,48.1758971521008,10.102248543263435,50.08664481123465,0.30886826,2.422764778137207,5.88262939453125
15m,LONG,20,vs_ma200 <= -3.214,vs_ma200,21921,50.358104101090284,4524,53.69142351900973,43.810830647477424,9.880592871532308,50.02563946135922,0.025119273,1.0362977981567383,2.953874349594116
2h,LONG,10,atr_pct >= 2.013,atr_pct,5485,51.63172288058341,380,62.63157894736842,48.09771044344199,14.533868503926428,49.983155097165756,0.8373242,2.686110496520996,6.839180946350098
30m,LONG,10,vs_ma50 <= -3.475,vs_ma50,5483,49.24311508298377,759,58.89328063241107,43.9104814176612,14.982799214749868,49.94360965753986,0.26584008,1.4047574996948242,3.5108654499053955
30m,LONG,20,atr_pct >= 1.009,atr_pct,21939,49.97493048908337,2036,55.40275049115914,46.62212481647765,8.780625674681488,49.938394098128065,0.2502452,1.6088387966156006,4.563719272613525
1h,LONG,20,vs_ma20 <= -0.9223,vs_ma20,10969,52.24724222809737,3779,53.850224927229426,48.1758971521008,5.674327775128624,49.839364529824906,0.11541861,1.463720440864563,4.457850456237793
15m,LONG,20,vs_ma50 <= -1.486,vs_ma50,21936,51.78245805981035,5293,53.088985452484415,43.810830647477424,9.278154805006992,49.700001838118105,0.0010895375,0.913837194442749,2.5366575717926025
15m,LONG,20,vs_ma50 <= -3.751,vs_ma50,4388,53.46399270738378,375,62.4,43.810830647477424,18.589169352522575,49.66781282367165,0.34616727,1.8985481262207031,4.873525142669678
5m,LONG,20,dd_from_high <= -4.867,dd_from_high,13163,55.45848210894173,986,57.40365111561866,38.478882826542446,18.924768289076212,49.55179511334168,0.28825065,1.0854487419128418,3.223843574523926
1h,LONG,20,dd_from_high <= -5.394,dd_from_high,10961,50.597573214122804,2099,54.930919485469275,48.1758971521008,6.755022333368473,49.54940667990795,0.19586861,1.8831872940063477,5.119006633758545
1h,LONG,20,atr_pct >= 1.422,atr_pct,10970,51.76845943482225,873,57.846506300114555,48.1758971521008,9.670609148013753,49.5020206740357,0.5433958,2.660578966140747,6.633916854858398
30m,LONG,10,vs_ma50 <= -2.203,vs_ma50,10966,50.72040853547328,2395,54.48851774530271,43.9104814176612,10.578036327641506,49.45062105469535,0.02442945,0.9739753603935242,2.761634588241577
1h,LONG,10,dd_from_high <= -5.394,dd_from_high,10961,49.03749657877931,2099,54.74035254883278,46.776732904982765,7.963619643850016,49.35906338451825,0.050516527,1.2946157455444336,3.616623640060425
1h,LONG,10,vs_ma200 <= -3.562,vs_ma200,10933,48.59599378029818,3222,53.63128491620112,46.776732904982765,6.8545520112183524,49.28796894992973,0.041442472,1.1639240980148315,3.448378801345825
30m,LONG,10,dd_from_high <= -5.73,dd_from_high,10965,50.86183310533515,1375,55.92727272727272,43.9104814176612,12.01679130961152,49.27865010540839,0.20644183,1.269940972328186,3.4360082149505615
15m,LONG,20,vs_ma50 <= -2.397,vs_ma50,10968,51.43143690736689,1795,54.930362116991645,43.810830647477424,11.119531469514222,49.111642255821806,0.07158657,1.1801644563674927,2.955808401107788
1h,LONG,10,vs_ma200 <= -6.736,vs_ma200,5467,49.97256264861898,906,57.284768211920536,46.776732904982765,10.50803530693777,49.094598141349366,0.18295823,1.5850317478179932,4.287087440490723
30m,LONG,10,dd_from_high <= -3.707,dd_from_high,21930,50.601915184678525,4877,52.552798851753124,43.9104814176612,8.642317434091922,49.02284600364231,0.0075542205,0.8687770962715149,2.6386771202087402
1h,LONG,20,vs_ma50 <= -1.641,vs_ma50,10963,52.18462099790203,3602,53.08162132148806,48.1758971521008,4.9057241693872555,48.97424052308435,0.019337969,1.4650332927703857,4.468844413757324
1h,LONG,10,dd_from_high <= -8.225,dd_from_high,5481,48.622514139755516,598,59.030100334448164,46.776732904982765,12.2533674294654,48.94960700431251,0.37216288,1.7051794528961182,5.0710673332214355
1h,LONG,20,vs_ma20 <= -1.897,vs_ma20,5485,52.123974475843205,1254,55.90111642743222,48.1758971521008,7.725219275331419,48.93995283925087,0.34824866,1.8438152074813843,5.432860374450684
5m,LONG,20,vs_ma200 <= -2.82,vs_ma200,32901,50.04407160876569,4962,52.35792019347038,38.478882826542446,13.879037366927932,48.85857601307049,0.0153135145,0.8024680614471436,2.097501039505005
2h,LONG,10,dd_from_high <= -7.617,dd_from_high,5476,49.7991234477721,1045,56.45933014354066,48.09771044344199,8.361619700098672,48.83411695761054,0.2501685,1.8901842832565308,5.265558242797852
30m,LONG,5,vs_ma200 <= -7.102,vs_ma200,5476,51.68005843681519,529,59.54631379962193,40.50880626223092,19.037507537391008,48.82911507749864,0.32834405,1.3358442783355713,2.961698055267334
1h,LONG,5,macd_hist <= -0.2725,macd_hist,5487,50.11846181884454,1076,56.226765799256505,44.05683655236961,12.169929246886895,48.712646248023155,0.104709,0.921964168548584,2.6055400371551514
30m,LONG,20,range_pct >= 1.043,range_pct,21942,50.61070093883876,3188,52.94855708908407,46.62212481647765,6.326432272606418,48.58345188435676,0.108617835,1.3765925168991089,4.000966548919678
15m,LONG,5,dd_from_high <= -5.661,dd_from_high,10968,49.53501094091904,944,56.567796610169495,36.53351200731713,20.034284602852367,48.54624116452419,0.15417086,0.8258090019226074,2.29853892326355
30m,SHORT,20,vs_ma200 >= 7.557,vs_ma200,5476,47.80861943024105,375,61.06666666666667,43.43468732046726,17.631979346199408,48.34120732940163,0.1917058,1.85077702999115,4.177526950836182
1h,LONG,20,range_pct >= 1.487,range_pct,10973,51.43534129226283,1602,54.49438202247191,48.1758971521008,6.318484870371108,48.337557278704,0.34625205,1.9483009576797485,5.3449554443359375
1h,LONG,20,macd_hist <= -0.2725,macd_hist,5487,51.066156369600876,1075,55.81395348837209,48.1758971521008,7.6380563362712905,48.29820388645146,0.4307342,1.917209267616272,5.760782718658447
1h,LONG,10,macd_hist <= -0.2725,macd_hist,5487,48.64224530708948,1075,55.81395348837209,46.776732904982765,9.037220583389328,48.29820388645146,0.17552267,1.2671841382980347,3.8887734413146973
5m,LONG,20,atr_pct >= 1.016,atr_pct,13164,54.97569127924643,381,60.892388451443566,38.478882826542446,22.41350562490112,48.26815334809934,0.7994822,1.657365083694458,4.305292129516602
5m,LONG,10,vs_ma50 <= -2.93,vs_ma50,6582,55.75812822850198,451,59.86696230598669,33.6224958256375,26.24446648034919,48.26375731329308,0.41817886,1.1148152351379395,2.8654158115386963
1h,LONG,5,vs_ma50 <= -4.873,vs_ma50,2741,51.550529004013136,341,61.58357771260997,44.05683655236961,17.526741160240363,48.23970980751111,0.37543768,1.5137782096862793,3.989318609237671
15m,LONG,20,atr_pct >= 0.7153,atr_pct,43879,49.41999589780989,4231,52.020798865516426,43.810830647477424,8.209968218039002,48.23257859945562,0.066344984,1.2138336896896362,3.2302610874176025
1h,LONG,20,macd_hist <= -0.1466,macd_hist,10973,50.60603299006653,3430,52.390670553935855,48.1758971521008,4.214773401835053,48.18345885771323,0.10090425,1.4471569061279297,4.330130100250244
30m,LONG,10,vs_ma200 <= -4.788,vs_ma200,10951,48.22390649255775,2039,53.555664541441885,43.9104814176612,9.645183123780683,48.09927217529132,0.021217613,1.054032325744629,2.9700615406036377
5m,LONG,20,vs_ma200 <= -4.346,vs_ma200,13161,54.03084871970215,1058,55.67107750472589,38.478882826542446,17.192194678183448,48.09629120168461,0.25868112,1.1446168422698975,3.1514036655426025
5m,LONG,10,vs_ma20 <= -1.87,vs_ma20,6582,54.29960498328775,535,58.69158878504673,33.6224958256375,25.069092959409232,48.039926621080845,0.30093643,1.02649986743927,2.573469877243042
5m,LONG,5,bb_width >= 6.751,bb_width,6582,48.02491643877241,267,62.92134831460674,28.071780037152056,34.84956827745468,47.84593583953628,0.44079074,1.0252121686935425,2.4708971977233887
15m,SHORT,20,vs_ma50 >= 3.623,vs_ma50,4388,45.12306289881495,436,59.63302752293578,41.250491963706374,18.382535559229403,47.83585847134862,0.1753221,1.3641164302825928,3.4456777572631836
30m,LONG,20,bb_width >= 4.523,bb_width,21938,50.00911660133103,3577,51.94296896840929,46.62212481647765,5.320844151931638,47.82429693317709,0.16274485,1.2584121227264404,3.9827213287353516
5m,LONG,5,vs_ma50 <= -2.93,vs_ma50,6582,53.00820419325433,451,59.42350332594235,28.071780037152056,31.351723288790293,47.82429339200329,0.20184965,0.809049665927887,2.243540048599243
30m,LONG,20,range_pct >= 1.49,range_pct,10971,51.59055692279646,1113,55.16621743036837,46.62212481647765,8.544092613890719,47.782870733314795,0.2763548,1.6432387828826904,4.545078754425049
5m,LONG,10,atr_pct >= 1.016,atr_pct,13164,52.7043451838347,381,60.367454068241464,33.6224958256375,26.744958242603964,47.74845319136338,0.5741436,1.287855863571167,3.182419538497925
1h,LONG,10,vs_ma20 <= -3.001,vs_ma20,2743,47.757929274516954,385,60.259740259740255,46.776732904982765,13.48300735475749,47.706938445073796,0.44737378,1.7524586915969849,5.20029354095459
15m,LONG,3,dd_from_high <= -5.661,dd_from_high,10968,47.41976659372721,944,55.720338983050844,32.84553537244225,22.874803610608595,47.703857218918046,0.06487933,0.6811286211013794,1.7512381076812744
1h,LONG,10,atr_pct >= 1.422,atr_pct,10970,50.95715587967183,873,56.013745704467354,46.776732904982765,9.237012799484589,47.677850815620594,0.34118202,1.7069212198257446,5.054201126098633
1h,LONG,10,vs_ma20 <= -1.897,vs_ma20,5485,49.498632634457614,1254,54.625199362041464,46.776732904982765,7.848466457058699,47.670034669298076,0.091837235,1.2553637027740479,3.8107645511627197
30m,SHORT,20,up_from_low >= 6.694,up_from_low,10965,46.11035111719106,1223,54.61978740801309,43.43468732046726,11.185100087545827,47.577646101544055,0.16106439,1.6004678010940552,4.037012577056885
15m,LONG,20,atr_pct >= 0.9707,atr_pct,21940,50.22789425706472,1214,54.61285008237232,43.810830647477424,10.802019434894895,47.54487994524762,0.20087686,1.4629499912261963,3.7109375
5m,LONG,10,macd_hist <= -0.2448,macd_hist,6583,51.81528178641956,488,58.606557377049185,33.6224958256375,24.984061551411685,47.45958219089115,0.2687929,0.8912183046340942,2.476391077041626
30m,LONG,20,macd_hist <= -0.4256,macd_hist,2195,51.07061503416857,215,64.18604651162791,46.62212481647765,17.563921695150256,47.39344168483633,0.6944879,1.9490416049957275,4.81721305847168
4h,LONG,3,dd_from_high <= -11.23,dd_from_high,2734,48.46378931967813,399,59.64912280701754,47.320972954584114,12.328149852433427,47.323225715014566,0.20689319,1.6255042552947998,4.466726303100586
30m,LONG,20,body_pct <= -0.4908,body_pct,10971,52.99425758818705,2567,52.12310089598753,46.62212481647765,5.500976079509876,47.26390865817589,0.01709927,1.1837772130966187,3.3774425983428955
1h,LONG,10,range_pct >= 1.487,range_pct,10973,50.615146268112646,1602,53.37078651685393,46.776732904982765,6.594053611871168,47.22008434305779,0.1715864,1.4164822101593018,3.9510416984558105
2h,LONG,5,dd_from_high <= -7.617,dd_from_high,5476,48.21037253469686,1045,54.83253588516747,46.75855028075549,8.073985604411973,47.21707224245239,0.076857775,1.2657897472381592,3.740084171295166
30m,LONG,20,cc_ret <= -0.4919,cc_ret,10971,53.04894722450095,2552,52.076802507836994,46.62212481647765,5.454677691359343,47.203676433609616,0.0136657525,1.182319164276123,3.383147716522217
15m,LONG,5,vs_ma200 <= -4.935,vs_ma200,10961,49.50278259282912,1333,53.93848462115529,36.53351200731713,17.40497261383816,47.19585828557676,0.064245366,0.7738196849822998,2.1547939777374268
30m,LONG,20,vs_ma20 <= -1.282,vs_ma20,10969,50.97091804175403,2654,51.883948756593824,46.62212481647765,5.261823940116173,47.105916832355476,0.024883198,1.164551019668579,3.539311408996582
5m,LONG,20,dd_from_high <= -3.358,dd_from_high,32908,52.078521939953816,3915,51.00893997445721,38.478882826542446,12.530057147914768,47.07508823052614,0.01999715,0.8330567479133606,2.1913580894470215
5m,LONG,10,vs_ma200 <= -4.346,vs_ma200,13161,51.888154395562644,1058,54.63137996219282,33.6224958256375,21.008884136555317,47.06417558685573,0.14882791,0.8948085308074951,2.3976340293884277
2h,LONG,5,vs_ma200 <= -5.493,vs_ma200,5448,48.58663729809104,1286,53.88802488335925,46.75855028075549,7.129474602603757,47.02465428011073,0.06486961,1.2070531845092773,3.678867816925049
30m,LONG,10,dd_from_high <= -8.007,dd_from_high,5483,53.16432609885099,327,60.550458715596335,43.9104814176612,16.639977297935133,46.94102468329364,0.47868752,2.0045928955078125,5.036145210266113
1h,LONG,5,vs_ma20 <= -3.001,vs_ma20,2743,49.03390448414145,385,59.480519480519476,44.05683655236961,15.423682928149866,46.93808026160455,0.19904557,1.3417558670043945,3.379136562347412
5m,LONG,10,dd_from_high <= -4.867,dd_from_high,13163,53.55921902301907,986,54.76673427991886,33.6224958256375,21.144238454281357,46.92938390553611,0.17563993,0.8127080202102661,2.326749801635742
5m,LONG,20,atr_pct >= 0.5602,atr_pct,65820,49.72500759647524,4069,50.724993855984266,38.478882826542446,12.24611102944182,46.86727759134069,0.035694122,0.961003839969635,2.619478702545166
30m,LONG,20,body_pct <= -0.7977,body_pct,5486,53.262850893182645,942,54.88322717622081,46.62212481647765,8.261102359743155,46.865565249428236,0.13883546,1.3709940910339355,3.9849183559417725
5m,LONG,10,vs_ma20 <= -1.37,vs_ma20,13164,52.301731996353695,1490,53.22147651006711,33.6224958256375,19.598980684429613,46.84663084602201,0.075454734,0.7560409307479858,2.0411312580108643
15m,LONG,10,dd_from_high <= -4.016,dd_from_high,21935,50.453612947344425,3517,50.952516349161215,40.48669977983642,10.465816569324794,46.803427835051245,0.015714336,0.7548038959503174,2.259894371032715
30m,LONG,20,cc_ret <= -0.7972,cc_ret,5486,53.2446226759023,942,54.77707006369427,46.62212481647765,8.154945247216617,46.760486439638235,0.13638075,1.3577566146850586,3.9849183559417725
5m,LONG,10,macd_hist <= -0.1826,macd_hist,13165,50.95328522597797,1287,53.613053613053616,33.6224958256375,19.990557787416115,46.75466308056288,0.055676594,0.7030171751976013,1.9320664405822754
1h,LONG,5,vs_ma50 <= -3.175,vs_ma50,5482,50.29186428310835,1126,54.08525754884547,44.05683655236961,10.028420996475859,46.75293919004938,0.03932876,1.0430628061294556,2.9555132389068604
5m,LONG,20,bb_width >= 6.751,bb_width,6582,54.755393497417195,267,61.79775280898876,38.478882826542446,23.318869982446316,46.74042942922989,0.69333875,1.559167742729187,4.145388603210449
5m,LONG,10,bb_width >= 6.751,bb_width,6582,51.09389243391067,267,61.79775280898876,33.6224958256375,28.17525698335126,46.74042942922989,0.6416605,1.27201247215271,3.2200167179107666
30m,LONG,20,vs_ma20 <= -2.085,vs_ma20,5485,49.790337283500456,898,54.89977728285078,46.62212481647765,8.277652466373127,46.68990718752047,0.23039447,1.4472410678863525,4.383333206176758
1h,LONG,5,vs_ma200 <= -6.736,vs_ma200,5467,48.87506859337845,906,54.63576158940398,44.05683655236961,10.578925037034367,46.46474955970229,0.059414305,1.1043604612350464,3.1661996841430664
30m,LONG,5,vs_ma50 <= -3.475,vs_ma50,5483,49.206638701440816,759,55.20421607378129,40.50880626223092,14.69540981155037,46.27935227156465,0.13420759,1.012220859527588,2.7025458812713623
30m,LONG,3,vs_ma200 <= -7.102,vs_ma200,5476,50.52958363769174,529,56.89981096408317,37.98868422172119,18.91112674236198,46.21050559116111,0.1810003,1.0010632276535034,2.413857936859131
30m,SHORT,10,up_from_low >= 6.694,up_from_low,10965,46.37482900136799,1223,53.229762878168444,41.268321739315425,11.961441138853019,46.199736554600065,0.015776241,1.0376752614974976,2.7906057834625244
5m,LONG,5,vs_ma20 <= -1.87,vs_ma20,6582,52.67395928289274,535,56.82242990654206,28.071780037152056,28.750649869390006,46.193509606576725,0.13031204,0.7514916062355042,2.1248979568481445
30m,LONG,5,dd_from_high <= -5.73,dd_from_high,10965,49.37528499772002,1375,52.581818181818186,40.50880626223092,12.073011919587266,45.9543059972379,0.055843994,0.8864094614982605,2.546588897705078
15m,LONG,20,range_pct >= 1.048,range_pct,21941,50.75885328836425,2169,51.2217611802674,43.810830647477424,7.410930532789976,45.94502315523582,0.06253308,1.236617922782898,3.4547464847564697
5m,LONG,20,vs_ma50 <= -2.93,vs_ma50,6582,58.17380735338803,451,57.42793791574279,38.478882826542446,18.949055089200343,45.85764370963294,0.5728856,1.3367812633514404,3.8783183097839355
15m,LONG,20,body_pct <= -0.5611,body_pct,10971,53.231246012214015,1854,51.56418554476807,43.810830647477424,7.753354897290649,45.85758119691633,0.006772277,1.0324026346206665,2.872098445892334
15m,LONG,20,bb_width >= 4.604,bb_width,21939,49.824513423583575,2582,50.65840433772269,43.810830647477424,6.8475736902452695,45.823038101247924,0.020077216,1.0598549842834473,3.112743854522705
30m,LONG,10,vs_ma20 <= -2.085,vs_ma20,5485,52.50683682771194,898,54.00890868596881,43.9104814176612,10.09842726830761,45.809930495850196,0.05151537,1.1144194602966309,2.932323932647705
30m,LONG,10,atr_pct >= 1.37,atr_pct,10970,50.23701002734731,518,56.56370656370656,43.9104814176612,12.653225146045358,45.76919461336871,0.3915463,1.585832118988037,4.110448837280273
30m,LONG,10,bb_width >= 4.523,bb_width,21938,48.09007202115051,3577,49.874196253844005,43.9104814176612,5.9637148361828025,45.76642388285849,0.038682483,0.8775429129600525,2.762895345687866
15m,LONG,20,cc_ret <= -0.5634,cc_ret,10971,53.28593564852794,1838,51.4689880304679,43.810830647477424,7.658157382990474,45.738751884618765,0.00473494,1.0323437452316284,2.8743112087249756
5m,LONG,20,vs_ma20 <= -1.37,vs_ma20,13164,54.16286842904891,1490,52.080536912751676,38.478882826542446,13.60165408620923,45.716459232212685,0.11646646,0.9866999387741089,2.6098742485046387
5m,LONG,5,atr_pct >= 1.016,atr_pct,13164,50.17471893041628,381,58.26771653543307,28.071780037152056,30.19593649828101,45.683070912239074,0.28501648,0.970206618309021,2.426109552383423
1h,LONG,3,macd_hist <= -0.2725,macd_hist,5487,49.790413705121196,1076,53.06691449814126,41.54330440701038,11.523610091130877,45.579733768547825,0.008838756,0.6968276500701904,2.03035831451416
2h,LONG,3,dd_from_high <= -7.617,dd_from_high,5476,47.918188458729,1045,53.110047846889955,44.33480775774073,8.775240089149229,45.5135279692909,0.023160957,0.9730648994445801,2.837982654571533
5m,LONG,20,range_pct >= 0.8291,range_pct,32911,50.73379721065905,2181,50.75653370013755,38.478882826542446,12.277650873595107,45.49838249442753,0.04156753,0.9348025321960449,2.740030288696289
30m,LONG,10,atr_pct >= 1.009,atr_pct,21939,48.72145494325174,2036,50.93320235756386,43.9104814176612,7.022720939902655,45.4911054038811,0.0541092,1.1704469919204712,3.265822649002075
5m,LONG,3,vs_ma20 <= -1.87,vs_ma20,6582,50.4102096627165,535,56.074766355140184,23.474401423679303,32.60036493146088,45.458964663428816,0.06313415,0.6325991153717041,1.792752981185913
30m,LONG,5,dd_from_high <= -8.007,dd_from_high,5483,52.23417836950575,327,59.021406727828754,40.50880626223092,18.512600465597835,45.44317457145214,0.3052185,1.4207043647766113,3.8955769538879395
5m,LONG,10,vs_ma50 <= -2.193,vs_ma50,13164,53.729869340625946,1416,51.90677966101694,33.6224958256375,18.28428383537944,45.38243839585244,0.10307696,0.8165605068206787,2.157697916030884
5m,LONG,5,bb_width >= 5.249,bb_width,13164,47.17411121239745,741,54.385964912280706,28.071780037152056,26.31418487512865,45.36720457128259,0.13150246,0.6770583987236023,2.008450508117676
1h,LONG,5,dd_from_high <= -8.225,dd_from_high,5481,49.042145593869726,598,55.35117056856187,44.05683655236961,11.29433401619226,45.31285201476452,0.10426364,1.22038733959198,3.4462695121765137
5m,LONG,20,vs_ma20 <= -1.87,vs_ma20,6582,56.42661804922516,535,55.887850467289724,38.478882826542446,17.408967640747278,45.27568483349207,0.34093532,1.270053744316101,3.2242794036865234
5m,LONG,10,bb_width >= 5.249,bb_width,13164,49.2631419021574,741,54.25101214574899,33.6224958256375,20.628516320111487,45.23452084311645,0.24038363,0.8714478015899658,2.467129945755005
15m,LONG,10,vs_ma50 <= -3.751,vs_ma50,4388,54.102096627165,375,57.86666666666667,40.48669977983642,17.379966886830246,45.193173287159524,0.3263196,1.3149371147155762,3.7940752506256104
30m,LONG,10,macd_hist <= -0.4256,macd_hist,2195,55.39863325740318,215,61.86046511627907,43.9104814176612,17.94998369861787,45.12510869780621,0.27256826,1.5281027555465698,3.249924659729004
5m,LONG,20,vs_ma50 <= -2.193,vs_ma50,13164,55.59860224855667,1416,51.55367231638418,38.478882826542446,13.074789489841734,45.03373085667594,0.19724463,1.0329015254974365,2.8245959281921387
30m,SHORT,10,vs_ma200 >= 7.557,vs_ma200,5476,46.91380569758948,375,57.599999999999994,41.268321739315425,16.33167826068457,44.933078434693975,0.1348091,1.2933704853057861,3.789698600769043
5m,LONG,20,body_pct <= -0.5441,body_pct,13165,52.96619825294341,1311,51.63996948893974,38.478882826542446,13.161086662397295,44.866275721671734,0.02587736,0.823645293712616,2.4035024642944336
5m,LONG,20,cc_ret <= -0.5507,cc_ret,13165,53.04975313330801,1264,51.74050632911392,38.478882826542446,13.261623502571474,44.84237005596602,0.02241163,0.8276665806770325,2.400987386703491
5m,LONG,20,macd_hist <= -0.2448,macd_hist,6583,52.984961263861464,488,55.942622950819676,38.478882826542446,17.46374012427723,44.84080808242204,0.3278912,1.2457950115203857,2.9936861991882324
15m,LONG,20,vs_ma20 <= -2.343,vs_ma20,4388,55.355515041020965,463,56.15550755939525,43.810830647477424,12.344676911917823,44.75984797119177,0.19742513,1.6192044019699097,3.904613733291626
5m,LONG,20,range_pct >= 1.556,range_pct,6583,55.02050736746165,274,59.48905109489051,38.478882826542446,21.010168268348067,44.67823579045307,0.5427411,1.4926955699920654,4.146289348602295
1h,LONG,3,vs_ma20 <= -3.001,vs_ma20,2743,49.507838133430546,385,57.14285714285714,41.54330440701038,15.599552735846757,44.649001892501,0.14927027,1.0748432874679565,2.8107268810272217
5m,LONG,5,macd_hist <= -0.2448,macd_hist,6583,49.70378246999848,488,55.73770491803278,28.071780037152056,27.665924880880727,44.64061684816464,0.12731053,0.6759483814239502,2.081969976425171
1h,LONG,5,cc_ret <= -0.6907,cc_ret,5486,53.35399197958439,1349,51.29725722757599,44.05683655236961,7.24042067520638,44.62309985119885,0.006264564,0.8967173099517822,2.502000093460083
30m,LONG,3,dd_from_high <= -5.73,dd_from_high,10965,48.5453716370269,1375,51.2,37.98868422172119,13.21131577827881,44.589726464879895,0.004320053,0.6817760467529297,2.0952131748199463
30m,LONG,10,range_pct >= 1.49,range_pct,10971,50.56968371160332,1113,51.93171608265948,43.9104814176612,8.021234664998275,44.584576378774,0.039993357,1.2324182987213135,3.4003987312316895
30m,LONG,10,body_pct <= -0.7977,body_pct,5486,53.262850893182645,944,52.54237288135594,43.9104814176612,8.631891463694735,44.56497615757659,0.036018834,1.0411875247955322,2.9993889331817627
1h,LONG,5,body_pct <= -0.6912,body_pct,5487,53.19846910880263,1347,51.224944320712694,44.05683655236961,7.168107768343084,44.54694860500398,0.005835994,0.8967173099517822,2.502305269241333
5m,LONG,20,range_pct >= 1.201,range_pct,13165,53.04215723509304,626,54.31309904153354,38.478882826542446,15.834216214991095,44.51786518414016,0.23224364,1.2096878290176392,3.4251840114593506
30m,LONG,10,cc_ret <= -0.7972,cc_ret,5486,53.262850893182645,944,52.436440677966104,43.9104814176612,8.525959260304901,44.460888431523365,0.03384141,1.0399689674377441,2.9993889331817627
15m,LONG,20,atr_pct >= 1.263,atr_pct,10970,52.92616226071103,377,57.02917771883289,43.810830647477424,13.218347071355467,44.41013500717879,0.19984302,1.7435444593429565,4.912308216094971
5m,LONG,20,macd_hist <= -0.1826,macd_hist,13165,52.25977971895177,1287,51.204351204351205,38.478882826542446,12.72546837780876,44.375097496739095,0.06827602,0.926900327205658,2.4304754734039307
5m,LONG,3,vs_ma50 <= -2.93,vs_ma50,6582,51.01792768155576,451,55.87583148558758,23.474401423679303,32.40143006190828,44.34024582946543,0.108881705,0.6209850311279297,1.8420120477676392
1h,LONG,5,atr_pct >= 1.422,atr_pct,10970,49.13400182315406,873,52.57731958762887,44.05683655236961,8.52048303525926,44.2870704617433,0.106712826,1.1772643327713013,3.3800547122955322
30m,LONG,5,macd_hist <= -0.4256,macd_hist,2195,54.30523917995445,215,60.93023255813953,40.50880626223092,20.42142629590861,44.22721413206106,0.2595753,1.1384921073913574,2.736074209213257
1h,LONG,3,vs_ma50 <= -4.873,vs_ma50,2741,50.71141919007661,341,57.478005865102645,41.54330440701038,15.934701458092263,44.21551500866588,0.25673124,1.2361183166503906,3.0376405715942383
30m,LONG,3,vs_ma50 <= -3.475,vs_ma50,5483,49.62611708918475,759,53.0961791831357,37.98868422172119,15.10749496141451,44.206778262074835,0.044179466,0.7841001749038696,2.2466726303100586
1h,LONG,5,range_pct >= 1.487,range_pct,10973,49.18436161487287,1602,50.24968789013733,44.05683655236961,6.192851337767721,44.13202744068363,0.014969057,1.0627788305282593,2.9262287616729736
15m,LONG,10,atr_pct >= 0.9707,atr_pct,21940,49.24794895168642,1214,51.15321252059309,40.48669977983642,10.666512740756666,44.12571417585827,0.07204769,1.0958038568496704,2.960092782974243
1h,LONG,5,macd_hist <= -0.4113,macd_hist,2744,49.38046647230321,342,57.30994152046783,44.05683655236961,13.25310496809822,44.07138724729651,0.18995376,1.1697885990142822,3.288163661956787
5m,LONG,5,vs_ma50 <= -2.193,vs_ma50,13164,51.20024308720753,1416,50.494350282485875,28.071780037152056,22.42257024533382,43.98952160244388,0.0013799587,0.5941498279571533,1.6613507270812988
5m,LONG,5,vs_ma200 <= -4.346,vs_ma200,13161,49.47952283261151,1058,51.51228733459357,28.071780037152056,23.440507297441517,43.987018774365374,0.028446062,0.6270960569381714,1.759486198425293
30m,LONG,5,atr_pct >= 1.37,atr_pct,10970,49.66271649954421,518,54.440154440154444,40.50880626223092,13.931348177923525,43.69331340351797,0.16939323,1.1023118495941162,3.164882183074951
5m,LONG,3,macd_hist <= -0.2448,macd_hist,6583,48.83791584384019,488,54.713114754098356,23.474401423679303,31.238713330419053,43.642320326017995,0.033491995,0.5641716718673706,1.7258059978485107
15m,LONG,3,vs_ma50 <= -3.751,vs_ma50,4388,51.95989061075661,375,56.00000000000001,32.84553537244225,23.154464627557758,43.37963615957193,0.112449534,0.8395087122917175,2.2411680221557617
5m,LONG,20,vs_ma200 <= -5.621,vs_ma200,6581,59.79334447652332,339,56.63716814159292,38.478882826542446,18.158285315050477,43.3641552402208,0.47172555,1.533488392829895,5.038043022155762
30m,SHORT,10,up_from_low >= 9.25,up_from_low,5483,47.21867590734999,326,56.74846625766872,41.268321739315425,15.480144518353292,43.21877055170335,0.19243646,1.2189648151397705,2.804260492324829
5m,LONG,20,macd_hist >= 0.2455,macd_hist,6583,49.23287255050889,442,54.52488687782805,38.478882826542446,16.046004051285607,42.91539656276173,0.20543896,1.003143310546875,3.384537696838379
15m,LONG,10,vs_ma20 <= -2.343,vs_ma20,4388,55.78851412944393,463,54.21166306695464,40.48669977983642,13.724963287118221,42.87000389298914,0.21620212,1.2350027561187744,3.264448881149292
5m,LONG,5,vs_ma200 <= -5.621,vs_ma200,6581,52.80352530010637,339,56.04719764011799,28.071780037152056,27.975417602965937,42.79547030388093,0.1523766,0.9533551335334778,2.5357227325439453
5m,LONG,10,vs_ma200 <= -5.621,vs_ma200,6581,56.41999696094818,339,56.04719764011799,33.6224958256375,22.424701814480493,42.79547030388093,0.29472855,1.3140109777450562,3.283508539199829
5m,LONG,20,cc_ret <= -0.7655,cc_ret,6583,54.64074130335713,429,54.54545454545454,38.478882826542446,16.066571718912094,42.766504082482875,0.17970507,1.0342051982879639,2.951493978500366
1h,LONG,3,macd_hist <= -0.4113,macd_hist,2744,49.12536443148688,342,55.84795321637427,41.54330440701038,14.30464880936389,42.659794121984376,0.10435632,0.9316238164901733,2.6737606525421143
30m,LONG,3,dd_from_high <= -8.007,dd_from_high,5483,51.61407988327558,327,55.96330275229357,37.98868422172119,17.97461853057238,42.48328586415444,0.19332303,1.018147349357605,2.8000659942626953
30m,LONG,3,macd_hist <= -0.4256,macd_hist,2195,53.849658314350805,215,59.06976744186046,37.98868422172119,21.08108322013927,42.447249222417526,0.20382448,0.9072451591491699,2.3850135803222656
5m,LONG,20,body_pct <= -0.7536,body_pct,6583,54.51921616284368,450,53.77777777777778,38.478882826542446,15.298894951235333,42.293564709303,0.15929474,1.0150103569030762,2.9461958408355713
1h,LONG,3,dd_from_high <= -8.225,dd_from_high,5481,48.53128991060026,598,52.0066889632107,41.54330440701038,10.463384556200317,42.05216659910059,0.057826564,0.9494426250457764,2.8490912914276123
15m,LONG,5,vs_ma20 <= -2.343,vs_ma20,4388,54.80856882406563,463,53.34773218142549,36.53351200731713,16.814220174108364,42.035284506394696,0.16805355,0.9319155812263489,2.432324171066284
5m,LONG,20,vs_ma20 >= 1.313,vs_ma20,13164,45.81434214524461,1527,48.06810740013098,38.478882826542446,9.589224573588531,41.842940088767385,0.016708601,0.7772466540336609,2.4746878147125244
5m,LONG,20,bb_width >= 3.619,bb_width,32910,50.52871467639015,3045,46.174055829228244,38.478882826542446,7.695173002685799,41.76682750699825,0.015293269,0.83541339635849,2.3736989498138428
5m,LONG,5,dd_from_high <= -4.867,dd_from_high,13163,50.839474283977815,986,49.49290060851927,28.071780037152056,21.421120571367215,41.7483965141497,0.03736513,0.5722254514694214,1.7331974506378174
5m,LONG,3,bb_width >= 6.751,bb_width,6582,46.4752354907323,267,56.55430711610487,23.474401423679303,33.07990569242557,41.675486755752836,0.28731555,0.7840947508811951,2.091481924057007
1h,LONG,1,vs_ma50 <= -4.873,vs_ma50,2741,48.41298796059832,341,54.83870967741935,35.62739259889408,19.21131707852527,41.67302992830864,0.03779613,0.6654954552650452,1.8497958183288574
1h,LONG,3,range_pct >= 2.134,range_pct,5487,49.790413705121196,557,51.8850987432675,41.54330440701038,10.341794336257117,41.58683671458688,0.032829825,1.001336932182312,2.8215548992156982
5m,LONG,5,range_pct >= 1.201,range_pct,13165,48.4846183061147,626,51.2779552715655,28.071780037152056,23.206175234413447,41.564565336061,0.0019252825,0.729920506477356,2.105865001678467
5m,LONG,20,bb_width >= 5.249,bb_width,13164,52.02825888787602,741,50.472334682860996,38.478882826542446,11.99345185631855,41.54504939214222,0.24890116,1.0364099740982056,3.1603667736053467
5m,LONG,10,cc_ret <= -0.7655,cc_ret,6583,52.4836700592435,429,53.14685314685315,33.6224958256375,19.524357321215646,41.419278502828035,0.088736154,0.8285698890686035,2.3516578674316406
5m,LONG,3,bb_width >= 5.249,bb_width,13164,45.76876329383166,741,50.337381916329285,23.474401423679303,26.86298049264998,41.41419604383653,0.054134488,0.5230674147605896,1.6438698768615723
15m,LONG,3,vs_ma20 <= -2.343,vs_ma20,4388,53.82862351868732,463,52.69978401727862,32.84553537244225,19.854248644836368,41.411338137908054,0.10416534,0.7837549448013306,2.114443302154541
5m,LONG,3,atr_pct >= 1.016,atr_pct,13164,48.21482831965968,381,53.54330708661418,23.474401423679303,30.068905662934874,41.112639157574854,0.14169602,0.7417866587638855,2.0455095767974854
5m,LONG,3,vs_ma200 <= -5.621,vs_ma200,6581,49.79486400243125,339,53.98230088495575,23.474401423679303,30.507899461276445,40.81854098358397,0.05710484,0.6691007614135742,2.149249792098999
5m,LONG,10,body_pct <= -0.7536,body_pct,6583,52.27100106334498,450,52.22222222222223,33.6224958256375,18.599726396584728,40.797673401987204,0.0686014,0.8184054493904114,2.3083038330078125
15m,LONG,10,body_pct <= -0.9319,body_pct,4389,54.4315333789018,451,52.106430155210646,40.48669977983642,11.619730375374225,40.6988737577023,0.051816545,0.9712124466896057,2.6598894596099854
15m,LONG,10,cc_ret <= -0.9371,cc_ret,4389,54.49988607883345,447,52.12527964205817,40.48669977983642,11.638579862221746,40.66815521512466,0.053162556,0.9712124466896057,2.660322666168213
15m,LONG,5,vs_ma50 <= -3.751,vs_ma50,4388,53.87420237010028,375,53.06666666666666,36.53351200731713,16.533154659349535,40.56303617536506,0.17777753,1.0232563018798828,2.887915849685669
2h,LONG,1,macd_hist <= -0.4073,macd_hist,2744,47.77696793002916,419,52.2673031026253,39.75165844531383,12.51564465731147,40.443942641295926,0.010008754,0.6202007532119751,1.9291073083877563
5m,LONG,20,vs_ma20 >= 1.759,vs_ma20,6582,47.38681251899119,528,50.75757575757576,38.478882826542446,12.278692931033312,40.23396195927397,0.08110361,0.905877947807312,2.8170135021209717
15m,LONG,5,macd_hist <= -0.3122,macd_hist,4389,55.183413078149925,390,52.05128205128206,36.53351200731713,15.51777004396493,39.82720890804694,0.07803272,0.846855640411377,2.1523444652557373
5m,LONG,5,range_pct >= 1.556,range_pct,6583,49.59744797204922,274,54.379562043795616,28.071780037152056,26.30778200664356,39.79752640391783,0.1239851,0.9536172151565552,2.463632106781006
30m,LONG,1,vs_ma200 <= -7.102,vs_ma200,5476,45.56245434623813,529,50.0945179584121,30.085502807554874,20.009015150857223,39.60845607513096,0.0015953268,0.5526092052459717,1.4942452907562256
15m,LONG,3,macd_hist <= -0.3122,macd_hist,4389,53.383458646616546,390,51.7948717948718,32.84553537244225,18.949336422429553,39.58359748314425,0.0639023,0.6895080208778381,1.9317771196365356
30m,LONG,3,range_pct >= 2.022,range_pct,5486,50.27342325920525,414,51.20772946859904,37.98868422172119,13.219045246877847,39.36699253298438,0.073158026,0.9014284610748291,2.6869375705718994
5m,LONG,10,range_pct >= 1.201,range_pct,13165,50.770983668818836,626,48.881789137380196,33.6224958256375,15.259293311742695,39.257286505569596,0.07239745,0.9452852010726929,2.7203173637390137
5m,LONG,10,vs_ma20 >= 1.759,vs_ma20,6582,42.403524764509264,528,49.621212121212125,33.6224958256375,15.998716295574624,39.14676652339374,0.029772194,0.7627071142196655,2.356748580932617
5m,LONG,20,atr_pct >= 0.7352,atr_pct,32910,51.491947736250374,1310,45.648854961832065,38.478882826542446,7.169972135289619,39.003371651151106,0.014541987,1.0521053075790405,2.9810075759887695
30m,LONG,3,atr_pct >= 1.37,atr_pct,10970,49.13400182315406,518,49.42084942084942,37.98868422172119,11.432165199128228,38.85980040982288,0.06445851,0.870547890663147,2.416088581085205
5m,LONG,20,dd_from_high <= -6.185,dd_from_high,6582,59.632330598602245,268,53.35820895522389,38.478882826542446,14.879326128681441,38.68751338173516,0.32404566,1.5630645751953125,4.650165557861328
5m,LONG,10,range_pct >= 1.556,range_pct,6583,51.92161628436883,274,52.919708029197075,33.6224958256375,19.297212203559575,38.42865766494181,0.25537586,1.2555372714996338,2.936140298843384
5m,LONG,3,range_pct >= 1.556,range_pct,6583,47.68342700896248,274,52.55474452554745,23.474401423679303,29.080343101868145,38.08819753516512,0.064827055,0.8210045695304871,2.107469320297241
15m,LONG,5,range_pct >= 2.058,range_pct,4389,52.472089314194584,215,54.418604651162795,36.53351200731713,17.885092643845667,38.08736655805252,0.18997748,1.1890177726745605,3.4869887828826904
5m,LONG,5,dd_from_high <= -6.185,dd_from_high,6582,53.16013369796414,268,52.23880597014925,28.071780037152056,24.167025932997195,37.64463935302313,0.20751047,0.70586758852005,2.6036248207092285
5m,LONG,10,dd_from_high <= -6.185,dd_from_high,6582,57.27742327560013,268,52.23880597014925,33.6224958256375,18.61631014451175,37.64463935302313,0.28428936,1.1930283308029175,3.221261501312256
5m,LONG,10,macd_hist >= 0.2455,macd_hist,6583,44.38705757253531,442,48.86877828054298,33.6224958256375,15.246282454905483,37.51260732465478,0.10011153,0.754745602607727,2.6688895225524902
5m,LONG,10,body_pct >= 0.7432,body_pct,6583,45.921312471517545,504,47.22222222222222,33.6224958256375,13.599726396584721,36.638819391895915,0.02511264,0.7535760402679443,2.1095285415649414
5m,LONG,10,cc_ret >= 0.7528,cc_ret,6583,45.617499620233936,481,47.4012474012474,33.6224958256375,13.778751575609903,36.57194651058079,0.02522593,0.7657491564750671,2.1099743843078613
30m,LONG,1,dd_from_high <= -8.007,dd_from_high,5483,46.98157942732081,327,48.318042813455655,30.085502807554874,18.23254000590078,35.2867697878965,0.00951129,0.5578627586364746,1.7314791679382324
5m,LONG,3,dd_from_high <= -6.185,dd_from_high,6582,50.45578851412944,268,49.62686567164179,23.474401423679303,26.152464247962484,35.23708988922509,0.11463813,0.5620054006576538,2.2049176692962646
15m,LONG,3,range_pct >= 2.058,range_pct,4389,49.98860788334473,215,50.697674418604656,32.84553537244225,17.852139046162407,34.689908587598865,0.09573222,0.993098795413971,2.851449489593506
5m,LONG,5,macd_hist >= 0.2455,macd_hist,6583,42.76165881816801,442,45.248868778280546,28.071780037152056,17.17708874112849,34.12766232940675,0.0094186645,0.6120129227638245,1.8363103866577148
30m,LONG,1,macd_hist <= -0.4256,macd_hist,2195,50.52391799544419,215,48.837209302325576,30.085502807554874,18.7517064947707,33.02096636377031,0.035932627,0.5230674147605896,1.5265986919403076
5m,LONG,1,bb_width >= 6.751,bb_width,6582,42.38833181403829,267,46.81647940074906,13.171421684013499,33.645057716735565,32.663167158252826,0.049201027,0.40582510828971863,1.241029143333435
