side,cond,feat,op,thr,n_tr,wr_tr,edge_tr,n_ho,wr_ho,edge_ho,wl_ho,mean_ho,H,base_ho
LONG,vs_ma20 <= -12.26,vs_ma20,<=,-12.262992059273786,7800,57.97435897435898,10.438916172810522,2602,72.59800153727902,26.745767721865896,68.69202593454456,4.615690635541873,10,45.85223381541312
LONG,vs_ma50 <= -19.37,vs_ma50,<=,-19.367930602644076,7772,56.75501801338137,9.219575211832911,2085,69.11270983213429,23.260476016721164,64.61356733165509,4.414267344117991,10,45.85223381541312
LONG,vs_ma50 <= -19.37,vs_ma50,<=,-19.367930602644076,7772,56.21461657231086,9.88094124142183,2085,68.87290167865707,23.54961279334909,64.36672651667983,2.6649304802591116,3,45.32328888530798
LONG,vs_ma20 <= -12.26,vs_ma20,<=,-12.262992059273786,7800,61.44871794871795,14.141245088910509,2602,67.71714066102997,22.306029997532413,63.66617252891038,3.2349969126935747,5,45.41111066349756
LONG,vs_ma50 <= -19.37,vs_ma50,<=,-19.367930602644076,7772,58.40195573854864,11.094482878741196,2085,67.38609112709833,21.974980463600765,62.839277385656686,3.6081069732204547,5,45.41111066349756
SHORT,range_pct <= 0.878,range_pct,<=,0.8779631255487369,19543,65.45054495215679,9.615819322041219,13773,64.32149858418646,6.908212518843833,62.549641639159404,0.2048799881998783,1,42.586713934657375
SHORT,range_pct <= 1.122,range_pct,<=,1.1219147344801823,39085,63.29282333375975,7.458097703644178,28249,62.66062515487274,5.247339089530115,61.41626867435198,0.22165086277511445,1,42.586713934657375
SHORT,range_pct <= 1.324,range_pct,<=,1.3239483827719105,58627,62.42857386528391,6.593848235168338,43976,61.60860469346916,4.195318628126536,60.6075344423824,0.22337813645712506,1,42.586713934657375
LONG,vs_ma20 <= -12.26,vs_ma20,<=,-12.262992059273786,7800,58.628205128205124,12.294529797316095,2602,64.68101460415066,19.35772571884268,60.56477065855829,2.0483850778975476,3,45.32328888530798
SHORT,bb_width <= 3.535,bb_width,<=,3.534527003778015,19499,65.25462844248423,9.419902812368662,9927,62.46600181323663,5.0527157478940055,60.35668807422147,0.2079319567565607,1,42.586713934657375
SHORT,range_pct <= 1.509,range_pct,<=,1.5087903437417978,78169,61.46682188591386,5.632096255798288,60052,60.985479251315525,3.5721931859728997,60.127033308985546,0.2269746728224575,1,42.586713934657375
LONG,dd_from_high <= -28.78,dd_from_high,<=,-28.77875739367639,19407,54.062966970680684,6.527524169132228,5488,62.755102040816325,16.902868225403203,59.912880005933445,2.116080081915732,10,45.85223381541312
SHORT,bb_width <= 4.642,bb_width,<=,4.641911891908614,38997,63.233069210452086,7.398343580336515,23514,61.0274729948116,3.6141869294689783,59.65292098633025,0.20453737754346343,1,42.586713934657375
LONG,vs_ma50 <= -13.71,vs_ma50,<=,-13.707850556188426,19430,53.79310344827586,6.257660646727402,7795,61.8601667735728,16.007932958159678,59.471091264304334,2.0806775911986333,10,45.85223381541312
SHORT,bb_width <= 5.524,bb_width,<=,5.524213631665946,58495,61.89075989400803,6.056034263892457,38734,60.51530954716786,3.102023481825235,59.44344757605189,0.21785306464187232,1,42.586713934657375
SHORT,vol_ratio <= 0.4379,vol_ratio,<=,0.4378919970565004,38997,57.91214708823755,2.0774214581219823,28864,60.47325388026608,3.0599678149234535,59.23055884430109,0.25401893530759634,1,42.586713934657375
SHORT,bb_width <= 6.345,bb_width,<=,6.344506809150321,77994,60.88801702695079,5.05329139683522,55042,60.00327023000618,2.589984164663555,59.10293130841482,0.22099018981741156,1,42.586713934657375
SHORT,close_pos >= 0.8,close_pos,>=,0.800000000000003,78170,59.7735704234361,3.938844793320527,50694,59.90847043042569,2.4951843650830625,58.96984824822883,0.23013257692796835,1,42.586713934657375
SHORT,vol_ratio <= 0.3612,vol_ratio,<=,0.36115915574800134,19499,58.11580081029797,2.2810751801823983,14589,60.61416135444513,3.2008752891025054,58.863806970119995,0.25371084769021984,1,42.586713934657375
SHORT,vol_ratio <= 0.5491,vol_ratio,<=,0.5490942584109532,77994,57.29799728184219,1.4632716517266218,55338,59.75459900972208,2.341312944379453,58.85584742928545,0.24782792831441647,1,42.586713934657375
SHORT,close_pos >= 0.8478,close_pos,>=,0.847826086956528,58627,59.99795316151262,4.163227531397048,38631,59.918200408997954,2.5049143436553294,58.842467002573294,0.23179976868229032,1,42.586713934657375
SHORT,vol_ratio <= 0.4968,vol_ratio,<=,0.49680688385215765,58495,57.57415163689205,1.7394260067764762,42433,59.8684985742229,2.4552125088802725,58.84208741734229,0.2517909244276036,1,42.586713934657375
SHORT,vol_ratio <= 0.2871,vol_ratio,<=,0.28707584598484137,7800,57.30769230769231,1.4729666775767356,5536,61.596820809248555,4.1835347439059305,58.75423386078541,0.26320950973217766,1,42.586713934657375
SHORT,close_pos >= 0.8962,close_pos,>=,0.8962264150943404,39088,59.89050347932869,4.055777849213122,26193,59.92058947046921,2.507303405126585,58.61309848723689,0.23076188490205385,1,42.586713934657375
SHORT,streak >= 2,streak,>=,2.0,91141,59.81940070879187,3.9846750786762968,56653,59.359610258944805,1.9463241936021802,58.47012574186091,0.2154098803340444,1,42.586713934657375
SHORT,streak >= 2,streak,>=,2.0,91141,59.81940070879187,3.9846750786762968,56653,59.359610258944805,1.9463241936021802,58.47012574186091,0.2154098803340444,1,42.586713934657375
LONG,vs_ma50 <= -13.71,vs_ma50,<=,-13.707850556188426,19430,54.02985074626866,7.696175415379628,7795,60.821039127645925,15.497750242337943,58.422684251091326,0.939188860779164,3,45.32328888530798
SHORT,streak >= 3,streak,>=,3.0,41402,60.37872566542679,4.544000035311221,26327,59.71816006381282,2.3048739984701925,58.41308568573103,0.20761808250592856,1,42.586713934657375
SHORT,streak >= 3,streak,>=,3.0,41402,60.37872566542679,4.544000035311221,26327,59.71816006381282,2.3048739984701925,58.41308568573103,0.20761808250592856,1,42.586713934657375
SHORT,close_pos >= 0.9474,close_pos,>=,0.9473684210526325,19548,59.50992428892982,3.675198658814246,12938,60.10975421239759,2.696468147054965,58.247025797815766,0.22279093173916464,1,42.586713934657375
SHORT,upper_wick <= 0,upper_wick,<=,0.0,11426,56.80903203220725,0.9743064020916776,8876,60.37629562866156,2.963009563318934,58.12646069712317,0.2266771381308943,1,42.586713934657375
SHORT,size_vs_atr <= 0.6141,size_vs_atr,<=,0.6140949459732766,78049,57.81239990262528,1.9776742725097094,49012,58.942707908267366,1.5294218429247408,57.98482687101081,0.2072179189080733,1,42.586713934657375
SHORT,lower_wick >= 0.484,lower_wick,>=,0.484000000000002,78169,58.299325819698346,2.464600189582775,47131,58.94209755787062,1.5288114925279928,57.9652263161143,0.23294258347238897,1,42.586713934657375
SHORT,vs_ma20 >= -3.467,vs_ma20,>=,-3.4669655371275674,311973,57.053014203152195,1.2182885730366237,200478,58.42985265216133,1.0165665868187048,57.95618894005658,0.21473563718699812,1,42.586713934657375
SHORT,lower_wick >= 0.5355,lower_wick,>=,0.5355191256830593,58627,58.52252375185495,2.6877981217393767,35280,59.07596371882086,1.6626776534782337,57.94681154284538,0.2333180199079136,1,42.586713934657375
SHORT,vs_ma50 >= -5.782,vs_ma50,>=,-5.782294666274979,310869,56.730326922272724,0.8956012921571528,197593,58.31481884479713,0.9015327794545058,57.83752630507972,0.21332597374546564,1,42.586713934657375
SHORT,vs_ma50 >= -7.443,vs_ma50,>=,-7.442938500064922,330299,56.60083742306213,0.7661117929465604,212923,58.24312075257253,0.8298346872299049,57.78325124075154,0.21830498935060852,1,42.586713934657375
SHORT,close_pos >= 0.2284,close_pos,>=,0.22836538461538572,312673,57.17826611188046,1.3435404817648902,192541,58.26447354070042,0.851187475357797,57.78087209461976,0.20966215121588494,1,42.586713934657375
SHORT,dd_from_high >= -17.06,dd_from_high,>=,-17.05525692084007,310501,56.74699920451142,0.9122735743958472,207432,58.23739827991824,0.8241122145756137,57.77146433811042,0.22239726502699494,1,42.586713934657375
SHORT,vs_ma20 >= -4.515,vs_ma20,>=,-4.514784065827017,331472,56.826519283680064,0.9917936535644927,215129,58.219022075127015,0.8057360097843898,57.76148473424686,0.21456985848025184,1,42.586713934657375
SHORT,body_pct >= -1.314,body_pct,>=,-1.3135153819564553,312673,57.58763948278233,1.752913852666758,204495,58.22000537910462,0.8067193137619952,57.750706457153655,0.2068216977486821,1,42.586713934657375
SHORT,cc_ret >= -1.312,cc_ret,>=,-1.312206232898081,312636,57.598613083586024,1.7638874534704527,204515,58.205999559934476,0.792713494591851,57.73670272930364,0.20649300767382817,1,42.586713934657375
SHORT,dd_from_high >= -19.63,dd_from_high,>=,-19.631291405130565,329908,56.578197558107114,0.7434719279915427,220998,58.082878578086685,0.6695925127440603,57.63127209201622,0.2226126746543096,1,42.586713934657375
SHORT,close_pos >= 0.1806,close_pos,>=,0.18055555555555403,332216,56.8292917860669,0.9945661559513255,205398,58.09306809219174,0.6797820268491179,57.624615908733126,0.21100771507034954,1,42.586713934657375
SHORT,vs_ma50 >= -9.776,vs_ma50,>=,-9.775923600356691,349728,56.44615243846647,0.6114268083508989,228000,58.049561403508775,0.6362753381661506,57.6049069568625,0.22072399325103048,1,42.586713934657375
SHORT,vs_ma200 >= -12.93,vs_ma200,>=,-12.927631556281137,305349,56.41348096767961,0.57875533756404,196578,58.075166091831235,0.6618800264886104,57.596277743750626,0.21654737357434792,1,42.586713934657375
SHORT,body_pct >= -1.757,body_pct,>=,-1.7565493578538112,332215,57.22860195957438,1.3938763294588057,218166,58.04479158072293,0.6315055153803044,57.59020523052646,0.20830733205825092,1,42.586713934657375
SHORT,cc_ret >= -1.756,cc_ret,>=,-1.756165790934583,332175,57.225558816888686,1.390833186773115,218214,58.042563721851025,0.6292776565083997,57.588024291270614,0.20826206319674245,1,42.586713934657375
SHORT,bb_pos >= 0.1488,bb_pos,>=,0.14881934600094393,331472,56.58728339045228,0.7525577603367068,206699,58.045757357316674,0.6324712919740492,57.57871503905714,0.20145007173069931,1,42.586713934657375
SHORT,rsi14 >= 35.09,rsi14,>=,35.087719212065295,312157,56.324221465480505,0.48949583536493435,193519,58.035128333652,0.6218422683093721,57.55240420710117,0.2066314288887684,1,42.586713934657375
SHORT,vs_ma200 >= -15.82,vs_ma200,>=,-15.81901802323318,324434,56.36030748935068,0.5255818592351105,211996,58.01052850053775,0.5972424351951275,57.549315943284974,0.2209743299664218,1,42.586713934657375
SHORT,range_pct <= 4.872,range_pct,<=,4.871794871794876,312673,56.83061856955989,0.9958929394443174,221869,57.9986388364305,0.5853527710878765,57.547802746988495,0.22600380805338954,1,42.586713934657375
SHORT,vs_ma20 >= -5.96,vs_ma20,>=,-5.959893915079806,350970,56.58147420007408,0.7467485699585055,228301,57.98835747543812,0.5750714100954966,57.543912194865065,0.21544289878234849,1,42.586713934657375
SHORT,size_vs_atr <= 1.308,size_vs_atr,<=,1.3084112149532707,312197,56.34295012444066,0.5082244943250913,197969,58.00807197086413,0.5947859055215048,57.53077221049894,0.21437876703221978,1,42.586713934657375
SHORT,vol_ratio <= 1.35,vol_ratio,<=,1.349770348609689,311973,56.18018225936219,0.3454566292466197,196591,57.99095584233256,0.5776697769899357,57.51195845324184,0.22231504601022595,1,42.586713934657375
SHORT,rsi14 >= 31.9,rsi14,>=,31.902903139988815,331667,56.259440945285476,0.42471531516990524,206343,57.97870535952274,0.565419294180117,57.51116279561374,0.2104866087100479,1,42.586713934657375
SHORT,bb_width <= 20.04,bb_width,<=,20.04408902385585,311973,56.531494712683475,0.6967690825679043,218824,57.95113881475523,0.5378527494126075,57.49710594491388,0.22267670790458505,1,42.586713934657375
SHORT,close_pos >= 0.1304,close_pos,>=,0.13043478260870406,351759,56.45598264721017,0.6212570170945995,218652,57.92126301154346,0.5079769462008343,57.46700974598389,0.21243521541248445,1,42.586713934657375
SHORT,bb_pos >= 0.08374,bb_pos,>=,0.08373964858806625,350970,56.32931589594552,0.4945902658299488,220554,57.906000344586815,0.49271427924418987,57.45369161566695,0.2056548351376898,1,42.586713934657375
SHORT,body_pct >= -2.429,body_pct,>=,-2.42940526896986,351757,56.81507404259191,0.9803484124763386,230657,57.89375566317085,0.4804695978282254,57.45146061941728,0.21304279396918274,1,42.586713934657375
SHORT,cc_ret >= -2.431,cc_ret,>=,-2.430654658220712,351715,56.82015268043729,0.985427050321718,230656,57.890971836847946,0.4776857715053211,57.44867207539905,0.21262985846409296,1,42.586713934657375
SHORT,lower_wick >= 0.6,lower_wick,>=,0.6,39196,58.71262373711603,2.877898107000462,23704,58.808639892001345,1.3953538266587202,57.42884521514415,0.21610337418730144,1,42.586713934657375
SHORT,lower_wick >= 0.1053,lower_wick,>=,0.10526315789473684,312733,56.013596262626585,0.1788706325110141,194356,57.89993619955134,0.48665013420871617,57.418054384424444,0.2268339392379973,1,42.586713934657375
SHORT,bb_width <= 22.84,bb_width,<=,22.844807709408883,331472,56.37007047352416,0.5353448434085877,227750,57.859934138309555,0.44664807296693,57.41477566930462,0.222701292566791,1,42.586713934657375
LONG,vs_ma50 <= -13.71,vs_ma50,<=,-13.707850556188426,19430,55.47606793618116,8.16859507637372,7795,59.589480436177034,14.178369772679474,57.18158370493573,1.4175727167429235,5,45.41111066349756
LONG,vs_ma20 <= -8.505,vs_ma20,<=,-8.50496575328572,19499,57.50038463510949,10.19291177530205,8338,59.450707603741904,14.039596940244344,57.122131814609645,1.1637420461798322,5,45.41111066349756
LONG,vs_ma20 <= -8.505,vs_ma20,<=,-8.50496575328572,19499,54.500230781065696,6.96478797951724,8338,59.19884864475894,13.346614829345818,56.86858723438342,1.8265601943374445,10,45.85223381541312
SHORT,vol_ratio <= 0.2871,vol_ratio,<=,0.28707584598484137,7800,55.07692307692308,2.3843959367305203,5535,59.71093044263775,5.122041106135313,56.85071676088167,0.582723479929081,5,45.41111066349756
LONG,range_pct >= 12.24,range_pct,>=,12.239738630385155,7817,53.140591019572724,6.806915688683695,1520,62.30263157894736,16.97934269363938,56.84451232927309,2.77295758145766,3,45.32328888530798
LONG,dd_from_high <= -28.78,dd_from_high,<=,-28.77875739367639,19407,53.41371670015974,7.08004136927071,5488,59.62099125364432,14.297702368336338,56.747736275495654,1.1504166275366656,3,45.32328888530798
LONG,vs_ma200 <= -26.96,vs_ma200,<=,-26.963325291267157,19085,52.44956772334294,4.914124921794482,5900,59.28813559322034,13.435901777807217,56.51527646613691,1.6303173163148945,10,45.85223381541312
SHORT,vol_ratio <= 0.3612,vol_ratio,<=,0.36115915574800134,19499,55.30540027693728,2.6128731367447173,14583,58.14990056915587,3.561011232653428,56.38557727113156,0.4769710890338845,5,45.41111066349756
LONG,dd_from_high <= -28.78,dd_from_high,<=,-28.77875739367639,19407,55.31509249239966,8.007619632592217,5488,59.01967930029155,13.60856863679399,56.14185694268766,1.6064221820679334,5,45.41111066349756
SHORT,vol_ratio <= 0.3612,vol_ratio,<=,0.36115915574800134,19499,56.26955228473255,2.6032276156215772,14587,57.76376225406183,3.0870511393698123,55.99796009186064,0.3702646525019997,3,45.32328888530798
SHORT,vol_ratio <= 0.2871,vol_ratio,<=,0.28707584598484137,7800,55.65384615384615,3.189288955394609,5523,58.84483070794858,4.697064523361703,55.97496366317595,1.0947050033766044,10,45.85223381541312
LONG,cc_ret <= -5.533,cc_ret,<=,-5.53339027127606,7816,57.650972364380756,10.1155295628323,2073,60.63675832127352,14.784524505860396,55.95214631530124,2.711521086268624,10,45.85223381541312
SHORT,vol_ratio <= 0.4379,vol_ratio,<=,0.4378919970565004,38997,55.788906838987614,2.122582169876644,28862,57.12701822465526,2.4503071099632407,55.87129398624062,0.34787956200889336,3,45.32328888530798
SHORT,vol_ratio <= 0.5491,vol_ratio,<=,0.5490942584109532,77994,55.350411570120784,1.6840869010098132,55328,56.754265471370736,2.077554356678718,55.84726021013767,0.3314156533406321,3,45.32328888530798
LONG,body_pct <= -5.536,body_pct,<=,-5.535597056285856,7817,57.72035307662786,10.184910275079403,2067,60.52249637155298,14.67026255613986,55.8297174771847,2.7107512272103267,10,45.85223381541312
SHORT,vol_ratio <= 0.4968,vol_ratio,<=,0.49680688385215765,58495,55.55688520386358,1.890560534752609,42428,56.81861035165456,2.1418992369625443,55.7827001201021,0.3371300783755579,3,45.32328888530798
SHORT,vol_ratio <= 0.4379,vol_ratio,<=,0.4378919970565004,38997,55.00166679488166,2.3091396546890977,28851,56.978960867907524,2.390071531405084,55.722558126084195,0.4362164861758317,5,45.41111066349756
LONG,vs_ma50 <= -19.37,vs_ma50,<=,-19.367930602644076,7772,52.547606793618115,8.382332423733686,2085,60.38369304556355,17.79697911090617,55.70990501218483,1.0056325552451546,1,42.586713934657375
SHORT,vol_ratio <= 0.3612,vol_ratio,<=,0.36115915574800134,19499,55.720806195189496,3.256248996737952,14562,57.36162615025408,3.213859965667204,55.59262483610483,0.8678030444992828,10,45.85223381541312
LONG,vs_ma200 <= -19.96,vs_ma200,<=,-19.95519520722369,38169,50.352380203830336,2.81693740228188,19897,56.97843896064734,11.126205145234216,55.46463612738688,1.0665561062316964,10,45.85223381541312
LONG,vs_ma20 <= -8.505,vs_ma20,<=,-8.50496575328572,19499,55.85414636648033,9.5204710355913,8338,57.74766130966659,12.424372424358609,55.4089024994434,0.642110474665007,3,45.32328888530798
SHORT,vs_ma20 >= -3.467,vs_ma20,>=,-3.4669655371275674,311973,54.70569568520352,1.0393710160925522,200390,55.78322271570437,1.1065116010123504,55.30605044908441,0.24052723165885817,3,45.32328888530798
SHORT,vs_ma50 >= -5.782,vs_ma50,>=,-5.782294666274979,310869,54.38464433571697,0.7183196666059999,197515,55.7861428245956,1.109431709903582,55.30550972094026,0.24070155547512825,3,45.32328888530798
SHORT,vs_ma200 >= -12.93,vs_ma200,>=,-12.927631556281137,305349,53.243337951000335,0.5508108108077749,196422,55.734082740222576,1.1451934037201354,55.252059226330076,0.2905364265653855,5,45.41111066349756
SHORT,range_pct <= 1.122,range_pct,<=,1.1219147344801823,39085,59.06613790456697,5.399813235456001,28238,56.51604221262129,1.8393310979292679,55.244727476853626,0.23412751057137926,3,45.32328888530798
SHORT,vs_ma50 >= -7.443,vs_ma50,>=,-7.442938500064922,330299,54.34621358223912,0.6798889131281527,212836,55.70674134075062,1.0300302260585994,55.24366938710236,0.2527148438490056,3,45.32328888530798
SHORT,vol_ratio <= 0.4968,vol_ratio,<=,0.49680688385215765,58495,55.05598769125566,2.363460551063099,42417,56.25574651672678,1.6668571802243406,55.21839901386939,0.4024248842452969,5,45.41111066349756
SHORT,range_pct <= 1.324,range_pct,<=,1.3239483827719105,58627,58.415064731267165,4.748740062156195,43959,56.23194340180623,1.5552322871142081,55.21294069365683,0.25183952762570777,3,45.32328888530798
SHORT,dd_from_high >= -17.06,dd_from_high,>=,-17.05525692084007,310501,54.43525141625953,0.7689267471485621,207344,55.65147773747975,0.9747666227877332,55.18225233468986,0.2606317775954302,3,45.32328888530798
SHORT,vs_ma200 >= -12.93,vs_ma200,>=,-12.927631556281137,305349,54.257259725756434,0.5909350566454634,196501,55.65722311845741,0.9805120037653907,55.17521842602873,0.2514211181452737,3,45.32328888530798
SHORT,vs_ma20 >= -3.467,vs_ma20,>=,-3.4669655371275674,311973,53.75593400710959,1.0634068669170276,200302,55.63549040948168,1.046601072979243,55.158063857177275,0.27148221537039435,5,45.41111066349756
SHORT,range_pct <= 1.509,range_pct,<=,1.5087903437417978,78169,57.815758165001476,4.149433495890506,60022,56.014461364166465,1.3377502494744462,55.14227708187151,0.2553966133559421,3,45.32328888530798
SHORT,vs_ma200 >= -15.82,vs_ma200,>=,-15.81901802323318,324434,53.21143899837871,0.5189118581861507,211826,55.59043743449813,1.0015480979956877,55.12614843597336,0.30315232547537585,5,45.41111066349756
SHORT,vs_ma20 >= -4.515,vs_ma20,>=,-4.514784065827017,331472,54.55453250953324,0.8882078404222682,215037,55.58485283927882,0.9081417245867982,55.12404132169595,0.2427943059298062,3,45.32328888530798
SHORT,vs_ma200 >= -15.82,vs_ma200,>=,-15.81901802323318,324434,54.20424493117244,0.5379202620614691,211912,55.58675299180792,0.9100418771159013,55.12255475815733,0.2624854789309481,3,45.32328888530798
SHORT,vs_ma50 >= -5.782,vs_ma50,>=,-5.782294666274979,310869,53.38647468869524,0.6939475485026776,197433,55.57176358562145,0.982874249119007,55.090813682700514,0.279193150535773,5,45.41111066349756
SHORT,vol_ratio <= 0.5491,vol_ratio,<=,0.5490942584109532,77994,54.80806215862759,2.1155350184350326,55312,55.993274515475846,1.4043851789734063,55.08460579844354,0.3919949452501993,5,45.41111066349756
SHORT,vs_ma50 >= -7.443,vs_ma50,>=,-7.442938500064922,330299,53.337733387022055,0.6452062468294955,212748,55.54693816158084,0.9580488250784001,55.083615653690856,0.2923385899613672,5,45.41111066349756
SHORT,vol_ratio <= 0.2871,vol_ratio,<=,0.28707584598484137,7800,56.41025641025641,2.7439317411454383,5536,57.947976878612714,3.2712657639206952,55.0757076085451,0.429009283919498,3,45.32328888530798
SHORT,vs_ma50 >= -9.776,vs_ma50,>=,-9.775923600356691,349728,54.279039710861014,0.6127150417500431,227908,55.51889358864103,0.8421824739490091,55.07123451578417,0.2593227058013755,3,45.32328888530798
SHORT,dd_from_high >= -19.63,dd_from_high,>=,-19.631291405130565,329908,54.36273142815573,0.6964067590447627,220906,55.51908956750835,0.8423784528163338,55.06438479463854,0.26460146464965556,3,45.32328888530798
SHORT,rsi14 >= 35.09,rsi14,>=,35.087719212065295,312157,53.26294140448557,0.5704142642930066,193358,55.5384313035923,0.949541967089857,55.052401574040246,0.2606434308424433,5,45.41111066349756
SHORT,dd_from_high >= -17.06,dd_from_high,>=,-17.05525692084007,310501,53.457476787514366,0.7649496473218065,207257,55.50307106635722,0.9141817298547821,55.03360312403712,0.29824720000464733,5,45.41111066349756
SHORT,upper_wick >= 0.5758,upper_wick,>=,0.5757575757575718,39089,53.472844022615064,0.780316882422504,24054,56.393946952689774,1.8050576161873337,55.015841171787386,0.3361132751063258,5,45.41111066349756
SHORT,upper_wick >= 0.459,upper_wick,>=,0.4590163934426194,78169,53.4508564776318,0.7583293374392426,48363,55.98701486673697,1.3981255302345303,55.01511789698236,0.2928243894252498,5,45.41111066349756
SHORT,vs_ma20 >= -4.515,vs_ma20,>=,-4.514784065827017,331472,53.603622628759,0.9110954885664384,214945,55.46069924864501,0.8718099121425666,54.99967184255905,0.27670030835238163,5,45.41111066349756
SHORT,rsi14 >= 35.09,rsi14,>=,35.087719212065295,312157,54.21919098402407,0.5528663149130963,193441,55.478414607037806,0.8017034923457871,54.992430014342645,0.22466583768097653,3,45.32328888530798
SHORT,bb_pos >= 0.2025,bb_pos,>=,0.20252878379610742,311973,54.704413522965126,1.0380888538541555,192897,55.4430602860594,0.7663491713673807,54.956355615902375,0.20894113768805578,3,45.32328888530798
SHORT,vol_ratio <= 0.4379,vol_ratio,<=,0.4378919970565004,38997,55.37349026848219,2.908933070030649,28815,56.2137775464168,2.066011361829922,54.95450264012467,0.7041208978160222,10,45.85223381541312
SHORT,rsi14 >= 31.9,rsi14,>=,31.902903139988815,331667,53.167182746550004,0.4746556063574445,206178,55.424439076914126,0.8355497404116861,54.95366837714661,0.2697198498794174,5,45.41111066349756
SHORT,upper_wick >= 0.6667,upper_wick,>=,0.6666666666666666,19916,53.22855995179755,0.53603281160499,12416,56.84600515463918,2.2571158181367394,54.927502461879776,0.32602181028964794,5,45.41111066349756
SHORT,vs_ma200 >= -19.96,vs_ma200,>=,-19.95519520722369,343518,54.06790910519973,0.40158443608876127,228135,55.3663401056392,0.6896289909471847,54.9187661052628,0.26450926220956916,3,45.32328888530798
SHORT,dd_from_high >= -19.63,dd_from_high,>=,-19.631291405130565,329908,53.417316342737976,0.7247892025454163,220814,55.363337469544504,0.7744481330420641,54.90839503620262,0.30134271606581114,5,45.41111066349756
SHORT,rsi14 >= 31.9,rsi14,>=,31.902903139988815,331667,54.13260891195084,0.466284242839869,206262,55.37665687329707,0.6999457586050539,54.90593730591393,0.23363371910006123,3,45.32328888530798
SHORT,vs_ma200 >= -19.96,vs_ma200,>=,-19.95519520722369,343518,53.07465693209672,0.38212979190416263,228047,55.34999364166159,0.7611043051591508,54.902318690149386,0.30459838315748333,5,45.41111066349756
SHORT,vs_ma50 >= -9.776,vs_ma50,>=,-9.775923600356691,349728,53.31743526397658,0.6249081237840173,227816,55.34949257295361,0.7606032364511677,54.90159006696048,0.2972186611171196,5,45.41111066349756
SHORT,bb_pos >= 0.2025,bb_pos,>=,0.20252878379610742,311973,53.846326444916706,1.1537993047241457,192819,55.37836001638843,0.7894706798859872,54.89149411238421,0.23546801395412253,5,45.41111066349756
SHORT,vs_ma20 >= -5.96,vs_ma20,>=,-5.959893915079806,350970,54.39581730632248,0.7294926372115071,228209,55.33129718810389,0.6545860734118705,54.88376475299265,0.2440338958716794,3,45.32328888530798
LONG,cc_ret <= -5.533,cc_ret,<=,-5.53339027127606,7816,53.90225179119754,7.568576460308513,2073,59.57549445248432,14.25220556717634,54.879856592021646,1.860925046776194,3,45.32328888530798
SHORT,upper_wick >= 0.5102,upper_wick,>=,0.5102040816326519,58631,53.427367774726676,0.7348406345341161,35821,55.9867117054242,1.3978223689217586,54.8570592283492,0.2901146049389769,5,45.41111066349756
SHORT,bb_width <= 6.345,bb_width,<=,6.344506809150321,77994,57.540323614637025,3.873998945526054,54987,55.76590830559951,1.0891971909074911,54.85413643876225,0.25085655546087876,3,45.32328888530798
SHORT,rsi14 >= 28.04,rsi14,>=,28.043455617993654,351177,53.052449334665994,0.3599221944734339,219226,55.28815012817822,0.6992607916757834,54.83149388448585,0.2745067071094498,5,45.41111066349756
SHORT,vs_ma200 >= -12.93,vs_ma200,>=,-12.927631556281137,305349,52.59620958313275,0.13165238468120322,196229,55.30884833536327,1.1610821507763944,54.826169403437476,0.3737184686643894,10,45.85223381541312
SHORT,rsi14 >= 28.04,rsi14,>=,28.043455617993654,351177,54.04795872167026,0.38163405255929206,219312,55.27239731524038,0.5956862005483643,54.81581667541728,0.2393292622905484,3,45.32328888530798
SHORT,dd_from_high >= -23.11,dd_from_high,>=,-23.105081303679462,349314,54.244605140360825,0.5782804712498546,232699,55.2576504411278,0.5809393264357823,54.81439647457138,0.26047020845711705,3,45.32328888530798
SHORT,bb_pos >= 0.1488,bb_pos,>=,0.14881934600094393,331472,54.400673360042475,0.7343486909315047,206628,55.276632402191375,0.599921287499356,54.806237957243184,0.2102066832635158,3,45.32328888530798
SHORT,vs_ma200 >= -15.82,vs_ma200,>=,-15.81901802323318,324434,52.70871733542107,0.24416013696952632,211606,55.2682816177235,1.1205154331366245,54.80345056853475,0.4001686229406815,10,45.85223381541312
SHORT,vs_ma20 >= -5.96,vs_ma20,>=,-5.959893915079806,350970,53.46810268683934,0.7755755466467775,228117,55.2492799747498,0.6603906382473568,54.80158536702194,0.2799814026435233,5,45.41111066349756
LONG,body_pct <= -5.536,body_pct,<=,-5.535597056285856,7817,53.98490469489574,7.65122936400671,2067,59.4581519109821,14.134863025674122,54.754557719636146,1.8458370187750395,3,45.32328888530798
SHORT,range_pct <= 4.872,range_pct,<=,4.871794871794876,312673,54.452095320030836,0.785770650919865,221778,55.19393267141015,0.517221556718134,54.7398309925474,0.267895522910723,3,45.32328888530798
SHORT,bb_pos >= 0.1488,bb_pos,>=,0.14881934600094393,331472,53.599399044263166,0.9068719040706057,206547,55.20777353338465,0.6188841968822132,54.73722431285716,0.23394308145658388,5,45.41111066349756
SHORT,vs_ma50 >= -13.71,vs_ma50,>=,-13.707850556188426,369157,54.05911306029684,0.39278839118586717,240251,55.14482770102934,0.4681165863373238,54.70850714400425,0.25682004041948153,3,45.32328888530798
SHORT,bb_width <= 20.04,bb_width,<=,20.04408902385585,311973,54.08961672965289,0.42329206054191815,218734,55.15146250697194,0.47475139227992,54.69417225740267,0.2675902189824811,3,45.32328888530798
SHORT,size_vs_atr <= 0.6141,size_vs_atr,<=,0.6140949459732766,78049,55.74190572589015,2.0755810567791784,49006,55.65645023058401,0.9797391158919879,54.69033569544123,0.2567663113906547,3,45.32328888530798
LONG,cc_ret <= -5.533,cc_ret,<=,-5.53339027127606,7816,55.48874104401228,11.32346667412785,2073,59.382537385431746,16.79582345077437,54.685133891125524,0.9311777949335746,1,42.586713934657375
SHORT,dd_from_high >= -23.11,dd_from_high,>=,-23.105081303679462,349314,53.308198354489086,0.6156712142965262,232607,55.10539235706579,0.5165030205633485,54.661921444851515,0.2942281537015508,5,45.41111066349756
LONG,body_pct <= -5.536,body_pct,<=,-5.535597056285856,7817,55.46884994243316,11.30357557254873,2067,59.361393323657474,16.7746793890001,54.65692694584568,0.9222637910679116,1,42.586713934657375
SHORT,vol_ratio <= 0.5491,vol_ratio,<=,0.5490942584109532,77994,54.92858425007052,2.4640270516189773,55240,55.546705286024626,1.3989391014377475,54.63664473857121,0.5804089230641986,10,45.85223381541312
SHORT,dd_from_high >= -17.06,dd_from_high,>=,-17.05525692084007,310501,52.914483367203324,0.44992616875178015,207035,55.09358321056826,0.9458170259813841,54.6234879086287,0.3813784641615042,10,45.85223381541312
SHORT,vs_ma50 >= -5.782,vs_ma50,>=,-5.782294666274979,310869,52.86567653899231,0.4011193405407667,197240,55.08061245183533,0.9328462672484505,54.59896406201995,0.3750657058993294,10,45.85223381541312
SHORT,vs_ma50 >= -7.443,vs_ma50,>=,-7.442938500064922,330299,52.82456198777471,0.36000478932316327,212522,55.0512417537949,0.9034755692080196,54.58722345223339,0.3859125673838528,10,45.85223381541312
SHORT,vs_ma200 >= -19.96,vs_ma200,>=,-19.95519520722369,343518,52.694473069824575,0.2299158713730307,227827,55.017623020976444,0.869856836389566,54.56944689376484,0.3913921960007417,10,45.85223381541312
SHORT,vol_ratio <= 0.4968,vol_ratio,<=,0.49680688385215765,58495,55.2252329258911,2.760675727439555,42365,55.571816357842565,1.4240501732556865,54.53242950427537,0.6064579278500495,10,45.85223381541312
SHORT,dd_from_high >= -19.63,dd_from_high,>=,-19.631291405130565,329908,52.95779429416686,0.4932370957153154,220584,54.97905559786748,0.8312894132806008,54.523542500073276,0.3761135747222813,10,45.85223381541312
SHORT,vs_ma50 >= -9.776,vs_ma50,>=,-9.775923600356691,349728,52.873375880684414,0.40881868223286943,227586,54.92912569314456,0.781359508557685,54.480639652496535,0.3831352670722615,10,45.85223381541312
SHORT,rsi14 >= 35.09,rsi14,>=,35.087719212065295,312157,52.75902830947248,0.2944711110209326,193147,54.89083444216063,0.7430682575737535,54.403937126122614,0.3098202112908694,10,45.85223381541312
SHORT,vs_ma20 >= -3.467,vs_ma20,>=,-3.4669655371275674,311973,53.09433829209579,0.6297810936442474,200078,54.86360319475405,0.7158370101671707,54.3851977512656,0.33123670871182476,10,45.85223381541312
SHORT,bb_pos >= 0.2025,bb_pos,>=,0.20252878379610742,311973,53.16774208024413,0.7031848817925876,192598,54.87180552238341,0.7240393377965333,54.384197701819105,0.2898624133716269,10,45.85223381541312
LONG,dd_from_high <= -23.11,dd_from_high,<=,-23.105081303679462,38813,52.101100146858016,4.56565734530956,15347,56.10868573662605,10.256451921212928,54.38130919017343,1.0147248863531924,10,45.85223381541312
SHORT,rsi14 >= 31.9,rsi14,>=,31.902903139988815,331667,52.67542444680961,0.21086724835806336,205958,54.82088581167034,0.6731196270834587,54.3493291656624,0.32839410325584223,10,45.85223381541312
LONG,vs_ma50 <= -9.776,vs_ma50,<=,-9.775923600356691,38859,51.396072981806014,3.8606301802575587,20138,55.8347402919853,9.982506476572176,54.326632902174374,0.9557940162547804,10,45.85223381541312
SHORT,vs_ma20 >= -4.515,vs_ma20,>=,-4.514784065827017,331472,52.98516918472752,0.5206119862759735,214716,54.752789731552376,0.6050235469654979,54.29090333000764,0.3447912821802042,10,45.85223381541312
SHORT,dd_from_high >= -23.11,dd_from_high,>=,-23.105081303679462,349314,52.94062075954585,0.4760635610943069,232377,54.72529553269041,0.577529348103532,54.28130060072004,0.3594220849026856,10,45.85223381541312
LONG,vs_ma20 <= -12.26,vs_ma20,<=,-12.262992059273786,7800,54.79487179487179,10.62959742498736,2602,58.45503458877786,15.868320654120488,54.25901419200133,0.5949368468938016,1,42.586713934657375
SHORT,rsi14 >= 28.04,rsi14,>=,28.043455617993654,351177,52.59399106433508,0.12943386588353434,219001,54.683768567266824,0.5360023826799463,54.22637250629688,0.3342979940706292,10,45.85223381541312
SHORT,vs_ma20 >= -5.96,vs_ma20,>=,-5.959893915079806,350970,52.9210473829672,0.45649018451565837,227887,54.65779092269414,0.510024738107262,54.209388213897235,0.3487857459353704,10,45.85223381541312
SHORT,bb_pos >= 0.1488,bb_pos,>=,0.14881934600094393,331472,53.00538205338611,0.5408248549345629,206320,54.676715781310584,0.5289495967237059,54.20545615667917,0.2918534269504802,10,45.85223381541312
LONG,vs_ma200 <= -26.96,vs_ma200,<=,-26.963325291267157,19085,52.14566413413676,5.811988803247729,5901,56.71920013557025,11.395911250262266,53.931390720152216,0.8131569595423215,3,45.32328888530798
LONG,vs_ma200 <= -26.96,vs_ma200,<=,-26.963325291267157,19085,53.72805868483101,6.420585825023572,5901,56.71920013557025,11.308089472072687,53.931390720152216,1.1301389444924355,5,45.41111066349756
LONG,vs_ma50 <= -9.776,vs_ma50,<=,-9.775923600356691,38859,51.964795800200726,5.631120469311696,20138,55.26864634025226,9.94535745494428,53.75914513867275,0.234453514387358,3,45.32328888530798
LONG,range_pct >= 12.24,range_pct,>=,12.239738630385155,7817,52.155558398362544,4.620115596814088,1520,59.210526315789465,13.358292500376344,53.715773564494754,3.205681002625678,10,45.85223381541312
LONG,rsi14 <= 17.14,rsi14,<=,17.14285714265598,7804,53.29318298308559,5.985710123278153,5885,56.43160577740017,11.020495113902612,53.638765000922376,0.7420603811986862,5,45.41111066349756
LONG,rsi14 <= 17.14,rsi14,<=,17.14285714265598,7804,52.99846232701179,6.664786996122757,5885,56.36363636363636,11.040347478328378,53.57051932063928,0.4160285783627423,3,45.32328888530798
LONG,rsi14 <= 17.14,rsi14,<=,17.14285714265598,7804,48.09072270630446,0.5552799047560057,5885,56.1767204757859,10.324486660372777,53.38287090515059,1.2181340089437271,10,45.85223381541312
LONG,vs_ma200 <= -19.96,vs_ma200,<=,-19.95519520722369,38169,51.397731143074225,4.090258283266785,19907,54.7596322901492,9.348521626651639,53.240289638166594,0.578710690302498,5,45.41111066349756
LONG,vs_ma50 <= -9.776,vs_ma50,<=,-9.775923600356691,38859,53.13312231400705,5.825649454199613,20138,54.63799781507598,9.226887151578417,53.12717586984908,0.4850934913593677,5,45.41111066349756
LONG,dd_from_high <= -23.11,dd_from_high,<=,-23.105081303679462,38813,51.740396258985385,5.406720928096355,15347,54.675180817097804,9.351891931789822,52.94414288074834,0.4059987409080211,3,45.32328888530798
LONG,cc_ret <= -5.533,cc_ret,<=,-5.53339027127606,7816,54.90020470829069,7.592731848483247,2073,57.3082489146165,11.897138251118939,52.59645242220202,2.091329659986611,5,45.41111066349756
LONG,body_pct <= -5.536,body_pct,<=,-5.535597056285856,7817,54.93155942177306,7.624086561965619,2067,57.23270440251572,11.821593739018162,52.513673997727686,2.0783068808180283,5,45.41111066349756
LONG,dd_from_high <= -23.11,dd_from_high,<=,-23.105081303679462,38813,53.14456496534666,5.83709210553922,15347,54.056167329119695,8.645056665622135,52.323994760278595,0.6839886867787756,5,45.41111066349756
LONG,dd_from_high <= -19.63,dd_from_high,<=,-19.631291405130565,58219,50.51787217231488,2.9824293707664253,27140,53.46352247605011,7.611288660636987,52.16077064415137,0.5532864323496963,10,45.85223381541312
LONG,vs_ma200 <= -19.96,vs_ma200,<=,-19.95519520722369,38169,50.36285991249443,4.029184581605399,19911,53.643714529656975,8.320425644348994,52.12269682351538,0.29950912425959475,3,45.32328888530798
LONG,vs_ma20 <= -5.96,vs_ma20,<=,-5.959893915079806,38997,54.358027540580046,7.050554680772606,19837,53.637142713111864,8.226032049614304,52.113278462488076,0.2987429477627584,5,45.41111066349756
LONG,range_pct >= 8.884,range_pct,>=,8.883928571428571,19543,51.573453410428286,5.239778079539256,4102,55.43637250121892,10.113083615910938,52.08520059319055,1.4016595077028202,3,45.32328888530798
LONG,vs_ma200 <= -15.82,vs_ma200,<=,-15.81901802323318,57253,49.41749777304246,1.8820549714940071,36118,53.05941635749488,7.20718254208176,51.929914547170384,0.463193937466552,10,45.85223381541312
LONG,range_pct >= 12.24,range_pct,>=,12.239738630385155,7817,53.83139311756429,6.523920257756849,1520,57.36842105263158,11.957310389134022,51.8622550290664,2.5659022182594513,5,45.41111066349756
LONG,rsi14 <= 22.61,rsi14,<=,22.61306531867891,19510,48.06253203485392,0.5270892333054675,14654,53.39838951822028,7.546155702807155,51.62475135408182,0.6479205095853547,10,45.85223381541312
LONG,vs_ma50 <= -13.71,vs_ma50,<=,-13.707850556188426,19430,50.87493566649511,6.709661296610683,7795,53.82937780628608,11.242663871628707,51.39720268567023,0.20011269514311056,1,42.586713934657375
LONG,rsi14 <= 22.61,rsi14,<=,22.61306531867891,19510,51.4812916453101,4.173818785502661,14656,53.152292576419214,7.741181912921654,51.378512866451345,0.3624914153391496,5,45.41111066349756
LONG,vs_ma20 <= -5.96,vs_ma20,<=,-5.959893915079806,38997,51.6732056312024,4.137762829653944,19837,52.88097998689318,7.0287461714800585,51.356314072071704,0.5815039719415643,10,45.85223381541312
LONG,body_pct <= -3.68,body_pct,<=,-3.6802030456852797,19543,52.17213324464003,5.838457913751,7128,53.61952861952862,8.296239734220642,51.07569820270245,0.542420110977987,3,45.32328888530798
LONG,cc_ret <= -3.681,cc_ret,<=,-3.6809477456514306,19540,52.20061412487206,5.8669387939830315,7125,53.6140350877193,8.29074620241132,51.06966259178945,0.5433541698133154,3,45.32328888530798
LONG,dd_from_high <= -19.63,dd_from_high,<=,-19.631291405130565,58219,51.61201669558048,4.304543835773039,27140,52.17391304347826,6.762802379980698,50.8701404873372,0.31681417587668614,5,45.41111066349756
LONG,vs_ma50 <= -7.443,vs_ma50,<=,-7.442938500064922,58288,49.696335437825965,2.1608926362775094,35202,51.96579739787512,6.113563582462,50.820995585181095,0.3995928541839168,10,45.85223381541312
LONG,bb_width >= 35.53,bb_width,>=,35.533447849394015,19499,48.99738448125545,2.6637091503664223,4736,53.90625,8.582961114692019,50.78511079994325,0.9597159605959147,3,45.32328888530798
LONG,body_pct <= -3.68,body_pct,<=,-3.6802030456852797,19543,53.13411451670675,5.826641656899312,7127,53.248211028483226,7.837100364985666,50.70386534575475,0.7594859817193376,5,45.41111066349756
LONG,cc_ret <= -3.681,cc_ret,<=,-3.6809477456514306,19540,53.19856704196519,5.891094182157751,7124,53.18641212801797,7.77530146452041,50.64148805362269,0.7553636739264502,5,45.41111066349756
LONG,range_pct >= 8.884,range_pct,>=,8.883928571428571,19543,51.726961060226174,4.191518258677718,4101,53.93806388685687,8.085830071443745,50.583793701492155,1.8532069579666224,10,45.85223381541312
LONG,range_pct >= 6.721,range_pct,>=,6.721180694056652,39085,50.43111167967251,4.097436348783482,10171,52.38422967259856,7.060940787290576,50.25420275632529,0.6678060155995618,3,45.32328888530798
LONG,dd_from_high <= -17.06,dd_from_high,<=,-17.05525692084007,77626,49.47569113441373,1.9402483328652735,40689,51.23497751234978,5.382743696936657,50.17002188605718,0.2705951813784583,10,45.85223381541312
LONG,body_pct <= -3.68,body_pct,<=,-3.6802030456852797,19543,54.853400194443026,7.31795739289457,7127,52.64487161498527,6.792637799572148,50.100278905191786,0.8430614936837939,10,45.85223381541312
LONG,cc_ret <= -3.681,cc_ret,<=,-3.6809477456514306,19540,54.94882292732856,7.413380125780101,7124,52.59685569904548,6.744621883632355,50.05172350982497,0.8348462077670266,10,45.85223381541312
LONG,bb_width >= 27.11,bb_width,>=,27.106411720198487,38997,48.48321665769162,2.1495413268025914,12010,51.93172356369692,6.608434678388939,49.971520980001294,0.5299147925349961,3,45.32328888530798
LONG,range_pct >= 8.884,range_pct,>=,8.883928571428571,19543,52.68894233229289,5.381469472485449,4101,53.30407217751768,7.892961514020122,49.94957503747888,1.62011273484568,5,45.41111066349756
LONG,dd_from_high <= -28.78,dd_from_high,<=,-28.77875739367639,19407,50.36842376462102,6.203149394736592,5488,52.51457725947522,9.927863324817842,49.61488040765092,0.36304208283703016,1,42.586713934657375
LONG,range_pct >= 6.721,range_pct,>=,6.721180694056652,39085,51.31380324932838,3.7783604477799244,10168,51.39653815892997,5.544304343516849,49.266398820855386,1.2706070367481785,10,45.85223381541312
LONG,range_pct >= 5.61,range_pct,>=,5.609928362425597,58627,49.91897930987429,3.5853039789852588,17644,50.82180911357968,5.498520228271701,49.20477541003031,0.3270922786341054,3,45.32328888530798
LONG,range_pct >= 5.61,range_pct,>=,5.609928362425597,58627,50.82299964180327,3.515526781995831,17642,50.578165740845705,5.167055077348145,48.96118491637472,0.5649496689614242,5,45.41111066349756
LONG,range_pct >= 5.61,range_pct,>=,5.609928362425597,58627,50.91681307247514,3.3813702709266877,17639,50.55842167923351,4.706187863820389,48.9413168384388,0.8924754610169108,10,45.85223381541312
LONG,bb_width >= 27.11,bb_width,>=,27.106411720198487,38997,49.65253737466985,2.117094573121392,12010,50.8992506244796,5.047016809066477,48.939488694276626,1.3033228809925284,10,45.85223381541312
LONG,range_pct >= 6.721,range_pct,>=,6.721180694056652,39085,51.508251247281564,4.200778387474124,10170,51.05211406096362,5.641003397466058,48.92244962555162,0.9105922438153669,5,45.41111066349756
LONG,vol_ratio >= 3.055,vol_ratio,>=,3.0551774302741728,7800,48.69230769230769,2.358632361418664,4873,51.8366509337164,6.513362048408418,48.76026520800159,0.5589883270048245,3,45.32328888530798
LONG,bb_width >= 27.11,bb_width,>=,27.106411720198487,38997,49.03966971818345,1.7321968583760068,12010,50.6744379683597,5.263327304862138,48.714882639122656,0.8598578443102616,5,45.41111066349756
LONG,range_pct >= 8.884,range_pct,>=,8.883928571428571,19543,49.91557079261116,5.750296422726734,4103,52.01072386058981,9.424009925932438,48.65825042504382,0.3908311654813236,1,42.586713934657375
LONG,range_pct >= 12.24,range_pct,>=,12.239738630385155,7817,50.07035947294358,5.90508510305915,1520,54.14473684210527,11.558022907447892,48.63679602155548,0.9020723684222273,1,42.586713934657375
LONG,bb_width >= 35.53,bb_width,>=,35.533447849394015,19499,49.325606441355966,2.0181335815485255,4736,51.66807432432432,6.256963660826763,48.54786702284516,1.3611784478376525,5,45.41111066349756
LONG,bb_width >= 22.84,bb_width,>=,22.844807709408883,58495,48.16309086246688,1.829415531577851,20387,49.95830676411438,4.635017878806401,48.45451290953192,0.2731466420144511,3,45.32328888530798
LONG,bb_width >= 22.84,bb_width,>=,22.844807709408883,58495,49.22813915719292,1.6926963556444647,20379,49.8650571666912,4.0128233512780795,48.361057787713456,0.8749758027340138,10,45.85223381541312
LONG,vol_ratio >= 2.282,vol_ratio,>=,2.282004195969303,19499,48.1511872403713,0.6157444388228441,12483,50.2283105022831,4.376076686869979,48.30670666302109,0.5474751977875549,10,45.85223381541312
LONG,bb_width >= 48.22,bb_width,>=,48.21659488596116,7800,48.11538461538461,1.7817092844955837,1545,53.65695792880258,8.333669043494602,48.19529104931942,1.1720617441968222,3,45.32328888530798
LONG,range_pct >= 4.872,range_pct,>=,4.871794871794876,78169,50.42919827553122,2.8937554739827647,26259,49.495411097147645,3.6431772817345234,48.17063475123726,0.6473983952459893,10,45.85223381541312
LONG,range_pct >= 4.872,range_pct,>=,4.871794871794876,78169,50.4816487354322,3.174175875624762,26264,49.47075845263478,4.059647789137223,48.14613215652379,0.3697154855547081,5,45.41111066349756
LONG,vol_ratio >= 3.055,vol_ratio,>=,3.0551774302741728,7800,48.61538461538461,1.307911755577173,4868,51.08874281018899,5.67763214669143,48.01226499403878,0.6211116345142691,5,45.41111066349756
LONG,vol_ratio >= 2.282,vol_ratio,>=,2.282004195969303,19499,48.21785732601672,1.8841819951276904,12494,49.87193853049464,4.548649645186657,47.95169172100077,0.2572325196491406,3,45.32328888530798
LONG,bb_width >= 20.04,bb_width,>=,20.04408902385585,77994,49.00761597045927,1.472173168910814,29301,49.100713286235965,3.2484794708228435,47.84691325166926,0.59063109312106,10,45.85223381541312
LONG,vol_ratio >= 1.781,vol_ratio,>=,1.7806054422185278,38997,48.66015334512912,1.1247105435806617,25887,48.81214509213119,2.959911276718067,47.478688743339056,0.3150178101264198,10,45.85223381541312
LONG,bb_width >= 22.84,bb_width,>=,22.844807709408883,58495,48.72724164458501,1.4197687847775669,20384,48.773547880690735,3.3624372171931753,47.271166946616844,0.5138652378274791,5,45.41111066349756
LONG,vol_ratio >= 1.521,vol_ratio,>=,1.5211109354238874,58495,48.88964868792204,1.3542058863735846,38894,48.21052090296704,2.3582870875539186,47.12306632803625,0.2179688778465148,10,45.85223381541312
LONG,bb_width >= 20.04,bb_width,>=,20.04408902385585,77994,48.569120701592425,1.2616478417849848,29308,48.331513579909924,2.920402916412364,47.07884267239514,0.3102150870010131,5,45.41111066349756
LONG,vol_ratio >= 2.282,vol_ratio,>=,2.282004195969303,19499,49.166623929432276,1.8591510696248363,12488,48.98302370275465,3.5719130392570904,47.06401886208944,0.35708352247582054,5,45.41111066349756
LONG,bb_width >= 35.53,bb_width,>=,35.533447849394015,19499,49.65382840145649,2.1183855999080308,4736,49.83108108108108,3.9788472656679588,46.716296009643884,1.600249028285095,10,45.85223381541312
LONG,bb_width >= 35.53,bb_width,>=,35.533447849394015,19499,47.93579157905533,3.7705172091709045,4736,49.47212837837838,6.885414443721004,46.35889216091253,0.34437285438248616,1,42.586713934657375
LONG,streak >= 5,streak,>=,5.0,8187,48.18614877244412,0.6507059708956646,5707,49.027510075346065,3.175276259932943,46.192167686845096,0.3568582914120849,10,45.85223381541312
LONG,bb_width >= 48.22,bb_width,>=,48.21659488596116,7800,47.97435897435898,3.809084604474549,1545,49.644012944983814,7.057299010326439,44.215482102314745,0.31596089447539555,1,42.586713934657375
