windows,max,median,p_target,p_loss,p_bust,mdd,best_start,ho_max,ho_median,tr_median,rule,lev
194,75.11264071149806,1.4645619698574202,2.0618556701030926,37.11340206185567,0.0,73.67327169459331,2020-10,1.467450861123114,0.4350284518335039,1.9027782788627206,A 모멘텀 7일/1종/3일교체,1.0
194,18.768984221116792,0.2231280955540011,0.0,78.35051546391753,3.0927835051546393,98.21931177835145,2020-04,0.5211367882167475,0.0448318273708767,0.30047600175806954,A 모멘텀 7일/1종/3일교체,2.0
194,1.5561125666461912,0.0,0.0,98.96907216494846,77.83505154639175,99.94734360252923,2022-12,0.0516943849139705,0.0,0.0,A 모멘텀 7일/1종/3일교체,3.0
194,0.0,0.0,0.0,100.0,100.0,100.0,2017-08,0.0,0.0,0.0,A 모멘텀 7일/1종/3일교체,5.0
194,82.45316066216867,1.4699975440270188,2.5773195876288657,40.72164948453608,0.0,75.53093141059492,2020-10,1.894174318535371,0.3480469262789926,1.9271509246698635,A 모멘텀 7일/1종/7일교체,1.0
194,24.751459228335403,0.20456768370985567,0.0,79.38144329896907,12.371134020618557,98.59925303761501,2020-10,0.8198566369219408,0.03203706766824875,0.33294025447117065,A 모멘텀 7일/1종/7일교체,2.0
194,8.550460111887737,0.0,0.0,97.42268041237114,75.77319587628865,99.98544029382617,2023-03,0.1191415441650033,0.0,0.0,A 모멘텀 7일/1종/7일교체,3.0
194,0.0,0.0,0.0,100.0,100.0,100.0,2017-08,0.0,0.0,0.0,A 모멘텀 7일/1종/7일교체,5.0
194,220.92117264594984,0.9859206235806816,4.639175257731959,50.51546391752577,0.0,77.4838300733544,2020-11,1.1297057729968933,0.33341725123207344,1.260036171165845,A 모멘텀 7일/1종/14일교체,1.0
194,245.56765520628153,0.18817936985785455,0.5154639175257731,77.83505154639175,11.855670103092782,98.0737996942617,2020-11,0.32118591729323404,0.027074741394491234,0.3145804132120477,A 모멘텀 7일/1종/14일교체,2.0
194,17.273258588522157,0.0,0.0,96.3917525773196,73.19587628865979,99.94310198338255,2023-01,0.03316832273260354,0.0,0.0,A 모멘텀 7일/1종/14일교체,3.0
194,0.26899328604250106,0.0,0.0,100.0,97.42268041237114,99.99999999970501,2022-12,0.0,0.0,0.0,A 모멘텀 7일/1종/14일교체,5.0
194,262.7495606540465,1.4515092225035402,10.309278350515463,31.443298969072163,0.0,69.01460961856762,2020-10,2.7154862998649247,0.8648009504649339,1.8721458763506944,A 모멘텀 7일/2종/3일교체,1.0
194,3561.7512577902926,0.5380298455744128,10.309278350515463,61.34020618556701,2.5773195876288657,95.22358506597308,2020-04,1.6783746622646936,0.20882785481468033,0.7025983337292743,A 모멘텀 7일/2종/3일교체,2.0
194,3914.6770256243108,0.0,2.5773195876288657,89.69072164948454,51.03092783505154,99.72816846058015,2020-04,0.4222858825346127,0.018473005127516928,0.0,A 모멘텀 7일/2종/3일교체,3.0
194,0.0283484019079326,0.0,0.0,100.0,98.4536082474227,100.0,2023-05,0.0,0.0,0.0,A 모멘텀 7일/2종/3일교체,5.0
194,147.74181606060122,1.4358918578899234,7.216494845360824,37.628865979381445,0.0,74.66711299656549,2020-11,1.8715596486080692,0.3900737633281701,2.054769421105137,A 모멘텀 7일/2종/7일교체,1.0
194,696.771398999251,0.25772068865412046,8.24742268041237,68.55670103092784,3.0927835051546393,96.84853365693924,2020-04,1.1271144308728451,0.048587443088498265,0.3582080026255444,A 모멘텀 7일/2종/7일교체,2.0
194,643.4611060270381,0.016047564760275246,2.0618556701030926,81.95876288659794,47.42268041237113,99.83808156893564,2020-04,0.30146113561209475,0.0,0.03032124728911198,A 모멘텀 7일/2종/7일교체,3.0
194,0.05040455574890681,0.0,0.0,100.0,97.42268041237114,99.99999999113419,2023-07,0.0,0.0,0.0,A 모멘텀 7일/2종/7일교체,5.0
194,167.53587996631416,1.1032714154269851,5.154639175257731,47.93814432989691,0.0,74.11660118824838,2020-11,1.3308370903753235,0.35006809091253044,1.7726928029866458,A 모멘텀 7일/2종/14일교체,1.0
194,695.7593797512416,0.3635264400488364,7.731958762886598,61.855670103092784,8.24742268041237,95.65163015311326,2020-11,0.6223134030455192,0.046444314544173554,0.6604888227454919,A 모멘텀 7일/2종/14일교체,2.0
194,697.8139401305282,0.03477795268275821,2.5773195876288657,79.38144329896907,44.84536082474227,99.75027346111828,2020-04,0.13346624630253145,0.0,0.08914592182707387,A 모멘텀 7일/2종/14일교체,3.0
194,6.460972115869801,0.0,0.0,96.90721649484536,93.81443298969072,99.99999947742754,2023-01,0.0,0.0,0.0,A 모멘텀 7일/2종/14일교체,5.0
194,403.9658328683698,1.4481292367380139,10.824742268041238,29.896907216494846,0.0,65.87633034674964,2020-05,3.040121500938177,1.2295117552982253,1.6321267372697608,A 모멘텀 7일/3종/3일교체,1.0
194,15195.496407844183,0.5452856907322152,11.34020618556701,60.30927835051546,0.5154639175257731,93.47302475148875,2020-04,2.3240006575345142,0.4943999491220349,0.740104359796817,A 모멘텀 7일/3종/3일교체,2.0
194,99120.71428704426,0.026453584234372475,2.5773195876288657,86.5979381443299,44.84536082474227,99.38190694446932,2020-04,0.6821307975804038,0.08706151167092559,0.0,A 모멘텀 7일/3종/3일교체,3.0
194,3709.7287564331127,0.0,2.5773195876288657,97.42268041237114,91.75257731958763,100.0,2020-04,0.0,0.0,0.0,A 모멘텀 7일/3종/3일교체,5.0
194,105.59884542877631,1.4148090068689188,4.639175257731959,38.659793814432994,0.0,72.1428108377465,2020-04,1.551810674619986,0.405063861712875,1.6859917016204617,A 모멘텀 7일/3종/7일교체,1.0
194,1550.6542501359902,0.33091207119165367,7.731958762886598,68.55670103092784,2.0618556701030926,96.7309751851289,2020-04,0.8755298276546866,0.0705610142097643,0.4682988398595194,A 모멘텀 7일/3종/7일교체,2.0
194,4660.5502152517765,0.025753420112305747,2.5773195876288657,84.5360824742268,45.876288659793815,99.79432809251114,2020-04,0.2421360155661219,0.0,0.042521963299999174,A 모멘텀 7일/3종/7일교체,3.0
194,0.9583111867243584,0.0,0.0,100.0,95.87628865979381,99.99999963617091,2023-03,0.0,0.0,0.0,A 모멘텀 7일/3종/7일교체,5.0
194,114.25124268736914,1.180453993137057,1.5463917525773196,44.84536082474227,0.0,70.09091218138401,2020-11,1.19868734272205,0.3298488432550237,1.5887913956841715,A 모멘텀 7일/3종/14일교체,1.0
194,678.173730996478,0.4188879847890146,7.731958762886598,60.824742268041234,3.608247422680412,95.14652364383417,2020-11,0.5482774400050239,0.04437529724902834,0.8347004649541347,A 모멘텀 7일/3종/14일교체,2.0
194,636.1874629133252,0.017891206577983945,2.5773195876288657,84.02061855670104,46.90721649484536,99.59680444298019,2020-04,0.12380775077508935,0.0,0.04127638528649552,A 모멘텀 7일/3종/14일교체,3.0
194,1.0086382311134816,0.0,0.0,98.96907216494846,92.78350515463917,99.99999045805077,2023-01,0.0,0.0,0.0,A 모멘텀 7일/3종/14일교체,5.0
194,258.2500915308227,1.3646676030968448,7.731958762886598,37.628865979381445,0.0,66.04108129326252,2020-04,1.9267528838742485,0.8830923343520858,1.6383942336109083,A 모멘텀 7일/5종/3일교체,1.0
194,12649.11001732529,0.5698131596816287,9.793814432989691,59.79381443298969,0.0,94.06076999442257,2020-04,1.263242222016058,0.29466989650123543,0.8040800966014183,A 모멘텀 7일/5종/3일교체,2.0
194,170630.63530360413,0.016976775982662836,2.5773195876288657,84.5360824742268,48.45360824742268,99.46216463363771,2020-04,0.3620398267230243,0.04323568043580363,0.0,A 모멘텀 7일/5종/3일교체,3.0
194,184738.37299774244,0.0,2.5773195876288657,95.87628865979381,87.62886597938144,99.99999928948515,2020-04,0.0,0.0,0.0,A 모멘텀 7일/5종/3일교체,5.0
194,118.67942513734941,1.2846039862429706,4.123711340206185,36.597938144329895,0.0,69.3951304071068,2020-04,1.8680002587833917,0.5383409550673592,1.5835394491216777,A 모멘텀 7일/5종/7일교체,1.0
194,2813.2704862109863,0.4631508786647355,8.762886597938143,63.91752577319587,0.0,95.74200683436973,2020-04,1.4221076347453232,0.1335561326431467,0.5943843819907282,A 모멘텀 7일/5종/7일교체,2.0
194,18809.066330112626,0.05579108319846958,4.123711340206185,74.74226804123711,37.11340206185567,99.54949469986242,2020-04,0.5914857216648972,0.020530352261333498,0.0881379400799991,A 모멘텀 7일/5종/7일교체,3.0
194,2905.4888801304123,0.0,1.5463917525773196,98.4536082474227,90.72164948453609,99.99998575933728,2020-04,0.0,0.0,0.0,A 모멘텀 7일/5종/7일교체,5.0
194,142.05852203663648,1.145963846260377,5.670103092783505,44.84536082474227,0.0,67.7179964807627,2020-11,1.8188593298078173,0.47061498291907955,1.5867963039192405,A 모멘텀 7일/5종/14일교체,1.0
194,1650.734549397793,0.5178009062118052,11.855670103092782,57.73195876288659,2.5773195876288657,93.42684753087657,2020-11,1.3261598924648466,0.09383443120618815,1.0309204126456888,A 모멘텀 7일/5종/14일교체,2.0
194,7650.314237702576,0.031139415193622517,3.608247422680412,76.80412371134021,41.75257731958763,98.97201584583325,2020-04,0.5079776855486302,0.0,0.03562113862793527,A 모멘텀 7일/5종/14일교체,3.0
194,1471.2737136873131,0.0,1.5463917525773196,94.84536082474226,85.05154639175258,99.99996829909581,2020-04,0.0,0.0,0.0,A 모멘텀 7일/5종/14일교체,5.0
194,166.47511508281585,1.082773086403015,4.123711340206185,44.84536082474227,0.0,64.11427496208859,2020-04,1.8291352488066728,0.8538949414806742,1.1814033548049285,A 모멘텀 7일/10종/3일교체,1.0
194,8106.871192786316,0.4670435356994591,10.309278350515463,64.94845360824742,0.0,93.16329291023253,2020-04,1.2041346194149791,0.2988635398862859,0.5591480111355933,A 모멘텀 7일/10종/3일교체,2.0
194,159150.15210783156,0.02439146821436982,2.5773195876288657,86.5979381443299,44.329896907216494,99.33666889308513,2020-04,0.45681670802495405,0.0522378654658065,0.0,A 모멘텀 7일/10종/3일교체,3.0
194,1377665.2104072121,0.0,2.5773195876288657,96.3917525773196,87.11340206185567,100.0,2020-04,0.0,0.0,0.0,A 모멘텀 7일/10종/3일교체,5.0
194,94.97954195388996,1.1227895974429891,3.608247422680412,42.78350515463917,0.0,67.08813406815881,2020-04,1.874539453702288,0.5834037108834638,1.2405997152749788,A 모멘텀 7일/10종/7일교체,1.0
194,2586.425792787061,0.4611098397038062,9.793814432989691,67.0103092783505,0.0,94.10753273645831,2020-04,1.4863743254712503,0.16216502255839096,0.5123676655450911,A 모멘텀 7일/10종/7일교체,2.0
194,26655.016425566162,0.06612166536025282,4.639175257731959,82.4742268041237,34.02061855670103,99.4836107275112,2020-04,0.6645443555029389,0.02874644911317286,0.08266291104192305,A 모멘텀 7일/10종/7일교체,3.0
194,22615.540673165957,0.0,2.5773195876288657,97.42268041237114,89.69072164948454,99.99954788479953,2020-04,0.0,0.0,0.0,A 모멘텀 7일/10종/7일교체,5.0
194,92.46900209800015,1.1971389835213304,4.123711340206185,44.84536082474227,0.0,64.74526736055944,2020-11,2.5124062270591523,0.603337848603916,1.3642629049081056,A 모멘텀 7일/10종/14일교체,1.0
194,1475.9709681754323,0.5999337306770928,11.855670103092782,57.73195876288659,0.0,92.66379881377969,2020-04,2.5943194559403486,0.15851926166910946,0.8130353003007659,A 모멘텀 7일/10종/14일교체,2.0
194,12324.250885777381,0.12040821034869897,5.154639175257731,73.19587628865979,29.896907216494846,99.03579892108726,2020-04,1.449310590386872,0.023257422543198156,0.18542502540162387,A 모멘텀 7일/10종/14일교체,3.0
194,10821.745670045615,0.0,3.0927835051546393,95.36082474226805,82.4742268041237,99.99935620522122,2020-04,0.023027304904317224,0.0,0.0,A 모멘텀 7일/10종/14일교체,5.0
194,273.5843268550222,2.207533494853,9.793814432989691,30.412371134020617,0.0,73.35790584468043,2020-11,3.161568014379518,0.45459832117938637,3.4379121025065364,A 모멘텀 14일/1종/3일교체,1.0
194,195.93003438810354,0.6320041643647841,7.216494845360824,55.670103092783506,5.670103092783505,96.70321553181287,2020-03,1.8262451761364051,0.036039698424276345,1.1667089848994379,A 모멘텀 14일/1종/3일교체,2.0
194,46.841184145284295,0.0,0.0,93.29896907216495,66.49484536082474,99.95061852320777,2019-02,0.24480730944080237,0.0,0.0,A 모멘텀 14일/1종/3일교체,3.0
194,0.0,0.0,0.0,100.0,100.0,100.0,2017-08,0.0,0.0,0.0,A 모멘텀 14일/1종/3일교체,5.0
194,673.8457560192161,2.2084027060901024,10.824742268041238,29.896907216494846,0.0,73.59111943221615,2020-11,1.6408293459776062,0.3151829202361196,3.2378745325108538,A 모멘텀 14일/1종/7일교체,1.0
194,1444.0507010918577,0.4447733022783086,13.402061855670103,61.855670103092784,8.762886597938143,96.73268955982891,2020-11,0.7550545116361541,0.02546939131177902,0.8130447187172266,A 모멘텀 14일/1종/7일교체,2.0
194,257.8832644814659,0.0,3.0927835051546393,91.23711340206185,68.04123711340206,99.94651353082793,2023-01,0.12834885792564768,0.0,0.0,A 모멘텀 14일/1종/7일교체,3.0
194,8.828199750181911,0.0,0.0,98.4536082474227,97.9381443298969,100.0,2023-01,0.0,0.0,0.0,A 모멘텀 14일/1종/7일교체,5.0
194,106.71366553716052,1.0501852436344026,2.0618556701030926,48.96907216494845,0.0,80.50633893439351,2020-11,1.2474385246055009,0.22773707047629238,1.6466341854029056,A 모멘텀 14일/1종/14일교체,1.0
194,85.68275071226024,0.09603225333576575,2.5773195876288657,72.68041237113401,29.896907216494846,98.4621084415231,2023-01,0.5287600742895951,0.015901214592220825,0.1738738307092065,A 모멘텀 14일/1종/14일교체,2.0
194,114.272953042022,0.0,1.5463917525773196,94.3298969072165,73.71134020618557,99.98209479818647,2023-01,0.10202097707054501,0.0,0.0,A 모멘텀 14일/1종/14일교체,3.0
194,12.348428949300773,0.0,0.0,97.9381443298969,95.36082474226805,100.0,2022-11,0.0,0.0,0.0,A 모멘텀 14일/1종/14일교체,5.0
194,161.24929654044925,2.2680893964099242,9.278350515463918,24.742268041237114,0.0,70.90110588957064,2020-11,3.8902686743320554,0.7747928817971812,2.8329463031954036,A 모멘텀 14일/2종/3일교체,1.0
194,1308.5886352216069,1.005859859446005,11.34020618556701,49.48453608247423,0.0,95.54529009186572,2020-04,3.4600717796213813,0.15127002406077533,1.370915188544728,A 모멘텀 14일/2종/3일교체,2.0
194,1213.4453429010136,0.045302774702752055,5.154639175257731,74.22680412371135,41.23711340206185,99.72837164665485,2020-04,1.2211795570026271,0.0,0.1112265853994117,A 모멘텀 14일/2종/3일교체,3.0
194,14.130833438888134,0.0,0.0,98.96907216494846,92.26804123711341,100.0,2019-02,0.0,0.0,0.0,A 모멘텀 14일/2종/3일교체,5.0
194,197.55165669597662,2.471998652107188,7.216494845360824,17.525773195876287,0.0,68.58801789870328,2020-11,2.624076690122619,0.6368929836300854,3.3270640315886473,A 모멘텀 14일/2종/7일교체,1.0
194,1031.9480197467583,1.1354318031300485,9.278350515463918,48.45360824742268,2.0618556701030926,94.16499317180653,2020-11,2.059050574572311,0.11725856212539407,1.62518924905156,A 모멘텀 14일/2종/7일교체,2.0
194,180.6549824427801,0.12226837915716954,3.608247422680412,73.71134020618557,32.98969072164948,99.5451943882637,2020-04,0.6424911545340682,0.0,0.21059330122795886,A 모멘텀 14일/2종/7일교체,3.0
194,16.017323990163412,0.0,0.0,96.3917525773196,90.72164948453609,99.999999832727,2023-01,0.0,0.0,0.0,A 모멘텀 14일/2종/7일교체,5.0
194,183.48706961720308,1.3851036553523852,6.185567010309279,39.175257731958766,0.0,69.84028806630187,2020-11,1.3249945021153098,0.4422095965550296,1.7661077390875248,A 모멘텀 14일/2종/14일교체,1.0
194,1150.6860563625348,0.35252431279144697,10.824742268041238,63.4020618556701,10.824742268041238,95.56283539774164,2020-11,0.618525441316194,0.07085553138319514,0.6952281307210015,A 모멘텀 14일/2종/14일교체,2.0
194,278.3614029429818,0.030617054852086573,4.639175257731959,81.44329896907216,45.876288659793815,99.83074724171111,2020-03,0.1343128939591211,0.0,0.08091062226183163,A 모멘텀 14일/2종/14일교체,3.0
194,25.220716123030762,0.0,0.0,96.3917525773196,94.3298969072165,99.99999956232182,2023-01,0.0,0.0,0.0,A 모멘텀 14일/2종/14일교체,5.0
194,143.68524098026458,2.1910595263242723,8.24742268041237,21.1340206185567,0.0,68.28832034108984,2020-11,3.762787909573539,0.8228367242453938,2.6597014633112526,A 모멘텀 14일/3종/3일교체,1.0
194,1747.4322386645715,1.0685774115725777,11.34020618556701,47.42268041237113,0.0,93.6604286583305,2020-04,3.462640256326088,0.20773386502860838,1.4776518635923077,A 모멘텀 14일/3종/3일교체,2.0
194,4547.73975801039,0.08872927653041868,8.24742268041237,71.64948453608247,34.5360824742268,99.54472171680315,2020-04,1.2641861966454417,0.0,0.1440881271655842,A 모멘텀 14일/3종/3일교체,3.0
194,9.975522774190699,0.0,0.0,98.4536082474227,91.23711340206185,100.0,2019-02,0.0,0.0,0.0,A 모멘텀 14일/3종/3일교체,5.0
194,99.80727104455555,2.3231834921416947,4.639175257731959,15.463917525773196,0.0,65.10096329543693,2020-11,2.5543904075561215,0.6214954772556244,2.7624329308735405,A 모멘텀 14일/3종/7일교체,1.0
194,702.2599938789491,1.2106724823170025,8.762886597938143,45.36082474226804,0.5154639175257731,93.12722317646676,2020-04,2.4737205787905703,0.14315326369969705,1.602741849198271,A 모멘텀 14일/3종/7일교체,2.0
194,1558.4478161684194,0.2689283342889821,4.123711340206185,71.1340206185567,28.350515463917525,99.39876079719727,2020-04,1.2111705672893827,0.015976818279535336,0.34648408707670236,A 모멘텀 14일/3종/7일교체,3.0
194,9.973698220176205,0.0,0.0,96.90721649484536,90.72164948453609,100.0,2023-03,0.0,0.0,0.0,A 모멘텀 14일/3종/7일교체,5.0
194,187.98597175169846,1.344963059051967,9.793814432989691,34.5360824742268,0.0,68.96518510123926,2020-11,1.6073950778783848,0.45179402064812246,1.625054102644334,A 모멘텀 14일/3종/14일교체,1.0
194,2189.913962915959,0.4566619886900526,11.855670103092782,68.04123711340206,9.793814432989691,95.46694461662406,2020-11,1.0493564679582537,0.08098140888230027,0.6458405155379756,A 모멘텀 14일/3종/14일교체,2.0
194,7377.281510663713,0.006656741710405206,3.0927835051546393,88.14432989690721,50.0,99.677739609596,2020-05,0.36126319216632813,0.0,0.013481175950583806,A 모멘텀 14일/3종/14일교체,3.0
194,658.1929706059805,0.0,2.5773195876288657,92.78350515463917,89.17525773195877,99.99998896016311,2020-04,0.0,0.0,0.0,A 모멘텀 14일/3종/14일교체,5.0
194,120.27027879266052,1.8021677041210282,6.701030927835052,26.288659793814436,0.0,65.83960675214489,2020-11,4.037347981289142,0.8762894406337907,2.096032217369571,A 모멘텀 14일/5종/3일교체,1.0
194,1954.5126307610435,0.7672224479456174,11.34020618556701,54.63917525773196,0.0,92.9774904500587,2020-04,4.317257823031992,0.2395653153520188,1.0831584188103784,A 모멘텀 14일/5종/3일교체,2.0
194,10416.878799974978,0.10230177362556152,5.670103092783505,74.74226804123711,31.958762886597935,99.42963159676847,2020-04,1.634582488038262,0.024093058389820926,0.18467259310530895,A 모멘텀 14일/5종/3일교체,3.0
194,4.3707664390950445,0.0,0.0,98.4536082474227,91.23711340206185,100.0,2019-02,0.0,0.0,0.0,A 모멘텀 14일/5종/3일교체,5.0
194,88.23304557200336,2.2192185434904212,5.154639175257731,21.649484536082475,0.0,65.60255411123484,2020-11,2.703785628283207,0.7718671625780411,2.5790694968536636,A 모멘텀 14일/5종/7일교체,1.0
194,1330.7548431964713,1.1015879867976754,11.34020618556701,47.42268041237113,0.5154639175257731,92.8450219851872,2020-04,2.864382465630356,0.237223879694924,1.3597397529422444,A 모멘텀 14일/5종/7일교체,2.0
194,7642.814299774186,0.2145651928403513,8.762886597938143,68.04123711340206,28.350515463917525,98.87791378002959,2020-04,1.5991083221751863,0.03802796743101898,0.29348818223832174,A 모멘텀 14일/5종/7일교체,3.0
194,10.41533078593164,0.0,0.0,98.4536082474227,90.72164948453609,100.0,2023-03,0.027087281231925563,0.0,0.0,A 모멘텀 14일/5종/7일교체,5.0
194,194.52383693290582,1.2865318195029403,11.34020618556701,40.20618556701031,0.0,66.8490734918915,2020-11,2.6292752875568017,0.6591156898440468,1.4390347253454199,A 모멘텀 14일/5종/14일교체,1.0
194,4394.978507164584,0.41376080644162117,11.34020618556701,65.4639175257732,8.24742268041237,94.60272611337929,2020-05,2.7622210809934122,0.17403312627986217,0.42766747609257,A 모멘텀 14일/5종/14일교체,2.0
194,42684.15562632256,0.05665994879038001,10.824742268041238,78.35051546391753,38.144329896907216,99.55779023362928,2020-05,1.5247484692278441,0.02372412581109322,0.05872737084371796,A 모멘텀 14일/5종/14일교체,3.0
194,119569.04559789087,0.0,2.5773195876288657,96.3917525773196,88.65979381443299,99.9999841788314,2020-04,0.026737734569029555,0.0,0.0,A 모멘텀 14일/5종/14일교체,5.0
194,121.08968598509986,1.6903207886649598,5.154639175257731,27.31958762886598,0.0,62.874843732863184,2020-11,3.2439654449403084,0.8316340323794673,1.910308157196051,A 모멘텀 14일/10종/3일교체,1.0
194,2117.7396119476775,0.8006445499483537,11.34020618556701,54.123711340206185,0.0,92.01028552315844,2020-04,3.1899961264957755,0.27948567997460205,1.2301203889213475,A 모멘텀 14일/10종/3일교체,2.0
194,19081.353411588538,0.05864343327087491,2.5773195876288657,77.31958762886599,36.597938144329895,99.05144446994159,2020-04,1.2999397520262532,0.04883928970550564,0.07432288015582572,A 모멘텀 14일/10종/3일교체,3.0
194,3.7266037607963227,0.0,0.0,96.90721649484536,87.62886597938144,99.99976538521967,2019-02,0.012318445624228177,0.0,0.0,A 모멘텀 14일/10종/3일교체,5.0
194,91.20467794655809,1.6083636044567875,4.123711340206185,27.31958762886598,0.0,64.45093103240458,2020-11,1.8458097587159752,0.5354409248263735,2.013794706393244,A 모멘텀 14일/10종/7일교체,1.0
194,1044.193151806094,0.8347646940053995,10.824742268041238,55.670103092783506,0.0,91.8831287143409,2020-04,1.4345105545743084,0.12063650584893579,1.150376802256723,A 모멘텀 14일/10종/7일교체,2.0
194,7665.181097251805,0.08281296081947724,2.5773195876288657,81.44329896907216,38.144329896907216,98.86959715468943,2020-04,0.612913671068953,0.01479063824764406,0.09457089900162458,A 모멘텀 14일/10종/7일교체,3.0
194,4.237317144869451,0.0,0.0,98.4536082474227,91.23711340206185,99.99982500446085,2023-03,0.0,0.0,0.0,A 모멘텀 14일/10종/7일교체,5.0
194,99.64484681417834,1.2145786198714117,8.24742268041237,46.391752577319586,0.0,66.03690073733023,2020-11,2.2744496424598837,0.5826704004597503,1.327124380748014,A 모멘텀 14일/10종/14일교체,1.0
194,2421.591820451148,0.3069666511760461,11.34020618556701,69.58762886597938,9.278350515463918,93.90412647126989,2020-04,2.2171530957456587,0.15976265137466467,0.3385711173206919,A 모멘텀 14일/10종/14일교체,2.0
194,30872.040843928487,0.0365468458494983,9.278350515463918,82.9896907216495,30.927835051546392,99.31947539337096,2020-04,1.2034350182107316,0.029454662609273624,0.03839747313698055,A 모멘텀 14일/10종/14일교체,3.0
194,275359.20882909076,0.0,2.5773195876288657,96.3917525773196,89.69072164948454,99.99969903327892,2020-04,0.0,0.0,0.0,A 모멘텀 14일/10종/14일교체,5.0
194,64.06372248855193,1.8558624155640788,0.5154639175257731,35.051546391752574,0.0,72.00724115705495,2020-11,3.07597999482245,0.5650714070274371,2.2780127894556177,A 모멘텀 30일/1종/3일교체,1.0
194,16.933832972771487,0.3603974806310434,0.0,68.04123711340206,10.824742268041238,98.08012263831458,2020-11,1.8896372629761014,0.07233320078745789,0.5611135472307536,A 모멘텀 30일/1종/3일교체,2.0
194,2.6498743721728912,0.0,0.0,97.9381443298969,70.61855670103093,99.98111480574572,2022-12,0.32083819622051585,0.0,0.0,A 모멘텀 30일/1종/3일교체,3.0
194,0.0,0.0,0.0,100.0,100.0,100.0,2017-08,0.0,0.0,0.0,A 모멘텀 30일/1종/3일교체,5.0
194,107.70840492324643,2.3615950969486583,2.5773195876288657,32.47422680412371,0.0,68.9206138444153,2021-01,3.566195130916164,0.6655801789353452,3.569156424131026,A 모멘텀 30일/1종/7일교체,1.0
194,96.44487113064477,0.607180553833329,0.5154639175257731,57.73195876288659,8.762886597938143,96.40585041544728,2021-01,2.8377135872699415,0.1241188287645428,1.2811466554750435,A 모멘텀 30일/1종/7일교체,2.0
194,20.14516858662997,0.0,0.0,84.5360824742268,59.27835051546392,99.90911449624303,2019-02,0.7092219016866923,0.0,0.0,A 모멘텀 30일/1종/7일교체,3.0
194,0.0,0.0,0.0,100.0,100.0,100.0,2017-08,0.0,0.0,0.0,A 모멘텀 30일/1종/7일교체,5.0
194,649.9526046415402,1.9142967280040857,6.701030927835052,24.742268041237114,0.0,66.41986034493685,2020-11,4.147975233122712,0.7183770337336992,2.758114402845648,A 모멘텀 30일/1종/14일교체,1.0
194,1573.2183082026527,0.7219686475538185,5.154639175257731,54.123711340206185,7.731958762886598,95.38547870340078,2020-11,3.7405732925029054,0.1586655641584918,1.4095503737167419,A 모멘텀 30일/1종/14일교체,2.0
194,21.61012862488994,0.0,0.0,89.69072164948454,56.18556701030928,99.90761787632955,2022-12,1.0169653442215376,0.0,0.0,A 모멘텀 30일/1종/14일교체,3.0
194,0.0,0.0,0.0,100.0,100.0,100.0,2017-08,0.0,0.0,0.0,A 모멘텀 30일/1종/14일교체,5.0
194,225.36909501596833,2.291073473803291,5.154639175257731,20.618556701030926,0.0,65.32692953642972,2020-11,3.43567275890633,1.3037856015589817,2.64135935257567,A 모멘텀 30일/2종/3일교체,1.0
194,1239.9602849553514,1.0576890755792925,7.216494845360824,49.48453608247423,2.5773195876288657,94.16728491760952,2020-11,3.604039238544805,0.47189071944379224,1.2421291979241875,A 모멘텀 30일/2종/3일교체,2.0
194,31.492613119784902,0.033515119799412095,0.0,79.38144329896907,46.391752577319586,99.748344847069,2020-03,1.6056987784145311,0.055884189771081866,0.02679797554097168,A 모멘텀 30일/2종/3일교체,3.0
194,4.797200219807027,0.0,0.0,97.42268041237114,90.72164948453609,100.0,2023-03,0.0,0.0,0.0,A 모멘텀 30일/2종/3일교체,5.0
194,72.91709828483877,1.954604482626102,1.5463917525773196,20.618556701030926,0.0,65.86205967564946,2021-01,3.9660285053685747,1.086759186486644,2.192817365258234,A 모멘텀 30일/2종/7일교체,1.0
194,264.71845074052703,0.9084375136330101,3.608247422680412,51.03092783505154,3.608247422680412,93.06242649654929,2021-01,5.343062757144893,0.398931750666322,1.3867404128441652,A 모멘텀 30일/2종/7일교체,2.0
194,23.161426083780366,0.0939496158794028,0.0,70.10309278350515,36.597938144329895,99.55996458213771,2021-01,3.4385832552554407,0.06734499435268851,0.10798118680363879,A 모멘텀 30일/2종/7일교체,3.0
194,2.916617645017001,0.0,0.0,99.48453608247422,94.3298969072165,99.9999999291666,2023-03,0.07757191689710294,0.0,0.0,A 모멘텀 30일/2종/7일교체,5.0
194,160.04169938369984,1.5873873740371554,4.639175257731959,31.958762886597935,0.0,63.56678197142423,2020-11,2.939711333807415,0.9737889885394005,1.7727658454904902,A 모멘텀 30일/2종/14일교체,1.0
194,741.5839508642745,0.7630226894372045,5.670103092783505,57.21649484536082,9.793814432989691,91.76048863692414,2020-11,3.2626112709029247,0.34678899670775365,0.9138123496109651,A 모멘텀 30일/2종/14일교체,2.0
194,62.37106942199203,0.07772487530340758,0.5154639175257731,80.41237113402062,37.628865979381445,99.64507338668984,2020-11,1.8926289534386032,0.059972492656340484,0.08270870286499532,A 모멘텀 30일/2종/14일교체,3.0
194,2.2656030227098634,0.0,0.0,98.96907216494846,95.36082474226805,100.0,2023-01,0.047622304182530294,0.0,0.0,A 모멘텀 30일/2종/14일교체,5.0
194,241.97290152693853,1.6928066809544176,8.24742268041237,24.22680412371134,0.0,64.09569654235226,2020-11,2.70286083590496,0.9320796922388789,2.309332802225323,A 모멘텀 30일/3종/3일교체,1.0
194,2979.221051841838,0.6858111580210302,10.824742268041238,56.18556701030928,3.0927835051546393,94.42712915375202,2020-11,2.448182504637937,0.26803269489530246,1.0330552841925087,A 모멘텀 30일/3종/3일교체,2.0
194,784.5968796539111,0.07914366244998004,6.701030927835052,71.1340206185567,35.56701030927835,99.65681457558838,2020-03,1.0305323029554325,0.02774183489590447,0.12314613510615144,A 모멘텀 30일/3종/3일교체,3.0
194,8.067847928346916,0.0,0.0,97.42268041237114,90.20618556701031,100.0,2023-03,0.0,0.0,0.0,A 모멘텀 30일/3종/3일교체,5.0
194,129.38077242774156,2.085221149138986,5.154639175257731,27.31958762886598,0.0,61.57786013142393,2020-11,4.109927578863814,1.2180783967131452,2.3008734882024777,A 모멘텀 30일/3종/7일교체,1.0
194,1177.1948499849902,1.034562160398129,10.309278350515463,49.48453608247423,2.0618556701030926,90.03888695811074,2020-11,6.333690932278869,0.5341417991521968,1.2157577636386667,A 모멘텀 30일/3종/7일교체,2.0
194,564.2196638367601,0.25490825624921437,7.216494845360824,65.4639175257732,32.47422680412371,99.31236316139368,2020-03,5.1271509771615,0.12194540933493099,0.26595787686604727,A 모멘텀 30일/3종/7일교체,3.0
194,4.537551202503172,0.0,0.0,98.4536082474227,88.14432989690721,100.0,2023-10,0.25939937565489807,0.0,0.0,A 모멘텀 30일/3종/7일교체,5.0
194,96.16153826579374,1.7260274706995953,3.608247422680412,27.31958762886598,0.0,62.01725433458576,2020-11,4.340983412832763,1.3133209596128192,1.7732770706502479,A 모멘텀 30일/3종/14일교체,1.0
194,456.17695623858674,0.911510664623344,8.762886597938143,52.57731958762887,4.639175257731959,90.89210912538194,2020-11,7.243601476508645,0.6746617584067834,0.9460945956427282,A 모멘텀 30일/3종/14일교체,2.0
194,871.4652840166054,0.04587008687383441,2.5773195876288657,84.02061855670104,46.391752577319586,99.50095033400412,2020-03,6.528190956216081,0.18602505077386988,0.03599231412686456,A 모멘텀 30일/3종/14일교체,3.0
194,0.9450319923396352,0.0,0.0,100.0,90.20618556701031,100.0,2023-01,0.46356090741856265,0.0,0.0,A 모멘텀 30일/3종/14일교체,5.0
194,96.98060621514263,1.543571221152382,7.216494845360824,25.773195876288657,0.0,63.954151642347654,2020-10,1.9264345582965927,0.6837745542776299,1.8705038569596106,A 모멘텀 30일/5종/3일교체,1.0
194,1142.3937372057387,0.6265212723222748,10.824742268041238,59.27835051546392,3.0927835051546393,94.83958163460575,2020-04,1.4136150348464718,0.1580806068092327,0.8888546832803617,A 모멘텀 30일/5종/3일교체,2.0
194,5680.104831827709,0.09995986420749389,7.216494845360824,74.74226804123711,37.628865979381445,99.55241344668612,2020-04,0.5358591438890897,0.01426281074983619,0.13388460066065594,A 모멘텀 30일/5종/3일교체,3.0
194,10.37635885876823,0.0,0.0,97.42268041237114,88.65979381443299,100.0,2023-03,0.0,0.0,0.0,A 모멘텀 30일/5종/3일교체,5.0
194,106.4420605131174,1.6994510547377053,5.154639175257731,31.958762886597935,0.0,62.71577863857254,2020-11,2.838609002664271,0.8864270758609439,1.9044864666270438,A 모멘텀 30일/5종/7일교체,1.0
194,1126.8905635479255,0.8058159728977,11.34020618556701,53.09278350515464,1.0309278350515463,92.28476640518389,2020-11,3.169375135622498,0.31409849711394855,1.0014914136051978,A 모멘텀 30일/5종/7일교체,2.0
194,2487.860744225969,0.11599362684969525,3.0927835051546393,71.64948453608247,33.50515463917525,99.345628222816,2020-04,1.9174049716350143,0.06127625474414596,0.1358306099657321,A 모멘텀 30일/5종/7일교체,3.0
194,5.898746662947565,0.0,0.0,97.9381443298969,88.65979381443299,100.0,2023-03,0.05482250553928622,0.0,0.0,A 모멘텀 30일/5종/7일교체,5.0
194,73.93206021425317,1.612632520013071,1.5463917525773196,30.412371134020617,0.0,59.96920417999528,2020-11,3.773663731016406,1.2272588152010875,1.6500404646331737,A 모멘텀 30일/5종/14일교체,1.0
194,412.72319259565154,0.8782601110776538,9.278350515463918,53.09278350515464,4.639175257731959,90.3360483566975,2020-11,5.7631789826824855,0.6306271470825284,0.8810714663793233,A 모멘텀 30일/5종/14일교체,2.0
194,593.3516524363578,0.05388642183239875,2.5773195876288657,78.35051546391753,44.329896907216494,99.6193696728887,2020-04,4.953507756510536,0.18559953564358278,0.045561025941166566,A 모멘텀 30일/5종/14일교체,3.0
194,8.374295404582746,0.0,0.0,96.90721649484536,84.02061855670104,100.0,2023-01,0.3541982632301056,0.0,0.0,A 모멘텀 30일/5종/14일교체,5.0
194,94.39255047629729,1.2387988813698212,6.185567010309279,39.175257731958766,0.0,67.01842584667932,2020-11,1.5686262829251185,0.5769303859013478,1.588750757383779,A 모멘텀 30일/10종/3일교체,1.0
194,2052.349451625431,0.522865662024399,10.824742268041238,65.97938144329896,4.123711340206185,94.4527871921538,2020-04,1.0492718265201697,0.12263044120220931,0.6244350855071319,A 모멘텀 30일/10종/3일교체,2.0
194,23090.629625888098,0.07509771216095984,2.5773195876288657,79.38144329896907,38.659793814432994,99.66433600331227,2020-04,0.4010687443384973,0.0066035601442575205,0.09631056236133909,A 모멘텀 30일/10종/3일교체,3.0
194,88900.79969160083,0.0,2.5773195876288657,95.36082474226805,87.62886597938144,99.99999492442674,2020-04,0.0,0.0,0.0,A 모멘텀 30일/10종/3일교체,5.0
194,172.61027285555838,1.4653649917923257,9.278350515463918,34.02061855670103,0.0,61.41240652497232,2020-11,2.284498643394256,0.8133275274222974,1.581547419759585,A 모멘텀 30일/10종/7일교체,1.0
194,3592.58575975935,0.8296794406169692,11.34020618556701,57.21649484536082,2.0618556701030926,92.01065529824399,2020-11,2.3188576363990125,0.2948199861986641,0.9255740318187287,A 모멘텀 30일/10종/7일교체,2.0
194,22981.855916195535,0.062307155532280396,2.5773195876288657,82.9896907216495,41.23711340206185,99.34312408744725,2020-04,1.410189128130813,0.06330658339219083,0.062307155532280396,A 모멘텀 30일/10종/7일교체,3.0
194,65091.92589301901,0.0,2.5773195876288657,94.3298969072165,86.08247422680412,99.9998525249698,2020-04,0.0,0.0,0.0,A 모멘텀 30일/10종/7일교체,5.0
194,119.49750544469225,1.4564478129295253,7.731958762886598,37.11340206185567,0.0,59.470212549887805,2020-10,2.83931211027183,0.9874770210511362,1.559995643640312,A 모멘텀 30일/10종/14일교체,1.0
194,1615.1387702392326,0.7864966352978924,11.34020618556701,55.154639175257735,2.0618556701030926,88.77757345887032,2020-10,3.5768524460079467,0.44627435375633145,0.8810714663793233,A 모멘텀 30일/10종/14일교체,2.0
194,14201.817508756742,0.057832304581311514,2.5773195876288657,80.9278350515464,43.29896907216495,99.55806394476971,2020-04,2.7097230644730192,0.12303315576919877,0.05180978967146223,A 모멘텀 30일/10종/14일교체,3.0
194,39851.215834016715,0.0,2.5773195876288657,94.84536082474226,79.38144329896907,99.99999253325387,2020-04,0.16178213978817352,0.0,0.0,A 모멘텀 30일/10종/14일교체,5.0
194,27.063193945805832,1.2077862060896105,0.0,39.69072164948454,0.0,75.5722318547249,2020-11,1.8801237557695796,0.7589073291030737,1.6356452843671518,A 모멘텀 60일/1종/3일교체,1.0
194,11.587702328649893,0.23683280726019382,0.0,79.38144329896907,15.979381443298967,98.07289479764447,2020-03,1.0142665836701716,0.13841934872094291,0.24539829199761748,A 모멘텀 60일/1종/3일교체,2.0
194,4.882358257755265,0.0,0.0,95.87628865979381,67.5257731958763,99.97601363291415,2023-01,0.20091944408750104,0.0,0.0,A 모멘텀 60일/1종/3일교체,3.0
194,0.0,0.0,0.0,100.0,100.0,100.0,2017-08,0.0,0.0,0.0,A 모멘텀 60일/1종/3일교체,5.0
194,15.538572707046505,1.042404965370881,0.0,46.391752577319586,0.0,75.4485669164675,2020-11,2.176343072035463,0.833719558467702,1.1116675319948275,A 모멘텀 60일/1종/7일교체,1.0
194,4.620072708510433,0.16705572770009747,0.0,82.9896907216495,18.04123711340206,97.9073212682475,2020-03,1.2475617469396407,0.215761990921087,0.15933082917095925,A 모멘텀 60일/1종/7일교체,2.0
194,1.361204956045437,0.0,0.0,97.9381443298969,63.91752577319587,99.94813963169797,2023-03,0.3572646242695931,0.021660084404725916,0.0,A 모멘텀 60일/1종/7일교체,3.0
194,0.0,0.0,0.0,100.0,100.0,100.0,2017-08,0.0,0.0,0.0,A 모멘텀 60일/1종/7일교체,5.0
194,11.783068368757558,0.9479829375563764,0.0,53.608247422680414,0.0,74.81159164785213,2020-11,2.298133402494689,0.734626651903694,1.0251586860982513,A 모멘텀 60일/1종/14일교체,1.0
194,3.1737238897139295,0.13009996042092742,0.0,87.11340206185567,18.04123711340206,97.50228780227988,2023-11,1.4158991402041117,0.16901470845146338,0.12596740240766108,A 모멘텀 60일/1종/14일교체,2.0
194,0.905963983741807,0.0,0.0,100.0,62.371134020618555,99.93323737789342,2018-07,0.2986976848642209,0.01609743849849459,0.0,A 모멘텀 60일/1종/14일교체,3.0
194,0.0,0.0,0.0,100.0,100.0,100.0,2017-08,0.0,0.0,0.0,A 모멘텀 60일/1종/14일교체,5.0
194,67.38304746563682,1.516993947505786,1.0309278350515463,36.08247422680412,0.0,66.45029114133672,2020-11,3.775191467398947,1.3843372252155122,1.5523306465523232,A 모멘텀 60일/2종/3일교체,1.0
194,167.75118791767378,0.6549544144412219,5.154639175257731,57.73195876288659,8.24742268041237,94.51250455931182,2020-11,4.546003712765673,0.601516574135097,0.7001176134829166,A 모멘텀 60일/2종/3일교체,2.0
194,88.60788396167322,0.04744358787857069,1.0309278350515463,80.41237113402062,45.36082474226804,99.82841818488201,2020-04,2.193620313872704,0.10053568641515483,0.042224096396861636,A 모멘텀 60일/2종/3일교체,3.0
194,0.5271326702676185,0.0,0.0,100.0,94.3298969072165,100.0,2023-01,0.0,0.0,0.0,A 모멘텀 60일/2종/3일교체,5.0
194,14.44709860745923,1.5967741998222968,0.0,26.288659793814436,0.0,68.57220434348059,2020-11,3.3198751685545265,1.2781263935373892,1.6309061916652539,A 모멘텀 60일/2종/7일교체,1.0
194,19.55642863356766,0.48807069978439077,0.0,63.4020618556701,6.701030927835052,95.47579384493494,2023-01,3.8799760538120895,0.5498587681413165,0.43937278248417033,A 모멘텀 60일/2종/7일교체,2.0
194,23.384644899751517,0.0,0.0,80.41237113402062,51.546391752577314,99.69027785402324,2023-01,2.1498739451569358,0.10404866609544014,0.0,A 모멘텀 60일/2종/7일교체,3.0
194,2.4022912703329435,0.0,0.0,98.4536082474227,90.72164948453609,99.99999999704838,2023-01,0.02601049497980942,0.0,0.0,A 모멘텀 60일/2종/7일교체,5.0
194,12.17982237517854,1.3105013183329417,0.0,39.175257731958766,0.0,65.57470406359616,2020-11,2.3988084684150417,0.9283778414899428,1.4203017925296235,A 모멘텀 60일/2종/14일교체,1.0
194,22.451505654626388,0.450934129506275,0.0,65.97938144329896,8.24742268041237,94.46845335455869,2023-01,2.284949349598673,0.32347757451263653,0.4788569201235363,A 모멘텀 60일/2종/14일교체,2.0
194,26.890673838199564,0.0,0.0,86.5979381443299,53.09278350515464,99.59363565770506,2023-01,1.1630828263497466,0.053876795287178016,0.0,A 모멘텀 60일/2종/14일교체,3.0
194,2.51546817255438,0.0,0.0,98.96907216494846,92.78350515463917,99.99999999944443,2023-01,0.0,0.0,0.0,A 모멘텀 60일/2종/14일교체,5.0
194,31.591404586077022,1.5111182667226954,0.0,34.5360824742268,0.0,64.66615579558957,2020-11,3.4182808766203245,1.3246892370241583,1.547372682435444,A 모멘텀 60일/3종/3일교체,1.0
194,64.32561056290103,0.6317699669760537,3.0927835051546393,59.79381443298969,8.762886597938143,95.30516171045751,2020-04,4.425530647015976,0.6636893984072072,0.61653157505424,A 모멘텀 60일/3종/3일교체,2.0
194,56.19773535695009,0.0,1.5463917525773196,85.56701030927834,51.546391752577314,99.7127334448969,2020-03,2.8073724965341627,0.1592789916256967,0.0,A 모멘텀 60일/3종/3일교체,3.0
194,0.5995955137974116,0.0,0.0,100.0,96.90721649484536,99.99999995330899,2022-12,0.0,0.0,0.0,A 모멘텀 60일/3종/3일교체,5.0
194,17.40828346355884,1.6895210455541196,0.0,30.412371134020617,0.0,61.08302696001972,2020-11,3.2924797668575434,1.3525562970939342,1.8369904241609243,A 모멘텀 60일/3종/7일교체,1.0
194,19.595806813765254,0.6588590607021125,0.0,57.73195876288659,4.123711340206185,91.29596873721695,2020-11,4.201261788776152,0.6672372975792393,0.6359747777981721,A 모멘텀 60일/3종/7일교체,2.0
194,13.333815326296612,0.03561964879688688,0.0,76.28865979381443,41.75257731958763,98.88700027246591,2023-01,2.7797083285712474,0.15547118792345263,0.030976383612056638,A 모멘텀 60일/3종/7일교체,3.0
194,2.281858214002945,0.0,0.0,98.4536082474227,87.11340206185567,99.99999999357726,2023-01,0.06739876110669153,0.0,0.0,A 모멘텀 60일/3종/7일교체,5.0
194,9.371307037998164,1.2881836172238184,0.0,40.20618556701031,0.0,63.87439706185594,2020-05,2.8164426296196874,1.1045295003445106,1.3038741107662213,A 모멘텀 60일/3종/14일교체,1.0
194,16.270694371326517,0.5090187863767013,0.0,63.91752577319587,4.639175257731959,92.2769061023109,2023-01,3.416778913123321,0.475495505825673,0.5092965214520146,A 모멘텀 60일/3종/14일교체,2.0
194,22.518030703875482,0.030994917620589927,0.0,78.8659793814433,43.81443298969072,99.06925912189521,2023-01,2.4106533553255947,0.10341441568532488,0.0,A 모멘텀 60일/3종/14일교체,3.0
194,5.064227355766108,0.0,0.0,95.87628865979381,85.56701030927834,99.99999999879437,2022-12,0.12096213568712304,0.0,0.0,A 모멘텀 60일/3종/14일교체,5.0
194,45.893535174435065,1.4822557554073694,0.0,31.958762886597935,0.0,61.00268160473772,2020-11,2.914920840598554,1.3472764366575825,1.537078118739692,A 모멘텀 60일/5종/3일교체,1.0
194,178.48606968930804,0.7994843718488154,7.731958762886598,54.63917525773196,3.0927835051546393,93.11026248132184,2020-11,3.3787203981159046,0.7204276527724278,0.806308276527725,A 모멘텀 60일/5종/3일교체,2.0
194,237.131751871696,0.005603661571321721,2.5773195876288657,78.35051546391753,50.0,99.64411370708535,2020-04,2.018293228599684,0.18945764938489712,0.0,A 모멘텀 60일/5종/3일교체,3.0
194,2.3578153367462082,0.0,0.0,97.42268041237114,89.17525773195877,99.99999583241852,2023-03,0.0,0.0,0.0,A 모멘텀 60일/5종/3일교체,5.0
194,27.391072287874966,1.5110413637322957,0.0,30.412371134020617,0.0,61.200154748230105,2020-11,2.700804178969008,1.2019045538502544,1.8608619918665146,A 모멘텀 60일/5종/7일교체,1.0
194,75.81910200672986,0.768953789598513,2.0618556701030926,55.154639175257735,2.0618556701030926,92.28952008917734,2020-11,2.991549651500334,0.5608830566201517,0.8377906291187813,A 모멘텀 60일/5종/7일교체,2.0
194,77.80938392125866,0.04570633849325084,1.0309278350515463,75.77319587628865,42.2680412371134,99.07534983582894,2020-04,1.8083003765303836,0.12905443349102924,0.038405158252217894,A 모멘텀 60일/5종/7일교체,3.0
194,3.2006815917267795,0.0,0.0,97.9381443298969,83.50515463917526,100.0,2023-01,0.0451187900435548,0.0,0.0,A 모멘텀 60일/5종/7일교체,5.0
194,20.93344938491609,1.271704875462898,0.0,38.144329896907216,0.0,64.83939166101236,2020-05,2.540668785160698,1.062628812855971,1.323492700063386,A 모멘텀 60일/5종/14일교체,1.0
194,97.17349114680076,0.53527755132975,2.5773195876288657,58.24742268041238,3.0927835051546393,92.66303932259939,2020-05,2.828058150592756,0.4682100806852666,0.5367582666939217,A 모멘텀 60일/5종/14일교체,2.0
194,138.037869307251,0.02756530827364871,2.0618556701030926,80.9278350515464,43.29896907216495,99.09871228169114,2020-05,1.8660051973033636,0.11055279425107489,0.0,A 모멘텀 60일/5종/14일교체,3.0
194,3.0515321100086115,0.0,0.0,97.42268041237114,85.56701030927834,99.99999978129796,2023-01,0.09149306866140469,0.0,0.0,A 모멘텀 60일/5종/14일교체,5.0
194,98.05134005431749,1.1264011217016858,4.639175257731959,41.23711340206185,0.0,63.46751959243182,2020-10,1.9427067519974734,0.8240031482717802,1.142908093555623,A 모멘텀 60일/10종/3일교체,1.0
194,909.9920049261866,0.5325207456344077,10.824742268041238,64.94845360824742,2.5773195876288657,93.4284822483563,2020-10,1.6345562528075461,0.289534880181533,0.5554098420946345,A 모멘텀 60일/10종/3일교체,2.0
194,4524.093346181378,0.013345397391963717,2.5773195876288657,85.05154639175258,49.48453608247423,99.69799825979752,2020-04,0.7561945670724576,0.05459637403760584,0.0,A 모멘텀 60일/10종/3일교체,3.0
194,9072.914070034782,0.0,2.5773195876288657,94.84536082474226,85.56701030927834,100.0,2020-04,0.0,0.0,0.0,A 모멘텀 60일/10종/3일교체,5.0
194,59.21222640339925,1.3514215347682819,1.5463917525773196,34.02061855670103,0.0,61.42215341746587,2020-11,2.1341570398614516,0.8912979434101806,1.4835875354141863,A 모멘텀 60일/10종/7일교체,1.0
194,396.4638962962052,0.6794909710892907,9.278350515463918,57.73195876288659,2.0618556701030926,91.59127235455512,2020-11,2.0081678598623345,0.3465206416156535,0.8138979121798191,A 모멘텀 60일/10종/7일교체,2.0
194,1277.6902371828216,0.03588458800569659,2.5773195876288657,82.9896907216495,41.23711340206185,98.88245559113946,2020-04,1.09140421658483,0.07574882722912393,0.03235485090958127,A 모멘텀 60일/10종/7일교체,3.0
194,568.6277073012155,0.0,2.0618556701030926,93.81443298969072,81.95876288659794,99.99997358424085,2020-04,0.0,0.0,0.0,A 모멘텀 60일/10종/7일교체,5.0
194,25.967663779872204,1.1672369266885325,0.0,42.2680412371134,0.0,63.913667675759015,2020-11,2.1354407606754813,0.9283932921530881,1.1842507822425485,A 모멘텀 60일/10종/14일교체,1.0
194,186.89155444942932,0.5336960120159234,5.154639175257731,64.94845360824742,2.5773195876288657,92.42741751308054,2020-05,2.108771591861565,0.3735214345522027,0.5392454374540956,A 모멘텀 60일/10종/14일교체,2.0
194,648.481271670083,0.025215560991674265,2.5773195876288657,82.9896907216495,43.29896907216495,99.16637100945537,2020-05,1.2841177919179454,0.08253043901555722,0.0,A 모멘텀 60일/10종/14일교체,3.0
194,189.1163183163899,0.0,1.5463917525773196,93.81443298969072,82.4742268041237,100.0,2020-04,0.05532204581953332,0.0,0.0,A 모멘텀 60일/10종/14일교체,5.0
194,8.278634134023536,1.0606044194243212,0.0,48.45360824742268,0.0,75.22840057700574,2020-12,2.3218518977887665,0.9167063174338959,1.1842695472967335,A 모멘텀 90일/1종/3일교체,1.0
194,10.134949121739126,0.10199714397926525,0.0,82.9896907216495,34.02061855670103,97.58085327370199,2022-12,1.6124698357112943,0.2659792072477244,0.09630872408681398,A 모멘텀 90일/1종/3일교체,2.0
194,4.987972191781517,0.0,0.0,94.3298969072165,56.18556701030928,99.95903077148287,2022-12,0.5320036132264603,0.03022199591431244,0.0,A 모멘텀 90일/1종/3일교체,3.0
194,0.0,0.0,0.0,100.0,100.0,100.0,2017-08,0.0,0.0,0.0,A 모멘텀 90일/1종/3일교체,5.0
194,5.265942430928486,0.8849126170864416,0.0,55.670103092783506,0.0,74.59474745685192,2020-04,1.2042020218370268,0.5688700715967248,1.0583709511088997,A 모멘텀 90일/1종/7일교체,1.0
194,7.674231780052825,0.0600558945062559,0.0,85.05154639175258,34.02061855670103,97.98379629360485,2018-07,0.3949962851442859,0.09678709509358394,0.04735794151198146,A 모멘텀 90일/1종/7일교체,2.0
194,4.523455207264968,0.0,0.0,95.87628865979381,62.88659793814433,99.95757657540058,2018-07,0.05876958181956191,0.0,0.0,A 모멘텀 90일/1종/7일교체,3.0
194,0.0,0.0,0.0,100.0,100.0,100.0,2017-08,0.0,0.0,0.0,A 모멘텀 90일/1종/7일교체,5.0
194,14.562324908684513,0.908308891143673,0.0,54.123711340206185,0.0,71.6109212610702,2020-11,1.0480247381997256,0.6088999905837641,1.403667824096448,A 모멘텀 90일/1종/14일교체,1.0
194,10.620128276378903,0.14987550659363852,0.0,80.9278350515464,15.979381443298967,97.07561130186848,2018-07,0.3210632857857702,0.11086169978832765,0.20158210591575465,A 모멘텀 90일/1종/14일교체,2.0
194,7.5437181184256685,0.0,0.0,96.3917525773196,63.4020618556701,99.91016349091161,2018-07,0.03723897042959741,0.0,0.0,A 모멘텀 90일/1종/14일교체,3.0
194,0.11550268067140113,0.0,0.0,100.0,99.48453608247422,100.0,2018-07,0.0,0.0,0.0,A 모멘텀 90일/1종/14일교체,5.0
194,13.00295754739764,1.0701542774888666,0.0,44.84536082474227,0.0,71.93456199876354,2020-11,1.4268001863457622,0.6778828101585799,1.3123282542371038,A 모멘텀 90일/2종/3일교체,1.0
194,13.417504881593965,0.2960066275635714,0.0,74.22680412371135,5.154639175257731,95.86365599006389,2020-03,0.7585632313932597,0.19115631783898113,0.3346356321154033,A 모멘텀 90일/2종/3일교체,2.0
194,6.7523871694186495,0.0,0.0,89.17525773195877,51.546391752577314,99.74222490471863,2023-01,0.20433068679839148,0.02528440862388428,0.0,A 모멘텀 90일/2종/3일교체,3.0
194,0.4340913804511788,0.0,0.0,100.0,96.3917525773196,99.99999994493666,2023-03,0.0,0.0,0.0,A 모멘텀 90일/2종/3일교체,5.0
194,11.745511595088523,1.2285306794379744,0.0,35.56701030927835,0.0,67.37537194067384,2020-11,1.3625200136693014,0.6678134275030349,1.4120443456359895,A 모멘텀 90일/2종/7일교체,1.0
194,7.8177141661671525,0.3136053461130084,0.0,77.31958762886599,3.0927835051546393,95.44277040833892,2020-03,0.8004945630266023,0.18472934595351373,0.3746118374774089,A 모멘텀 90일/2종/7일교체,2.0
194,5.242377486564557,0.014265815490185938,0.0,93.81443298969072,49.48453608247423,99.51622544774014,2022-12,0.26029925020821015,0.025415994061636544,0.0,A 모멘텀 90일/2종/7일교체,3.0
194,0.07327512312776398,0.0,0.0,100.0,98.96907216494846,99.99999994343993,2018-12,0.0,0.0,0.0,A 모멘텀 90일/2종/7일교체,5.0
194,8.400219014056404,1.2265196465627384,0.0,40.72164948453608,0.0,66.47374491156125,2020-12,1.9902211045607403,1.0267777292861289,1.2393420160227988,A 모멘텀 90일/2종/14일교체,1.0
194,4.927770119335911,0.34603720611574407,0.0,68.04123711340206,5.154639175257731,96.14408656286948,2022-12,1.7085875904255154,0.44285442668507474,0.34603720611574407,A 모멘텀 90일/2종/14일교체,2.0
194,3.4375171913332085,0.0,0.0,92.26804123711341,51.03092783505154,99.62480944000956,2022-12,0.8238874179313604,0.10051253222923598,0.0,A 모멘텀 90일/2종/14일교체,3.0
194,0.163387657561954,0.0,0.0,100.0,95.36082474226805,99.99999981203216,2018-12,0.0,0.0,0.0,A 모멘텀 90일/2종/14일교체,5.0
194,25.009200890709852,1.331987853650984,0.0,32.98969072164948,0.0,66.46498735321734,2020-03,2.0031320842219595,1.0018435664158796,1.475803769673706,A 모멘텀 90일/3종/3일교체,1.0
194,119.48583237779236,0.5115083190876912,2.0618556701030926,66.49484536082474,2.5773195876288657,95.34042585765748,2020-03,1.7481024122107223,0.39138641134708124,0.5666426937531786,A 모멘텀 90일/3종/3일교체,2.0
194,141.726707454375,0.025894978027949017,1.5463917525773196,90.20618556701031,48.45360824742268,99.58275670379801,2020-03,0.8813993753405363,0.08089215396902014,0.018681141497447283,A 모멘텀 90일/3종/3일교체,3.0
194,0.22292746568214913,0.0,0.0,100.0,93.81443298969072,99.9999996717038,2023-03,0.0,0.0,0.0,A 모멘텀 90일/3종/3일교체,5.0
194,23.173477613365478,1.4880415457099996,0.0,31.958762886597935,0.0,61.491484121545305,2020-11,2.2890803120227434,1.1291355680439272,1.624988032180768,A 모멘텀 90일/3종/7일교체,1.0
194,74.25727149129793,0.6015251853303593,1.5463917525773196,63.91752577319587,3.0927835051546393,92.82391102592739,2020-03,2.1382297534756685,0.49352928581776884,0.6129967242463217,A 모멘텀 90일/3종/7일교체,2.0
194,60.020216811558036,0.028193669966567813,1.0309278350515463,88.65979381443299,44.329896907216494,99.30684093758796,2020-03,1.1146130125820932,0.10878980448980222,0.02279048922998407,A 모멘텀 90일/3종/7일교체,3.0
194,0.21129687969718622,0.0,0.0,100.0,93.29896907216495,99.99999930949215,2023-10,0.0,0.0,0.0,A 모멘텀 90일/3종/7일교체,5.0
194,9.584079283424758,1.1939428881094942,0.0,40.20618556701031,0.0,62.89879761241055,2020-11,1.7860922728536792,0.8715919323045647,1.3425846428886747,A 모멘텀 90일/3종/14일교체,1.0
194,8.61120595207741,0.4462530612893755,0.0,71.64948453608247,2.5773195876288657,92.02276917743768,2023-01,1.406462600688505,0.30222461026659453,0.47338521609085044,A 모멘텀 90일/3종/14일교체,2.0
194,9.906589499939493,0.029011226440601893,0.0,85.56701030927834,46.90721649484536,99.32202307221397,2023-01,0.6545710126548148,0.05237184379615305,0.023724718489619656,A 모멘텀 90일/3종/14일교체,3.0
194,1.838137525930414,0.0,0.0,98.96907216494846,89.17525773195877,100.0,2023-01,0.0,0.0,0.0,A 모멘텀 90일/3종/14일교체,5.0
194,23.98489594923195,1.4211775821358725,0.0,36.08247422680412,0.0,65.67634061292284,2020-04,3.1001654672539534,1.38781609331235,1.4211775821358725,A 모멘텀 90일/5종/3일교체,1.0
194,119.86829970941406,0.5131721939917462,3.0927835051546393,60.824742268041234,0.5154639175257731,95.33141613060761,2020-04,4.135296975068907,0.8057701293694857,0.5088358732370517,A 모멘텀 90일/5종/3일교체,2.0
194,150.5448600555081,0.030148962817746892,2.5773195876288657,80.41237113402062,48.45360824742268,99.60906828520575,2020-04,3.252416658315121,0.25697225127626333,0.0181825693557972,A 모멘텀 90일/5종/3일교체,3.0
194,2.359540157028446,0.0,0.0,97.9381443298969,82.4742268041237,99.99999816137456,2023-01,0.10378380000453122,0.0,0.0,A 모멘텀 90일/5종/3일교체,5.0
194,22.051249988253957,1.4276088120020336,0.0,32.98969072164948,0.0,63.5323624952724,2020-03,3.3449203154155094,1.1663919098780942,1.5150797474633577,A 모멘텀 90일/5종/7일교체,1.0
194,113.02552104575211,0.6339276618977912,2.0618556701030926,61.34020618556701,0.5154639175257731,91.76883617560225,2020-03,4.918744560221421,0.5920196927919095,0.6339276618977912,A 모멘텀 90일/5종/7일교체,2.0
194,162.7636952982365,0.032656481432600616,2.0618556701030926,81.44329896907216,45.876288659793815,99.26702327283985,2020-03,4.369382908627064,0.17030379421539743,0.025322569661176703,A 모멘텀 90일/5종/7일교체,3.0
194,4.867089982830555,0.0,0.0,94.3298969072165,82.9896907216495,99.9999987780958,2023-10,0.4520324735008902,0.0,0.0,A 모멘텀 90일/5종/7일교체,5.0
194,11.067115799118781,1.3149291941095251,0.0,35.56701030927835,0.0,62.86211440260019,2020-11,2.778798517628843,1.2279922876118536,1.322963170320635,A 모멘텀 90일/5종/14일교체,1.0
194,26.516262410594,0.5280952394307061,0.0,64.43298969072166,1.0309278350515463,90.97688764463211,2020-04,3.4957767181445822,0.6382782530470947,0.509687249066999,A 모멘텀 90일/5종/14일교체,2.0
194,20.70312984945974,0.04257949801221873,0.0,80.9278350515464,41.75257731958763,99.00457205123914,2020-04,2.6944049182441314,0.18163565866131867,0.033281772214053915,A 모멘텀 90일/5종/14일교체,3.0
194,4.742616189509632,0.0,0.0,96.3917525773196,80.41237113402062,99.999995458716,2023-01,0.20751711889153843,0.0,0.0,A 모멘텀 90일/5종/14일교체,5.0
194,53.65465406243879,1.2100087255976641,0.5154639175257731,44.329896907216494,0.0,65.1299777418912,2020-04,2.329954124021792,1.0117718536336564,1.3604427510551247,A 모멘텀 90일/10종/3일교체,1.0
194,821.0469038774623,0.5136343854073014,6.701030927835052,63.4020618556701,0.0,94.55060654722783,2020-04,2.510366348435602,0.4492714236776682,0.5483529844199122,A 모멘텀 90일/10종/3일교체,2.0
194,4722.829877255548,0.024348332975786223,2.5773195876288657,82.9896907216495,48.96907216494845,99.57613126032064,2020-04,1.680087442188057,0.11224416178065932,0.00976538216392842,A 모멘텀 90일/10종/3일교체,3.0
194,479.76223643519205,0.0,2.5773195876288657,94.84536082474226,83.50515463917526,99.99999255480881,2020-04,0.08980982421467344,0.0,0.0,A 모멘텀 90일/10종/3일교체,5.0
194,69.30755809458225,1.3221913084494428,2.0618556701030926,37.11340206185567,0.0,63.171584077981024,2020-04,2.3664647443020352,0.9416575868061914,1.432001928228428,A 모멘텀 90일/10종/7일교체,1.0
194,1235.2055279999379,0.6051506220920078,7.731958762886598,61.855670103092784,0.0,91.97268637499351,2020-04,2.6057581629686313,0.3917241407335946,0.7066682534613091,A 모멘텀 90일/10종/7일교체,2.0
194,7907.950675440676,0.042646914338917874,2.5773195876288657,83.50515463917526,43.81443298969072,99.21692580937298,2020-04,1.7949206651658294,0.08855951291087308,0.038486972488818424,A 모멘텀 90일/10종/7일교체,3.0
194,979.0696353025821,0.0,2.5773195876288657,94.3298969072165,84.02061855670104,99.99996277636349,2020-04,0.10525149055407804,0.0,0.0,A 모멘텀 90일/10종/7일교체,5.0
194,29.605398827015023,1.1893542049829584,0.0,42.78350515463917,0.0,63.05090063795185,2020-04,1.9772462475313832,0.8500727309612347,1.326528730437114,A 모멘텀 90일/10종/14일교체,1.0
194,247.73966514505375,0.5508753522782561,5.670103092783505,67.0103092783505,0.0,92.0575141180502,2020-04,1.872815498125862,0.31400466408367245,0.5877062399990565,A 모멘텀 90일/10종/14일교체,2.0
194,786.2463907085508,0.055678692518314324,2.5773195876288657,82.4742268041237,41.75257731958763,99.07819745798918,2020-04,1.1267938006825071,0.06323322297013308,0.05271151144070407,A 모멘텀 90일/10종/14일교체,3.0
194,7.50029300269351,0.0,0.0,95.36082474226805,84.02061855670104,100.0,2020-04,0.04988103948018456,0.0,0.0,A 모멘텀 90일/10종/14일교체,5.0
194,146.8808907074958,1.3182985175399786,5.670103092783505,34.02061855670103,0.0,55.17289818583993,2020-04,3.672730477668231,1.249358257631382,1.4864193552765266,B 돌파 20일신고가/5일보유,1.0
194,6125.7950111402415,0.7467695205910052,12.886597938144329,55.154639175257735,0.0,85.90313484798942,2020-04,5.389703847232654,0.6114426993849634,0.9322512451215121,B 돌파 20일신고가/5일보유,2.0
194,101629.44864247114,0.12605248457477397,5.670103092783505,76.80412371134021,29.381443298969074,97.43320483123294,2020-04,4.036945105360509,0.13952676999281566,0.09884771335790421,B 돌파 20일신고가/5일보유,3.0
194,970794.8275811076,0.0,3.0927835051546393,96.3917525773196,89.69072164948454,99.99999932904797,2020-04,0.02611700806518097,0.0,0.0,B 돌파 20일신고가/5일보유,5.0
194,153.87894546628354,1.334587935423719,8.24742268041237,37.11340206185567,0.0,55.118931183220376,2020-11,2.63128773981337,0.6930371066912073,1.6492746948236152,B 돌파 20일신고가/10일보유,1.0
194,4115.235370400358,0.6738823114390143,13.402061855670103,56.18556701030928,0.5154639175257731,88.37260295806236,2020-04,2.4705937361274537,0.20015294317124638,1.097014144589492,B 돌파 20일신고가/10일보유,2.0
194,64528.05812047611,0.0793470968068224,5.154639175257731,78.8659793814433,31.958762886597935,98.89905227932513,2020-04,1.0952508351098036,0.024933031352206723,0.11718080723102484,B 돌파 20일신고가/10일보유,3.0
194,734242.1686454173,0.0,3.0927835051546393,94.3298969072165,90.20618556701031,99.99999893968715,2020-04,0.0,0.0,0.0,B 돌파 20일신고가/10일보유,5.0
194,128.84653823396818,1.34494508778067,8.24742268041237,36.08247422680412,0.0,61.36364957394611,2020-11,1.8589413955989578,0.8131243590322057,1.49907798948697,B 돌파 20일신고가/20일보유,1.0
194,2661.1587988953906,0.4980626143162726,11.34020618556701,63.91752577319587,13.402061855670103,91.21986013587379,2020-11,1.1785290820114853,0.2559039565398112,0.6236632630362371,B 돌파 20일신고가/20일보유,2.0
194,24849.22285693619,0.04766540221854951,2.5773195876288657,88.65979381443299,37.628865979381445,99.22806021795697,2020-04,0.3682266650343859,0.046631935468068306,0.04833185554029637,B 돌파 20일신고가/20일보유,3.0
194,331697.63379468705,0.0,2.5773195876288657,95.36082474226805,87.11340206185567,99.99957453965055,2020-04,0.0,0.0,0.0,B 돌파 20일신고가/20일보유,5.0
194,61.58583502824877,1.1866071675176948,1.0309278350515463,43.81443298969072,0.0,62.962954919482826,2020-11,1.36908646965759,0.48584637518705,1.4828413644993526,B 돌파 20일신고가/40일보유,1.0
194,554.9072210525918,0.4749005586934445,10.309278350515463,63.91752577319587,1.0309278350515463,94.52912330555743,2020-11,0.8599096561850746,0.10915903100874062,0.8195358573334992,B 돌파 20일신고가/40일보유,2.0
194,3750.045779885476,0.0,2.5773195876288657,90.20618556701031,53.09278350515464,99.73916128489702,2020-04,0.3304340568507565,0.00743717320863121,0.0,B 돌파 20일신고가/40일보유,3.0
194,15340.498331531873,0.0,2.5773195876288657,95.36082474226805,84.02061855670104,100.0,2020-04,0.0,0.0,0.0,B 돌파 20일신고가/40일보유,5.0
194,183.00245015733972,1.9358603696196883,10.309278350515463,29.381443298969074,0.0,46.82865873477411,2020-04,2.7224828259535867,0.8783222660168164,2.281589340896093,B 돌파 50일신고가/5일보유,1.0
194,8994.844717847269,2.1564983074212254,13.917525773195877,37.11340206185567,0.0,76.55321796087556,2020-04,4.163734504001763,0.38430009375910995,2.6253190195991385,B 돌파 50일신고가/5일보유,2.0
194,163462.73222574702,1.1417935782803965,13.917525773195877,45.876288659793815,8.24742268041237,92.21557342118854,2020-04,4.1391472904811195,0.09684608750184012,1.6557161371386275,B 돌파 50일신고가/5일보유,3.0
194,1386996.105668319,0.0,3.0927835051546393,95.87628865979381,70.61855670103093,99.99582481574699,2020-04,0.4570361095307197,0.0,0.0,B 돌파 50일신고가/5일보유,5.0
194,232.44001073439475,1.940322050254648,9.793814432989691,24.22680412371134,0.0,50.894298907722636,2020-11,1.5602997936515077,0.48382662021776945,2.146152903085099,B 돌파 50일신고가/10일보유,1.0
194,5331.309668054491,1.7373655578841225,13.917525773195877,35.051546391752574,0.0,80.03313800400656,2020-11,1.2212526226442906,0.11831350286824903,2.706049050569997,B 돌파 50일신고가/10일보유,2.0
194,79748.25079965257,0.42199119035383453,5.670103092783505,63.91752577319587,23.711340206185564,94.98619608934538,2020-04,0.6511082346577681,0.010168892478394882,0.7100069579414056,B 돌파 50일신고가/10일보유,3.0
194,714768.8669341068,0.0,3.0927835051546393,88.65979381443299,78.35051546391753,100.0,2020-04,0.04319094529586363,0.0,0.0,B 돌파 50일신고가/10일보유,5.0
194,221.47585869123552,1.5237823560146628,8.24742268041237,26.804123711340207,0.0,54.33980850887623,2020-11,1.7427614843183707,0.5641614488848634,1.6755900994119872,B 돌파 50일신고가/20일보유,1.0
194,5607.925011395743,0.91566591932676,11.34020618556701,55.154639175257735,12.886597938144329,84.9982229803216,2020-11,1.6060599810366432,0.14801039869524357,1.0764266747762998,B 돌파 50일신고가/20일보유,2.0
194,14271.239644724734,0.13835553760297895,2.5773195876288657,79.89690721649485,33.50515463917525,99.05132573565064,2020-04,1.0090521416550113,0.022902371936428204,0.20515733878199505,B 돌파 50일신고가/20일보유,3.0
194,92910.99203623111,0.0,2.5773195876288657,94.3298969072165,79.38144329896907,99.99756159014075,2020-04,0.0724775433736822,0.0,0.0,B 돌파 50일신고가/20일보유,5.0
194,95.0799696074936,1.4683921992087305,3.608247422680412,32.47422680412371,0.0,62.0707004291861,2020-11,1.7218595240163832,0.7262898760814839,1.6507727071003568,B 돌파 50일신고가/40일보유,1.0
194,971.0944989991661,0.8207352049869985,10.309278350515463,55.154639175257735,0.0,91.72756242865742,2020-11,1.5123434715211568,0.25830218656804327,1.0755190024793493,B 돌파 50일신고가/40일보유,2.0
194,3237.4477457759153,0.0465699258218463,2.5773195876288657,82.4742268041237,46.391752577319586,99.5415061751975,2020-04,0.8743236467698585,0.057464700302462604,0.045285482926638365,B 돌파 50일신고가/40일보유,3.0
194,10149.03046783637,0.0,2.5773195876288657,94.84536082474226,75.77319587628865,100.0,2020-04,0.041922213740992705,0.0,0.0,B 돌파 50일신고가/40일보유,5.0
194,143.55351166785434,1.7892564102519408,4.123711340206185,24.742268041237114,0.0,43.96888416343382,2020-05,2.4974671063693106,0.890307907112779,1.9146218105104278,B 돌파 100일신고가/5일보유,1.0
194,4659.3528611830025,2.002526212156598,12.371134020618557,38.659793814432994,0.0,73.37232939331113,2020-05,3.790506599395028,0.47048796392460324,2.2318883317407163,B 돌파 100일신고가/5일보유,2.0
194,45292.861803502194,1.2994451968745735,9.793814432989691,45.36082474226804,2.0618556701030926,89.45395078108518,2020-05,4.022683816934857,0.17099835260937388,1.455827296185634,B 돌파 100일신고가/5일보유,3.0
194,12126.979921718961,0.0,2.5773195876288657,85.05154639175258,60.30927835051546,99.9468030920508,2020-04,1.0970911856318606,0.0,0.0,B 돌파 100일신고가/5일보유,5.0
194,91.01241078951666,1.6101360198882382,6.701030927835052,30.927835051546392,0.0,51.926262500217305,2020-11,1.9879497424482055,0.9930116595650068,1.829373084340891,B 돌파 100일신고가/10일보유,1.0
194,2327.646544705833,1.3941387881140188,11.855670103092782,44.329896907216494,0.0,82.53973034214908,2020-04,2.3678074001821847,0.4761923662167496,1.8665948867342195,B 돌파 100일신고가/10일보유,2.0
194,22193.152216454928,0.26177447713078955,4.123711340206185,65.97938144329896,19.587628865979383,95.39973901179923,2020-04,2.0133160671032537,0.11190245398892301,0.5235818265867166,B 돌파 100일신고가/10일보유,3.0
194,7678.173315004906,0.0,2.5773195876288657,85.05154639175258,74.22680412371135,99.99968816924019,2020-04,0.32722552481144823,0.0,0.0,B 돌파 100일신고가/10일보유,5.0
194,145.96271586034067,1.4564285093357825,6.701030927835052,35.56701030927835,0.0,60.41968120542482,2020-11,2.4319155185933945,0.8957802654196074,1.603327673788281,B 돌파 100일신고가/20일보유,1.0
194,2306.459206185146,0.6938145758041363,10.824742268041238,55.670103092783506,12.371134020618557,88.32678546632505,2020-11,3.1490096544805817,0.3709460557951105,0.8494917694136658,B 돌파 100일신고가/20일보유,2.0
194,14916.7997746647,0.05970063828540907,2.5773195876288657,75.25773195876289,31.958762886597935,98.15221223614019,2020-05,2.7243498896169425,0.08857489266651802,0.05132788248043873,B 돌파 100일신고가/20일보유,3.0
194,5836.523200826494,0.0,2.5773195876288657,88.65979381443299,76.28865979381443,99.99809144223704,2020-04,0.34963999107035204,0.0,0.0,B 돌파 100일신고가/20일보유,5.0
194,76.00421525095257,1.431975631633387,2.5773195876288657,29.896907216494846,0.0,59.5300084658805,2020-11,2.744817251919924,1.0773928636857315,1.5817529658666982,B 돌파 100일신고가/40일보유,1.0
194,761.9934129895393,0.9898145291665835,10.824742268041238,53.09278350515464,2.5773195876288657,88.03224285606332,2020-05,3.923759814473368,0.549899213219397,0.9912986138555392,B 돌파 100일신고가/40일보유,2.0
194,4882.046083511569,0.07346541617393125,2.5773195876288657,75.25773195876289,44.329896907216494,96.99350542379852,2020-04,3.7003490541913013,0.1630229795917758,0.06361272883223992,B 돌파 100일신고가/40일보유,3.0
194,1120.510820716543,0.0,2.5773195876288657,90.72164948453609,72.68041237113401,99.99999285356324,2020-04,0.5119477105952261,0.0,0.0,B 돌파 100일신고가/40일보유,5.0
194,98.28734090530529,1.3096839897763035,3.0927835051546393,31.443298969072163,0.0,49.003582436774465,2020-05,2.8861313897733356,0.8463376640145608,1.4101133319134513,B 돌파 200일신고가/5일보유,1.0
194,1096.0708152161128,1.4013364205825594,10.824742268041238,37.11340206185567,0.0,78.02141959296314,2020-05,5.7253721784118055,0.4718875668071934,1.5625062483376104,B 돌파 200일신고가/5일보유,2.0
194,27.040618827638507,0.6311149618181584,0.0,55.670103092783506,14.432989690721648,92.06503473371093,2020-01,8.786169574008525,0.1993585581608065,0.7079009687744324,B 돌파 200일신고가/5일보유,3.0
194,7.115656088960244,0.0,0.0,74.22680412371135,52.57731958762887,99.78424917902962,2024-11,7.115656088960244,0.006776914093969017,0.0,B 돌파 200일신고가/5일보유,5.0
194,100.21805887934148,1.2762291337438407,6.185567010309279,28.865979381443296,0.0,39.72806575696685,2020-10,1.9095846703471981,0.6918213591692312,1.5609632861582883,B 돌파 200일신고가/10일보유,1.0
194,1311.7540879954938,1.0601371852040633,12.371134020618557,40.72164948453608,0.0,74.90941620839338,2020-04,2.2954283321202653,0.2857188716647092,1.470872476897293,B 돌파 200일신고가/10일보유,2.0
194,7920.578844496246,0.5986500427749808,3.608247422680412,61.34020618556701,12.886597938144329,90.27917900281562,2020-04,2.0125900598347197,0.07983079026854323,0.6607833085675792,B 돌파 200일신고가/10일보유,3.0
194,672.8223095347457,0.0,2.5773195876288657,77.83505154639175,55.154639175257735,99.75675135248453,2020-04,0.3824649906700457,0.0,0.0,B 돌파 200일신고가/10일보유,5.0
194,158.46447147649525,1.2098142554123057,6.701030927835052,31.958762886597935,0.0,52.343311402267844,2020-10,1.4573419611625316,0.5039183524301003,1.3506209468037504,B 돌파 200일신고가/20일보유,1.0
194,2383.692209610124,1.0,12.371134020618557,48.96907216494845,0.0,82.576737111564,2020-10,1.271084247829485,0.13686018293183994,1.2562669713154706,B 돌파 200일신고가/20일보유,2.0
194,5929.117809984119,0.3542790740332903,3.608247422680412,73.71134020618557,13.402061855670103,94.37622922624865,2020-05,0.7937020020683792,0.025940927244775588,0.48241868755273726,B 돌파 200일신고가/20일보유,3.0
194,705.4585662766693,0.0,2.5773195876288657,84.5360824742268,60.30927835051546,99.89964748325917,2020-04,0.06788812279741108,0.0,0.0,B 돌파 200일신고가/20일보유,5.0
194,73.22031954939882,1.267788651723972,3.608247422680412,31.443298969072163,0.0,58.71996704108695,2020-10,1.6548699452590212,0.7192337737448151,1.4622656611057032,B 돌파 200일신고가/40일보유,1.0
194,473.9772892966498,0.8822368017318403,9.793814432989691,52.0618556701031,0.0,88.27143432289164,2020-10,1.571251823087166,0.2633858023203896,1.0,B 돌파 200일신고가/40일보유,2.0
194,1599.9033817693594,0.12992518483622417,2.5773195876288657,75.25773195876289,35.56701030927835,98.22518012689025,2020-05,1.06516346092144,0.05837981257184974,0.14291190816056987,B 돌파 200일신고가/40일보유,3.0
194,77.92674907434511,0.0,1.0309278350515463,79.38144329896907,70.10309278350515,99.99648331879779,2020-04,0.10257381207378014,0.0,0.0,B 돌파 200일신고가/40일보유,5.0
194,69.46015371676846,1.1818095319604,2.0618556701030926,42.78350515463917,0.0,69.04421734705033,2020-04,1.4498390645654498,0.6788378690454606,1.4462300249209052,C 추세 MA20/전종목,1.0
194,1800.099913143913,0.4645648394701323,6.185567010309279,62.88659793814433,0.5154639175257731,93.69133268197871,2020-04,0.7927587718775075,0.20011389445199218,0.8761793466757787,C 추세 MA20/전종목,2.0
194,23799.871600847797,0.02824791970171614,2.5773195876288657,88.14432989690721,45.36082474226804,99.41095491260897,2020-04,0.26609116500676133,0.03241023094095792,0.022264879987886475,C 추세 MA20/전종목,3.0
194,293992.53592776903,0.0,2.5773195876288657,96.90721649484536,87.62886597938144,99.99999799343044,2020-04,0.0,0.0,0.0,C 추세 MA20/전종목,5.0
194,283.40277172872715,1.1908933519534015,9.793814432989691,44.84536082474227,0.0,80.58124828173922,2020-11,2.166012215722272,0.5129079124795765,1.484559668067279,C 추세 MA20/상위1종,1.0
194,461.4737622188957,0.2040072509087892,3.608247422680412,74.22680412371135,28.350515463917525,98.80726318155632,2020-04,0.7121796508326838,0.043496527612125566,0.2857773627703234,C 추세 MA20/상위1종,2.0
194,3.643776700171328,0.0,0.0,97.9381443298969,80.9278350515464,99.99574752214512,2019-02,0.027962706532122416,0.0,0.0,C 추세 MA20/상위1종,3.0
194,0.0,0.0,0.0,100.0,100.0,100.0,2017-08,0.0,0.0,0.0,C 추세 MA20/상위1종,5.0
194,585.6693578121939,1.6809559767447375,11.34020618556701,30.412371134020617,0.0,72.49597299747832,2020-04,3.524589435255999,0.8941691255564532,2.045757060983602,C 추세 MA20/상위3종,1.0
194,35903.121713292836,0.9960053489118534,11.34020618556701,50.0,3.608247422680412,95.74628345979718,2020-04,3.0116284740357666,0.2424636469426067,1.2699223701174653,C 추세 MA20/상위3종,2.0
194,395287.50201643887,0.0484040059438744,8.24742268041237,79.89690721649485,41.23711340206185,99.66385028745502,2020-04,0.8186469160631801,0.02605369259636637,0.11155481519946892,C 추세 MA20/상위3종,3.0
194,164964.2100097688,0.0,2.5773195876288657,96.90721649484536,93.81443298969072,100.0,2020-04,0.0,0.0,0.0,C 추세 MA20/상위3종,5.0
194,181.06588017688162,1.3947923725269742,6.701030927835052,35.051546391752574,0.0,69.25724709085101,2020-04,2.2005086192595895,0.826155081595248,1.7407905178397027,C 추세 MA20/상위5종,1.0
194,6273.874802266838,0.6633756623115803,11.34020618556701,58.76288659793815,2.5773195876288657,93.91282024531682,2020-04,1.3749314600230869,0.24525330788357272,1.0250156406652478,C 추세 MA20/상위5종,2.0
194,62014.23703927617,0.022647034326205212,2.5773195876288657,88.14432989690721,45.36082474226804,99.59251621238134,2020-04,0.31773764637198465,0.03508469411059466,0.0,C 추세 MA20/상위5종,3.0
194,74788.84878332229,0.0,2.5773195876288657,96.90721649484536,92.26804123711341,99.99999808758739,2020-04,0.0,0.0,0.0,C 추세 MA20/상위5종,5.0
194,70.61905177698934,1.298500771653187,3.0927835051546393,42.78350515463917,0.0,64.46623081318404,2020-11,1.643142124596991,0.565096292740654,1.573937918585525,C 추세 MA50/전종목,1.0
194,1072.4840113111748,0.5073739594582425,10.309278350515463,63.4020618556701,5.154639175257731,94.46486185901387,2020-04,1.2552609841968154,0.1442165544134279,0.7252756200791375,C 추세 MA50/전종목,2.0
194,11380.524227776288,0.027287709549327948,2.5773195876288657,84.02061855670104,45.36082474226804,99.6187906258041,2020-04,0.6008073653118879,0.021636060330072496,0.027408541931910186,C 추세 MA50/전종목,3.0
194,96114.34051144758,0.0,2.5773195876288657,97.42268041237114,87.11340206185567,99.99997453387648,2020-04,0.0,0.0,0.0,C 추세 MA50/전종목,5.0
194,941.3567636960629,1.8029746621419074,9.793814432989691,27.31958762886598,0.0,73.57905879331129,2020-11,2.0917202942265485,0.6465213103185927,2.372351247631596,C 추세 MA50/상위1종,1.0
194,985.8979801808476,0.3806878490514616,6.701030927835052,67.0103092783505,3.0927835051546393,97.50301593095952,2021-01,0.7826065090342246,0.06434233450496421,0.6722594210136659,C 추세 MA50/상위1종,2.0
194,1.5273607037839594,0.0,0.0,98.4536082474227,70.10309278350515,99.97688500595623,2018-05,0.06681493315761958,0.0,0.0,C 추세 MA50/상위1종,3.0
194,0.0,0.0,0.0,100.0,100.0,100.0,2017-08,0.0,0.0,0.0,C 추세 MA50/상위1종,5.0
194,346.7769197778768,1.766607817292758,11.34020618556701,30.927835051546392,0.0,64.94458786028704,2020-11,2.7746523259356577,0.717305623089554,2.0008887331217258,C 추세 MA50/상위3종,1.0
194,5462.232978190004,0.8473819392651009,11.855670103092782,53.608247422680414,2.0618556701030926,94.53508609827556,2020-05,2.3439827961360393,0.17620972261182222,1.018532523372556,C 추세 MA50/상위3종,2.0
194,33784.36428158733,0.0,2.5773195876288657,88.14432989690721,51.03092783505154,99.55128364482508,2020-04,0.8561964189592074,0.02129493976048269,0.0,C 추세 MA50/상위3종,3.0
194,13274.576124683996,0.0,2.5773195876288657,97.42268041237114,95.36082474226805,100.0,2020-04,0.0,0.0,0.0,C 추세 MA50/상위3종,5.0
194,235.06292354800885,1.7085395645033652,10.824742268041238,32.47422680412371,0.0,64.82585280375685,2020-11,2.230046473050749,0.757545001972445,2.2360498464607472,C 추세 MA50/상위5종,1.0
194,6207.565582872976,0.6981231881876968,11.34020618556701,53.608247422680414,3.0927835051546393,93.89145001319585,2020-04,1.7312200711339878,0.23145224076590795,1.1644026504561884,C 추세 MA50/상위5종,2.0
194,72198.80567205178,0.03523144249312807,2.5773195876288657,79.38144329896907,46.391752577319586,99.51814592177924,2020-04,0.7819349144687497,0.03773216927374676,0.03170192231438873,C 추세 MA50/상위5종,3.0
194,202168.12333471578,0.0,2.5773195876288657,97.42268041237114,89.17525773195877,99.999991744673,2020-04,0.0,0.0,0.0,C 추세 MA50/상위5종,5.0
194,55.66136891522695,1.2935291071380273,1.0309278350515463,32.98969072164948,0.0,63.712536841224306,2020-11,1.645458221614258,0.610243022007301,1.4547741558455798,C 추세 MA100/전종목,1.0
194,741.8566578032437,0.6159926314879169,9.793814432989691,66.49484536082474,1.0309278350515463,92.57088961296067,2020-04,1.2923098839805305,0.16921550166523114,0.7191473491378655,C 추세 MA100/전종목,2.0
194,6844.258906955991,0.0463106521991844,2.5773195876288657,85.05154639175258,40.20618556701031,99.08958069288654,2020-04,0.6530812646814278,0.02649134793694205,0.05105321711808708,C 추세 MA100/전종목,3.0
194,44308.518652126375,0.0,2.5773195876288657,94.84536082474226,83.50515463917526,99.99998622618399,2020-04,0.021198784846792555,0.0,0.0,C 추세 MA100/전종목,5.0
194,36.70924852654583,1.239433278210107,0.0,40.20618556701031,0.0,73.52263483043751,2020-05,2.0177015758699084,0.6319823594537743,1.452302558217087,C 추세 MA100/상위1종,1.0
194,11.811656732814924,0.1825371691655272,0.0,79.89690721649485,9.278350515463918,98.06318524166646,2020-04,0.9869031389415078,0.07907854707831953,0.221117938536191,C 추세 MA100/상위1종,2.0
194,4.378867984957729,0.0,0.0,96.90721649484536,71.64948453608247,99.96962953504445,2018-07,0.14275147711300507,0.0,0.0,C 추세 MA100/상위1종,3.0
194,0.0,0.0,0.0,100.0,100.0,100.0,2017-08,0.0,0.0,0.0,C 추세 MA100/상위1종,5.0
194,170.69156906985913,1.8406843970788795,8.24742268041237,21.1340206185567,0.0,62.38352510576705,2020-11,1.9651026100975506,0.8427595313567414,2.2075740213257617,C 추세 MA100/상위3종,1.0
194,1098.34968740552,0.9604710583686328,10.309278350515463,50.51546391752577,1.0309278350515463,92.64999321745955,2020-05,1.421734966604935,0.27382101338063325,1.3555009564755776,C 추세 MA100/상위3종,2.0
194,3437.322765372461,0.05192307797142354,2.5773195876288657,81.95876288659794,36.597938144329895,98.98000084863871,2020-04,0.5313641727709014,0.043459210442812944,0.05332705124184409,C 추세 MA100/상위3종,3.0
194,395.814093169866,0.0,1.5463917525773196,97.42268041237114,86.5979381443299,99.99999103568602,2020-04,0.0,0.0,0.0,C 추세 MA100/상위3종,5.0
194,138.7404738799295,1.792638585764625,8.24742268041237,26.288659793814436,0.0,63.561039159287006,2020-11,2.377244391420606,0.9509314780110387,2.072118544158215,C 추세 MA100/상위5종,1.0
194,1588.593928679281,1.0343042433759968,11.34020618556701,48.96907216494845,1.0309278350515463,91.89278170670738,2020-05,2.2517017382341855,0.3562157128178238,1.3070285982011178,C 추세 MA100/상위5종,2.0
194,9624.43005714243,0.06710033606182883,2.5773195876288657,78.35051546391753,38.144329896907216,99.07685190031007,2020-05,1.160927238931386,0.06641645150588255,0.06710033606182883,C 추세 MA100/상위5종,3.0
194,10471.167297502461,0.0,2.5773195876288657,94.84536082474226,82.4742268041237,99.99997479215894,2020-04,0.0,0.0,0.0,C 추세 MA100/상위5종,5.0
194,35.342543701394,1.121985670818535,0.0,46.391752577319586,0.0,60.79543427230831,2020-04,1.652146955594698,0.6047658162016696,1.2651473849313288,C 추세 MA200/전종목,1.0
194,464.3971788015953,0.5143780558341602,6.701030927835052,63.91752577319587,2.5773195876288657,90.9456247082064,2020-04,1.3083727316558282,0.1649320957797501,0.6471105685481391,C 추세 MA200/전종목,2.0
194,3078.0119176190624,0.02707045000907502,2.5773195876288657,84.02061855670104,44.84536082474227,98.27402809914628,2020-04,0.6742616266327708,0.0263797813903419,0.02707045000907502,C 추세 MA200/전종목,3.0
194,7487.867490408991,0.0,2.5773195876288657,92.78350515463917,80.41237113402062,99.99999922201349,2020-04,0.0,0.0,0.0,C 추세 MA200/전종목,5.0
194,198.7022528086213,0.8157485874173258,4.123711340206185,57.73195876288659,0.0,72.96448150777752,2020-11,1.0774848266688648,0.44981337575495184,1.051966782364044,C 추세 MA200/상위1종,1.0
194,80.28684475963766,0.12297531343579308,0.5154639175257731,77.31958762886599,14.948453608247423,98.17475801917006,2020-11,0.2605400875365829,0.049667352362392655,0.14787923053209906,C 추세 MA200/상위1종,2.0
194,2.0770745321554664,0.0,0.0,95.87628865979381,73.19587628865979,99.96659236427763,2018-08,0.023896822553198874,0.0,0.0,C 추세 MA200/상위1종,3.0
194,0.21326644611419168,0.0,0.0,100.0,96.90721649484536,99.99999999855733,2018-08,0.0,0.0,0.0,C 추세 MA200/상위1종,5.0
194,87.63450012251676,1.2895688067456126,3.0927835051546393,37.628865979381445,0.0,67.30585600256856,2020-11,2.151409054592416,0.8667988491463594,1.4307766967264488,C 추세 MA200/상위3종,1.0
194,475.8235083901106,0.6000075570764354,9.278350515463918,63.4020618556701,3.0927835051546393,93.06754792814156,2020-11,1.973250596794609,0.28744015284773583,0.6889361812290508,C 추세 MA200/상위3종,2.0
194,632.8321981045325,0.02707045000907502,2.5773195876288657,86.5979381443299,43.81443298969072,99.26273025540945,2020-05,1.012689317296517,0.046874452444641085,0.02707045000907502,C 추세 MA200/상위3종,3.0
194,16.357561443315166,0.0,0.0,96.3917525773196,86.08247422680412,99.9998297928304,2020-03,0.0,0.0,0.0,C 추세 MA200/상위3종,5.0
194,161.6027538456225,1.329047396051562,10.309278350515463,35.051546391752574,0.0,60.726984029914775,2020-11,2.0977381383521516,0.8189821998557032,1.4204495462549587,C 추세 MA200/상위5종,1.0
194,2250.084314304588,0.6420186346445662,11.34020618556701,59.79381443298969,2.0618556701030926,92.05457977038216,2020-11,1.9619862245354875,0.2749829261294735,0.711912494430911,C 추세 MA200/상위5종,2.0
194,14972.077405276903,0.02707045000907502,2.5773195876288657,87.11340206185567,42.78350515463917,98.82377507948318,2020-05,1.0856396079461434,0.049565656274878106,0.02707045000907502,C 추세 MA200/상위5종,3.0
194,19294.03519171883,0.0,2.5773195876288657,95.87628865979381,81.44329896907216,99.99969603010518,2020-04,0.01915010420339815,0.0,0.0,C 추세 MA200/상위5종,5.0
194,2.852474170488509,0.4491304248414504,0.0,78.8659793814433,0.0,70.40342186835257,2020-10,0.8360779875251347,0.4616776012658621,0.4482262288597611,D 과매도 -12.26%/3일보유,1.0
194,1.976715672999617,0.08190699326476183,0.0,92.26804123711341,14.948453608247423,95.7629780150821,2020-03,0.4098170057128516,0.09865549788287638,0.07760996584836649,D 과매도 -12.26%/3일보유,2.0
194,1.3733672829558445,0.0,0.0,97.9381443298969,68.55670103092784,99.80055902029837,2023-03,0.13397277271941563,0.0,0.0,D 과매도 -12.26%/3일보유,3.0
194,0.46882022909879034,0.0,0.0,100.0,92.78350515463917,100.0,2023-03,0.0,0.0,0.0,D 과매도 -12.26%/3일보유,5.0
194,3.752037416325698,0.4306060325995016,0.0,75.25773195876289,0.0,70.11316027678018,2020-10,1.0530042766150507,0.5572025621611256,0.4106188309428719,D 과매도 -12.26%/5일보유,1.0
194,4.023451642304448,0.08598110276485274,0.0,85.56701030927834,15.979381443298967,95.8811121356386,2020-05,0.5797417350681463,0.15084029216886807,0.0717519953684082,D 과매도 -12.26%/5일보유,2.0
194,1.5990100942184016,0.0,0.0,95.87628865979381,67.0103092783505,99.72999078215783,2020-03,0.22125812901532949,0.012730185175964602,0.0,D 과매도 -12.26%/5일보유,3.0
194,0.3701674914244942,0.0,0.0,100.0,92.78350515463917,100.0,2023-01,0.0,0.0,0.0,D 과매도 -12.26%/5일보유,5.0
194,8.697176145253719,0.6312977098252082,0.0,73.19587628865979,0.0,70.10474278136071,2020-05,1.1192280925826352,0.4995470622709317,0.6852301195181631,D 과매도 -12.26%/10일보유,1.0
194,21.09074484530191,0.11322919916444332,0.0,88.14432989690721,6.701030927835052,95.38805720047141,2020-05,0.5340902271829804,0.09386857469541937,0.12741977948845762,D 과매도 -12.26%/10일보유,2.0
194,18.660509761359407,0.0,0.0,97.42268041237114,65.97938144329896,99.91028995355138,2020-04,0.13260346850584184,0.0,0.0,D 과매도 -12.26%/10일보유,3.0
194,0.13147857719431713,0.0,0.0,100.0,98.4536082474227,100.0,2023-01,0.0,0.0,0.0,D 과매도 -12.26%/10일보유,5.0
194,6.720023109220363,0.5729607435455212,0.0,74.74226804123711,0.0,69.54037119920486,2020-04,1.1007158061000526,0.4834039108337056,0.6978741826007326,D 과매도 -18.0%/3일보유,1.0
194,11.692944570817874,0.15101068332811224,0.0,89.17525773195877,6.701030927835052,95.89697087586487,2020-04,0.8406289243830877,0.042373928917412367,0.19467329368357145,D 과매도 -18.0%/3일보유,2.0
194,2.0734401374163536,0.0,0.0,95.36082474226805,68.04123711340206,99.99997367473247,2023-02,0.47374185331914576,0.0,0.0,D 과매도 -18.0%/3일보유,3.0
194,1.6929286663267957,0.0,0.0,98.96907216494846,85.05154639175258,100.0,2023-02,0.04001048886648624,0.0,0.0,D 과매도 -18.0%/3일보유,5.0
194,7.937984997265636,0.737354861167646,0.0,72.68041237113401,0.0,67.4075870747653,2020-05,0.913987068625266,0.34808319761900525,0.8290848831401382,D 과매도 -18.0%/5일보유,1.0
194,14.020032220407273,0.20654945349515907,0.0,82.4742268041237,0.5154639175257731,94.74274128400883,2020-05,0.5697801649521933,0.058118973770419455,0.29946169126794864,D 과매도 -18.0%/5일보유,2.0
194,1.8250634896995321,0.0,0.0,94.84536082474226,65.97938144329896,99.93146318945317,2023-04,0.2605068957266673,0.0,0.0,D 과매도 -18.0%/5일보유,3.0
194,1.4523946151913925,0.0,0.0,98.96907216494846,90.72164948453609,100.0,2023-04,0.0,0.0,0.0,D 과매도 -18.0%/5일보유,5.0
194,3.7491559126168736,0.4970893481400639,0.0,79.89690721649485,0.0,68.05795545645962,2020-10,0.8524523308666547,0.3343499226883624,0.6298823167223109,D 과매도 -18.0%/10일보유,1.0
194,3.09046890942108,0.09845581724167325,0.0,95.36082474226805,7.216494845360824,95.90392507955517,2020-04,0.4486915250827939,0.0521318897301996,0.1456296835158356,D 과매도 -18.0%/10일보유,2.0
194,1.2240715682491534,0.0,0.0,99.48453608247422,76.80412371134021,99.97395537436564,2023-04,0.16206609843239933,0.0,0.0,D 과매도 -18.0%/10일보유,3.0
194,0.6386911042434097,0.0,0.0,100.0,87.11340206185567,100.0,2023-04,0.0,0.0,0.0,D 과매도 -18.0%/10일보유,5.0
