entry_time,direction,entry,exit,exit_type,pnl_pct,win,prob,fold
2022-04-01 08:25:00,SHORT,429.49,427.34,tp,0.004025,1,0.678,2
2022-04-01 15:20:00,SHORT,441.98,439.77,tp,0.004025,1,0.6608,2
2022-04-02 01:50:00,SHORT,452.57,450.31,tp,0.004025,1,0.6645,2
2022-04-06 16:35:00,LONG,420.81,422.91,tp,0.004,1,0.6943,2
2022-04-07 00:50:00,LONG,417.91,416.66,sl,-0.004,0,0.6602,2
2022-04-07 15:30:00,LONG,427.41,429.55,tp,0.004,1,0.6528,2
2022-04-12 14:25:00,LONG,408.9,410.95,tp,0.004,1,0.6661,2
2022-05-05 15:05:00,LONG,384.09,386.01,tp,0.004,1,0.7032,2
2022-05-05 15:30:00,LONG,382.79,381.64,sl,-0.004,0,0.7149,2
2022-05-05 16:10:00,LONG,380.59,382.49,tp,0.004,1,0.6895,2
2022-05-05 18:20:00,LONG,372.99,374.85,tp,0.004,1,0.6761,2
2022-05-06 13:35:00,LONG,371.89,373.75,tp,0.004,1,0.6745,2
2022-05-07 21:55:00,LONG,364.18,366.0,tp,0.004,1,0.656,2
2022-05-07 22:20:00,LONG,364.58,363.49,sl,-0.004,0,0.6646,2
2022-05-07 22:50:00,LONG,361.18,362.99,tp,0.004,1,0.6688,2
2022-05-07 23:30:00,SHORT,366.52,364.98,timeout,0.003204,1,0.6703,2
2022-05-09 03:20:00,SHORT,352.02,350.26,tp,0.004025,1,0.6607,2
2022-05-09 10:55:00,LONG,327.86,329.5,tp,0.004,1,0.7187,2
2022-05-09 11:55:00,SHORT,332.83,331.17,tp,0.004025,1,0.6549,2
2022-05-09 12:55:00,LONG,330.37,329.37,sl,-0.004,0,0.653,2
2022-05-09 13:45:00,LONG,332.47,334.13,tp,0.004,1,0.692,2
2022-05-09 15:30:00,LONG,322.76,324.38,tp,0.004,1,0.7006,2
2022-05-09 16:50:00,LONG,312.16,313.72,tp,0.004,1,0.7289,2
2022-05-09 17:15:00,SHORT,314.04,314.99,sl,-0.003991,0,0.6632,2
2022-05-09 18:40:00,LONG,302.85,304.37,tp,0.004,1,0.7427,2
2022-05-09 19:00:00,LONG,305.85,307.38,tp,0.004,1,0.6753,2
2022-05-09 20:10:00,SHORT,315.64,314.06,tp,0.004025,1,0.6611,2
2022-05-09 20:50:00,SHORT,311.84,310.28,tp,0.004025,1,0.6829,2
2022-05-09 21:00:00,LONG,309.55,311.1,tp,0.004,1,0.6814,2
2022-05-09 21:05:00,SHORT,312.04,312.98,sl,-0.003991,0,0.6591,2
2022-05-09 21:40:00,SHORT,312.74,311.18,tp,0.004025,1,0.6693,2
2022-05-09 23:05:00,SHORT,308.85,307.3,tp,0.004025,1,0.6584,2
2022-05-09 23:40:00,LONG,300.45,301.95,tp,0.004,1,0.7022,2
2022-05-10 00:30:00,LONG,291.35,292.8,tp,0.004,1,0.6653,2
2022-05-10 00:45:00,SHORT,300.45,301.35,sl,-0.003991,0,0.6574,2
2022-05-10 01:05:00,SHORT,310.14,308.59,tp,0.004025,1,0.6866,2
2022-05-10 01:25:00,SHORT,309.45,307.9,tp,0.004025,1,0.705,2
2022-05-10 02:40:00,SHORT,312.54,310.98,tp,0.004025,1,0.6823,2
2022-05-10 03:05:00,SHORT,310.54,308.99,tp,0.004025,1,0.6735,2
2022-05-10 05:20:00,LONG,317.26,318.84,tp,0.004,1,0.6502,2
2022-05-10 06:40:00,SHORT,332.43,330.77,tp,0.004025,1,0.6755,2
2022-05-10 07:15:00,LONG,322.96,324.58,tp,0.004,1,0.6546,2
2022-05-10 09:30:00,LONG,320.96,322.57,tp,0.004,1,0.6577,2
2022-05-10 10:00:00,LONG,320.26,321.86,tp,0.004,1,0.7323,2
2022-05-10 10:35:00,LONG,320.96,320.0,sl,-0.004,0,0.6912,2
2022-05-10 11:00:00,LONG,319.76,321.36,tp,0.004,1,0.696,2
2022-05-10 13:00:00,SHORT,330.83,329.18,tp,0.004025,1,0.6541,2
2022-05-10 15:40:00,SHORT,322.24,320.63,tp,0.004025,1,0.6781,2
2022-05-10 16:30:00,LONG,317.76,319.35,tp,0.004,1,0.6994,2
2022-05-10 18:40:00,SHORT,325.94,324.31,tp,0.004025,1,0.676,2
2022-05-11 02:00:00,LONG,314.86,316.43,tp,0.004,1,0.677,2
2022-05-11 03:50:00,LONG,318.26,317.3,sl,-0.004,0,0.6728,2
2022-05-11 04:20:00,LONG,317.06,318.64,tp,0.004,1,0.6841,2
2022-05-11 04:45:00,LONG,313.36,312.42,sl,-0.004,0,0.6958,2
2022-05-11 06:20:00,LONG,312.96,312.02,sl,-0.004,0,0.6654,2
2022-05-11 06:55:00,LONG,301.65,303.16,tp,0.004,1,0.7312,2
2022-05-11 07:50:00,LONG,297.15,298.63,tp,0.004,1,0.7042,2
2022-05-11 08:20:00,SHORT,306.95,305.41,tp,0.004025,1,0.6617,2
2022-05-11 09:05:00,SHORT,308.75,307.2,tp,0.004025,1,0.6505,2
2022-05-11 11:25:00,LONG,307.95,307.03,sl,-0.004,0,0.6689,2
2022-05-11 13:25:00,SHORT,284.86,283.43,tp,0.004025,1,0.682,2
2022-05-11 14:05:00,SHORT,299.15,297.65,tp,0.004025,1,0.6657,2
2022-05-11 14:20:00,SHORT,300.05,298.55,tp,0.004025,1,0.7196,2
2022-05-11 19:45:00,LONG,270.74,272.09,tp,0.004,1,0.7232,2
2022-05-11 20:55:00,LONG,267.43,268.77,tp,0.004,1,0.6854,2
2022-05-11 21:00:00,SHORT,271.76,270.41,tp,0.004025,1,0.6544,2
2022-05-11 21:25:00,LONG,262.73,264.04,tp,0.004,1,0.7068,2
2022-05-11 23:05:00,SHORT,271.96,270.6,tp,0.004025,1,0.6938,2
2022-05-12 00:40:00,SHORT,279.96,278.56,tp,0.004025,1,0.7197,2
2022-05-12 01:45:00,SHORT,276.16,274.78,tp,0.004025,1,0.6976,2
2022-05-12 04:20:00,LONG,240.02,241.22,tp,0.004,1,0.7037,2
2022-05-12 05:30:00,SHORT,236.48,235.3,tp,0.004025,1,0.6807,2
2022-05-12 06:30:00,SHORT,239.58,238.38,tp,0.004025,1,0.6853,2
2022-05-12 07:25:00,SHORT,240.08,238.88,tp,0.004025,1,0.7115,2
2022-05-12 07:50:00,SHORT,249.58,248.33,tp,0.004025,1,0.7099,2
2022-05-12 08:15:00,SHORT,251.97,250.71,tp,0.004025,1,0.6544,2
2022-05-12 09:00:00,SHORT,254.07,252.8,tp,0.004025,1,0.7028,2
2022-05-12 09:10:00,LONG,251.03,252.28,tp,0.004,1,0.6504,2
2022-05-12 09:20:00,SHORT,253.27,254.03,sl,-0.003991,0,0.6842,2
2022-05-12 09:40:00,SHORT,254.77,253.5,tp,0.004025,1,0.6913,2
2022-05-12 12:00:00,SHORT,271.86,272.68,sl,-0.003991,0,0.6751,2
2022-05-12 12:35:00,SHORT,278.46,277.07,tp,0.004025,1,0.6554,2
2022-05-12 14:00:00,LONG,265.13,266.46,tp,0.004,1,0.6885,2
2022-05-12 15:30:00,LONG,277.44,278.83,tp,0.004,1,0.669,2
2022-05-12 16:30:00,SHORT,280.16,278.76,tp,0.004025,1,0.6627,2
2022-05-12 20:10:00,LONG,268.63,269.98,tp,0.004,1,0.6753,2
2022-05-12 21:30:00,LONG,262.83,264.15,tp,0.004,1,0.6959,2
2022-05-13 00:20:00,LONG,266.33,267.66,tp,0.004,1,0.6627,2
2022-05-13 03:55:00,SHORT,307.25,305.71,tp,0.004025,1,0.6698,2
2022-05-13 04:35:00,LONG,302.85,301.94,sl,-0.004,0,0.659,2
2022-05-13 05:20:00,SHORT,307.55,306.01,tp,0.004025,1,0.6651,2
2022-05-13 05:45:00,SHORT,309.75,308.2,tp,0.004025,1,0.6778,2
2022-05-13 06:35:00,SHORT,303.75,302.23,tp,0.004025,1,0.6547,2
2022-05-13 09:15:00,SHORT,305.95,304.42,tp,0.004025,1,0.6663,2
2022-05-13 10:30:00,LONG,299.65,301.15,tp,0.004,1,0.675,2
2022-05-13 10:45:00,SHORT,307.25,305.71,tp,0.004025,1,0.6703,2
2022-05-13 11:55:00,SHORT,308.95,307.4,tp,0.004025,1,0.679,2
2022-05-13 12:30:00,SHORT,310.24,308.69,tp,0.004025,1,0.6713,2
2022-05-13 12:45:00,LONG,306.65,308.19,tp,0.004,1,0.6531,2
2022-05-13 13:00:00,SHORT,309.15,307.6,tp,0.004025,1,0.6837,2
2022-05-13 14:15:00,LONG,307.75,309.29,tp,0.004,1,0.6574,2
2022-05-13 16:50:00,LONG,293.25,294.71,tp,0.004,1,0.7161,2
2022-05-13 17:45:00,LONG,294.05,293.16,sl,-0.004,0,0.6561,2
2022-05-13 18:00:00,LONG,289.94,291.39,tp,0.004,1,0.7153,2
2022-05-13 18:25:00,LONG,291.85,293.31,tp,0.004,1,0.656,2
2022-05-14 03:35:00,LONG,292.85,291.97,sl,-0.004,0,0.7012,2
2022-05-14 07:50:00,LONG,286.84,288.28,tp,0.004,1,0.6596,2
2022-05-14 10:20:00,LONG,283.04,284.46,tp,0.004,1,0.6683,2
2022-05-14 12:15:00,LONG,277.44,278.83,tp,0.004,1,0.7103,2
2022-05-14 16:50:00,SHORT,287.56,286.12,tp,0.004025,1,0.6574,2
2022-05-14 18:15:00,SHORT,290.45,289.0,tp,0.004025,1,0.6589,2
2022-05-14 19:05:00,SHORT,288.66,287.21,tp,0.004025,1,0.6755,2
2022-05-15 00:20:00,SHORT,298.35,296.86,tp,0.004025,1,0.651,2
2022-05-15 01:35:00,LONG,293.15,294.61,tp,0.004,1,0.6858,2
2022-05-15 12:45:00,SHORT,302.95,301.43,tp,0.004025,1,0.6547,2
2022-05-15 15:50:00,LONG,296.95,298.43,tp,0.004,1,0.6538,2
2022-05-16 01:45:00,LONG,302.75,304.27,tp,0.004,1,0.7096,2
2022-05-16 03:45:00,LONG,300.45,299.55,sl,-0.004,0,0.6873,2
2022-05-16 07:15:00,LONG,291.15,292.6,tp,0.004,1,0.6626,2
2022-05-16 07:45:00,SHORT,295.05,293.58,tp,0.004025,1,0.6522,2
2022-05-16 12:30:00,SHORT,302.25,300.74,tp,0.004025,1,0.6859,2
2022-05-16 13:00:00,SHORT,300.85,299.35,tp,0.004025,1,0.6685,2
2022-05-16 14:55:00,LONG,294.55,296.02,tp,0.004,1,0.6785,2
2022-05-16 20:40:00,LONG,295.15,296.62,tp,0.004,1,0.6797,2
2022-05-17 03:35:00,SHORT,307.35,305.81,tp,0.004025,1,0.6519,2
2022-05-18 23:35:00,LONG,288.04,287.18,sl,-0.004,0,0.6978,2
2022-05-19 03:45:00,SHORT,296.25,295.55,timeout,0.001382,1,0.6502,2
2022-05-20 15:20:00,LONG,298.55,300.04,tp,0.004,1,0.7149,2
2022-05-21 01:25:00,LONG,299.85,301.35,tp,0.004,1,0.6687,2
2022-05-22 16:10:00,LONG,315.26,316.83,tp,0.004,1,0.663,2
2022-05-23 12:05:00,SHORT,334.73,333.06,tp,0.004025,1,0.6516,2
2022-05-23 14:05:00,LONG,326.56,328.2,tp,0.004,1,0.662,2
2022-05-23 14:15:00,SHORT,328.84,329.82,sl,-0.003991,0,0.6642,2
2022-05-24 00:15:00,SHORT,319.44,320.4,sl,-0.003991,0,0.6685,2
2022-05-24 14:10:00,LONG,313.86,315.43,tp,0.004,1,0.6541,2
2022-05-24 15:45:00,SHORT,323.24,321.62,tp,0.004025,1,0.6578,2
2022-05-25 05:50:00,LONG,331.07,330.07,sl,-0.004,0,0.6729,2
2022-05-25 11:30:00,LONG,324.96,326.59,tp,0.004,1,0.6543,2
2022-05-25 13:45:00,LONG,327.66,329.3,tp,0.004,1,0.6596,2
2022-05-25 14:45:00,LONG,327.46,329.1,tp,0.004,1,0.6746,2
2022-05-25 15:35:00,LONG,326.76,325.78,sl,-0.004,0,0.6554,2
2022-05-26 09:00:00,LONG,309.85,311.4,tp,0.004,1,0.691,2
2022-05-26 13:45:00,SHORT,309.05,307.5,tp,0.004025,1,0.687,2
2022-05-26 14:20:00,SHORT,312.64,311.08,tp,0.004025,1,0.668,2
2022-05-26 14:30:00,LONG,311.06,312.61,tp,0.004,1,0.6684,2
2022-05-26 19:35:00,LONG,309.15,310.7,tp,0.004,1,0.7036,2
2022-05-27 04:05:00,LONG,300.75,302.25,tp,0.004,1,0.6501,2
2022-05-27 12:45:00,SHORT,309.25,307.7,tp,0.004025,1,0.6703,2
2022-05-27 15:00:00,LONG,301.35,302.86,tp,0.004,1,0.6619,2
2022-05-27 19:15:00,LONG,296.25,297.73,tp,0.004,1,0.6816,2
2022-05-28 03:00:00,LONG,297.45,298.94,tp,0.004,1,0.6708,2
2022-05-30 02:40:00,SHORT,317.04,315.46,tp,0.004025,1,0.6925,2
2022-05-30 13:45:00,LONG,312.06,313.62,tp,0.004,1,0.6983,2
2022-05-31 17:30:00,SHORT,322.54,323.51,sl,-0.003991,0,0.6636,2
2022-06-01 15:35:00,LONG,306.95,306.03,sl,-0.004,0,0.6763,2
2022-06-01 16:15:00,SHORT,304.95,303.42,tp,0.004025,1,0.65,2
2022-06-01 16:30:00,LONG,303.35,302.44,sl,-0.004,0,0.6664,2
2022-06-06 21:25:00,SHORT,297.75,296.26,tp,0.004025,1,0.6784,2
2022-06-06 22:05:00,SHORT,297.55,296.06,tp,0.004025,1,0.6568,2
2022-06-07 01:20:00,SHORT,288.26,286.81,tp,0.004025,1,0.6749,2
2022-06-07 04:40:00,LONG,281.24,280.4,sl,-0.004,0,0.6556,2
2022-06-08 03:40:00,LONG,284.44,285.86,tp,0.004,1,0.6572,2
2022-06-10 12:30:00,LONG,286.74,288.18,tp,0.004,1,0.6614,2
2022-06-11 15:20:00,LONG,268.23,269.58,tp,0.004,1,0.6635,2
2022-06-11 15:40:00,LONG,265.93,267.26,tp,0.004,1,0.6935,2
2022-06-11 16:15:00,LONG,266.03,267.36,tp,0.004,1,0.6835,2
2022-06-12 02:25:00,LONG,260.23,259.45,sl,-0.004,0,0.6506,2
2022-06-12 02:40:00,LONG,257.03,258.31,tp,0.004,1,0.6599,2
2022-06-12 05:00:00,LONG,253.73,255.0,tp,0.004,1,0.6971,2
2022-06-12 05:30:00,LONG,252.33,253.59,tp,0.004,1,0.6605,2
2022-06-12 13:00:00,LONG,257.63,256.86,sl,-0.004,0,0.6744,2
2022-06-12 13:50:00,LONG,256.13,255.36,sl,-0.004,0,0.6539,2
2022-06-12 14:15:00,LONG,253.23,254.49,tp,0.004,1,0.7167,2
2022-06-12 15:15:00,SHORT,266.97,265.63,tp,0.004025,1,0.6554,2
2022-06-12 16:00:00,LONG,264.13,265.45,tp,0.004,1,0.6555,2
2022-06-12 19:15:00,LONG,262.83,262.04,sl,-0.004,0,0.7073,2
2022-06-12 20:05:00,LONG,262.13,261.34,sl,-0.004,0,0.6868,2
2022-06-12 23:00:00,LONG,258.03,259.32,tp,0.004,1,0.6639,2
2022-06-13 01:25:00,LONG,243.22,244.44,tp,0.004,1,0.7024,2
2022-06-13 03:10:00,SHORT,237.28,236.09,tp,0.004025,1,0.6501,2
2022-06-13 06:45:00,LONG,236.72,237.9,tp,0.004,1,0.676,2
2022-06-13 08:30:00,SHORT,232.48,231.32,tp,0.004025,1,0.6681,2
2022-06-13 09:15:00,SHORT,227.59,226.45,tp,0.004025,1,0.6905,2
2022-06-13 12:30:00,SHORT,225.79,224.66,tp,0.004025,1,0.693,2
2022-06-13 13:00:00,LONG,220.41,221.51,tp,0.004,1,0.6894,2
2022-06-13 13:20:00,LONG,220.31,221.41,tp,0.004,1,0.7118,2
2022-06-13 13:30:00,SHORT,224.19,223.07,tp,0.004025,1,0.6601,2
2022-06-13 15:15:00,SHORT,220.89,221.55,sl,-0.003991,0,0.6548,2
2022-06-13 17:35:00,LONG,223.61,224.73,tp,0.004,1,0.703,2
2022-06-13 19:50:00,LONG,224.81,225.94,tp,0.004,1,0.6582,2
2022-06-13 21:40:00,LONG,224.51,225.63,tp,0.004,1,0.7118,2
2022-06-14 00:10:00,SHORT,225.69,224.56,tp,0.004025,1,0.6797,2
2022-06-14 02:15:00,SHORT,209.6,208.55,tp,0.004025,1,0.6593,2
2022-06-14 03:30:00,SHORT,219.19,218.09,tp,0.004025,1,0.717,2
2022-06-14 04:00:00,SHORT,223.29,222.17,tp,0.004025,1,0.688,2
2022-06-14 04:40:00,SHORT,218.19,218.85,sl,-0.003991,0,0.6798,2
2022-06-14 04:50:00,LONG,216.61,217.69,tp,0.004,1,0.6781,2
2022-06-14 14:40:00,LONG,221.71,222.82,tp,0.004,1,0.6806,2
2022-06-14 23:35:00,SHORT,223.49,222.37,tp,0.004025,1,0.6584,2
2022-06-14 23:50:00,SHORT,223.69,222.57,tp,0.004025,1,0.6857,2
2022-06-15 05:50:00,SHORT,212.39,211.33,tp,0.004025,1,0.6564,2
2022-06-15 09:45:00,LONG,199.0,199.99,tp,0.004,1,0.7146,2
2022-06-15 10:40:00,SHORT,207.5,206.46,tp,0.004025,1,0.6946,2
2022-06-15 13:00:00,LONG,212.71,213.77,tp,0.004,1,0.6628,2
2022-06-15 14:55:00,LONG,211.81,212.86,tp,0.004,1,0.6697,2
2022-06-15 15:30:00,LONG,211.31,212.36,tp,0.004,1,0.7072,2
2022-06-15 23:20:00,SHORT,233.98,232.81,tp,0.004025,1,0.674,2
2022-06-16 00:05:00,SHORT,236.28,235.1,tp,0.004025,1,0.7239,2
2022-06-16 01:55:00,LONG,230.92,232.07,tp,0.004,1,0.6829,2
2022-06-16 03:15:00,LONG,229.71,230.86,tp,0.004,1,0.7164,2
2022-06-16 05:50:00,LONG,226.71,227.85,tp,0.004,1,0.7013,2
2022-06-16 07:50:00,LONG,222.21,221.54,sl,-0.004,0,0.6981,2
2022-06-16 11:20:00,LONG,215.41,216.48,tp,0.004,1,0.6709,2
2022-06-16 11:30:00,SHORT,217.59,216.5,tp,0.004025,1,0.6503,2
2022-06-16 12:15:00,LONG,214.91,215.98,tp,0.004,1,0.6794,2
2022-06-16 22:10:00,LONG,213.31,212.67,sl,-0.004,0,0.6528,2
2022-06-17 03:20:00,SHORT,215.39,214.32,tp,0.004025,1,0.6576,2
2022-06-17 07:20:00,SHORT,221.39,222.05,sl,-0.003991,0,0.6585,2
2022-06-17 08:30:00,SHORT,221.19,220.08,tp,0.004025,1,0.6715,2
2022-06-18 02:00:00,LONG,210.81,211.86,tp,0.004,1,0.6758,2
2022-06-18 08:15:00,LONG,197.3,198.29,tp,0.004,1,0.6972,2
2022-06-18 10:55:00,SHORT,204.3,203.28,tp,0.004025,1,0.6649,2
2022-06-18 11:25:00,SHORT,204.8,203.77,tp,0.004025,1,0.6765,2
2022-06-18 13:00:00,LONG,201.4,202.41,tp,0.004,1,0.6868,2
2022-06-18 16:45:00,LONG,197.6,198.59,tp,0.004,1,0.682,2
2022-06-18 19:40:00,LONG,189.19,188.63,sl,-0.004,0,0.6596,2
2022-06-18 21:00:00,SHORT,189.61,188.66,tp,0.004025,1,0.6966,2
2022-06-18 21:25:00,SHORT,196.1,195.12,tp,0.004025,1,0.6564,2
2022-06-18 21:40:00,SHORT,195.6,194.62,tp,0.004025,1,0.6666,2
2022-06-18 23:00:00,SHORT,199.0,198.01,tp,0.004025,1,0.7076,2
2022-06-19 02:30:00,LONG,192.0,192.96,tp,0.004,1,0.7175,2
2022-06-19 04:00:00,LONG,192.2,193.16,tp,0.004,1,0.6731,2
2022-06-19 05:35:00,LONG,190.1,191.05,tp,0.004,1,0.7158,2
2022-06-19 07:30:00,LONG,194.0,193.41,sl,-0.004,0,0.6544,2
2022-06-19 08:10:00,LONG,192.9,193.86,tp,0.004,1,0.6611,2
2022-06-19 10:20:00,SHORT,207.9,206.86,tp,0.004025,1,0.6568,2
2022-06-19 10:35:00,LONG,205.5,206.53,tp,0.004,1,0.66,2
2022-06-19 11:30:00,SHORT,208.3,207.25,tp,0.004025,1,0.6806,2
2022-06-19 13:10:00,LONG,206.2,207.23,tp,0.004,1,0.6523,2
2022-06-19 13:55:00,LONG,205.3,206.33,tp,0.004,1,0.6676,2
2022-06-19 17:15:00,LONG,205.9,206.93,tp,0.004,1,0.6832,2
2022-06-19 17:50:00,LONG,206.0,207.03,tp,0.004,1,0.6749,2
2022-06-19 21:50:00,LONG,213.21,212.57,sl,-0.004,0,0.6665,2
2022-06-19 22:05:00,LONG,212.71,213.77,tp,0.004,1,0.6847,2
2022-06-19 22:55:00,SHORT,215.29,214.22,tp,0.004025,1,0.6592,2
2022-06-20 07:20:00,LONG,205.9,205.29,sl,-0.004,0,0.6505,2
2022-06-20 09:45:00,SHORT,212.49,211.43,tp,0.004025,1,0.6694,2
2022-06-20 12:40:00,LONG,212.21,213.27,tp,0.004,1,0.6646,2
2022-06-20 19:05:00,LONG,212.11,213.17,tp,0.004,1,0.6732,2
2022-06-20 22:15:00,LONG,213.41,214.47,tp,0.004,1,0.6522,2
2022-06-21 12:25:00,LONG,220.11,221.21,tp,0.004,1,0.6681,2
2022-06-21 14:10:00,LONG,226.11,225.43,sl,-0.004,0,0.6875,2
2022-06-21 20:10:00,LONG,219.11,220.21,tp,0.004,1,0.6705,2
2022-06-22 06:30:00,LONG,212.51,213.57,tp,0.004,1,0.6546,2
2022-06-22 07:05:00,LONG,212.11,213.17,tp,0.004,1,0.705,2
2022-06-23 01:25:00,SHORT,221.19,220.08,tp,0.004025,1,0.681,2
2022-06-23 14:05:00,LONG,223.71,224.83,tp,0.004,1,0.6931,2
2022-06-23 15:50:00,SHORT,222.99,223.41,timeout,-0.002894,0,0.6609,2
2022-06-23 16:00:00,LONG,222.21,223.32,tp,0.004,1,0.677,2
2022-06-24 12:50:00,LONG,238.72,239.91,tp,0.004,1,0.6722,2
2022-06-24 13:55:00,LONG,238.92,240.11,tp,0.004,1,0.6511,2
2022-06-24 15:15:00,LONG,235.12,234.41,sl,-0.004,0,0.7225,2
2022-06-24 15:35:00,LONG,235.12,234.41,sl,-0.004,0,0.6952,2
2022-06-24 16:10:00,LONG,234.52,233.81,sl,-0.004,0,0.6929,2
2022-06-25 23:10:00,SHORT,240.08,238.88,tp,0.004025,1,0.6634,2
2022-06-28 00:40:00,LONG,233.02,234.18,tp,0.004,1,0.6624,2
2022-06-28 14:45:00,LONG,234.92,236.09,tp,0.004,1,0.6529,2
2022-06-28 23:10:00,SHORT,228.49,227.34,tp,0.004025,1,0.6564,2
2022-06-29 12:35:00,LONG,218.11,219.2,tp,0.004,1,0.6797,2
2022-06-29 12:55:00,LONG,217.51,218.6,tp,0.004,1,0.7247,2
2022-06-29 16:50:00,LONG,216.61,217.69,tp,0.004,1,0.6993,2
2022-06-29 18:20:00,LONG,218.81,218.15,sl,-0.004,0,0.6764,2
2022-06-30 08:20:00,LONG,208.7,208.08,sl,-0.004,0,0.6924,2
2022-06-30 13:40:00,LONG,207.4,208.44,tp,0.004,1,0.6966,2
2022-06-30 18:40:00,LONG,212.01,213.07,tp,0.004,1,0.6645,2
2022-06-30 20:45:00,LONG,210.31,211.36,tp,0.004,1,0.684,2
2022-07-05 00:10:00,SHORT,232.38,233.08,sl,-0.003991,0,0.642,3
2022-07-05 00:30:00,SHORT,232.48,233.18,sl,-0.003991,0,0.6556,3
2022-07-13 13:15:00,LONG,216.91,217.99,tp,0.004,1,0.6899,3
2022-07-20 00:40:00,LONG,266.23,267.56,tp,0.004,1,0.6523,3
2022-07-21 14:30:00,LONG,256.33,257.61,tp,0.004,1,0.6723,3
2022-07-25 01:05:00,LONG,256.63,255.86,sl,-0.004,0,0.6587,3
2022-07-30 13:30:00,SHORT,296.25,294.77,tp,0.004025,1,0.6625,3
2022-08-02 02:00:00,LONG,278.34,279.73,tp,0.004,1,0.6503,3
2022-08-23 00:50:00,LONG,295.55,297.03,tp,0.004,1,0.6757,3
2022-09-01 00:40:00,LONG,275.64,277.02,tp,0.004,1,0.6529,3
2022-09-09 13:25:00,LONG,290.14,291.6,tp,0.004,1,0.667,3
2022-09-13 12:50:00,LONG,282.44,283.85,tp,0.004,1,0.6958,3
2022-10-29 10:30:00,LONG,302.85,301.94,sl,-0.004,0,0.6501,4
2022-10-31 12:40:00,SHORT,337.03,335.35,tp,0.004025,1,0.6859,4
2022-10-31 14:15:00,SHORT,329.14,327.49,tp,0.004025,1,0.6511,4
2022-10-31 15:00:00,LONG,322.86,324.48,tp,0.004,1,0.6582,4
2022-10-31 16:05:00,LONG,322.96,324.58,tp,0.004,1,0.6737,4
2022-11-03 13:55:00,LONG,323.06,324.68,tp,0.004,1,0.65,4
2022-11-04 13:15:00,LONG,352.08,353.84,tp,0.004,1,0.6661,4
2022-11-06 23:10:00,LONG,343.27,344.99,tp,0.004,1,0.6622,4
2022-11-07 00:25:00,LONG,335.27,334.26,sl,-0.004,0,0.6529,4
2022-11-07 08:20:00,LONG,327.96,329.6,tp,0.004,1,0.6631,4
2022-11-07 16:40:00,LONG,336.07,335.06,sl,-0.004,0,0.6781,4
2022-11-08 04:15:00,LONG,319.56,321.16,tp,0.004,1,0.744,4
2022-11-08 05:10:00,LONG,314.66,316.23,tp,0.004,1,0.6846,4
2022-11-08 06:30:00,SHORT,324.84,323.21,tp,0.004025,1,0.6543,4
2022-11-08 10:05:00,LONG,329.36,328.38,sl,-0.004,0,0.6593,4
2022-11-08 14:45:00,LONG,320.96,322.57,tp,0.004,1,0.6565,4
2022-11-08 15:25:00,LONG,322.06,323.67,tp,0.004,1,0.653,4
2022-11-08 16:55:00,LONG,375.59,377.47,tp,0.004,1,0.6608,4
2022-11-08 17:50:00,LONG,350.17,351.93,tp,0.004,1,0.6811,4
2022-11-08 18:30:00,SHORT,341.73,340.02,tp,0.004025,1,0.6653,4
2022-11-08 20:00:00,SHORT,319.94,318.34,tp,0.004025,1,0.6708,4
2022-11-08 20:10:00,LONG,315.46,317.03,tp,0.004,1,0.6671,4
2022-11-08 20:25:00,LONG,313.96,315.53,tp,0.004,1,0.7084,4
2022-11-08 21:00:00,LONG,316.36,317.94,tp,0.004,1,0.6857,4
2022-11-08 23:40:00,SHORT,333.53,331.87,tp,0.004025,1,0.6541,4
2022-11-09 00:20:00,SHORT,332.63,330.97,tp,0.004025,1,0.6868,4
2022-11-09 02:40:00,LONG,319.56,321.16,tp,0.004,1,0.7237,4
2022-11-09 02:55:00,LONG,318.36,317.4,sl,-0.004,0,0.6904,4
2022-11-09 03:10:00,LONG,316.76,318.34,tp,0.004,1,0.7442,4
2022-11-09 03:30:00,LONG,317.46,319.05,tp,0.004,1,0.7244,4
2022-11-09 06:55:00,LONG,316.76,318.34,tp,0.004,1,0.6641,4
2022-11-09 07:45:00,LONG,315.26,316.83,tp,0.004,1,0.6985,4
2022-11-09 08:35:00,LONG,305.25,306.78,tp,0.004,1,0.7012,4
2022-11-09 09:15:00,LONG,298.85,300.34,tp,0.004,1,0.7546,4
2022-11-09 11:05:00,LONG,297.85,299.34,tp,0.004,1,0.6748,4
2022-11-09 12:05:00,LONG,304.75,306.28,tp,0.004,1,0.6548,4
2022-11-09 12:25:00,LONG,302.55,304.06,tp,0.004,1,0.6534,4
2022-11-09 13:35:00,LONG,297.15,298.63,tp,0.004,1,0.6952,4
2022-11-09 14:30:00,LONG,294.35,295.82,tp,0.004,1,0.675,4
2022-11-09 14:55:00,LONG,299.65,301.15,tp,0.004,1,0.6753,4
2022-11-09 15:40:00,LONG,291.35,292.8,tp,0.004,1,0.7019,4
2022-11-09 17:00:00,LONG,290.25,291.7,tp,0.004,1,0.6562,4
2022-11-09 18:40:00,LONG,276.14,277.52,tp,0.004,1,0.6884,4
2022-11-09 19:20:00,SHORT,286.46,285.02,tp,0.004025,1,0.6616,4
2022-11-09 20:05:00,LONG,278.64,280.03,tp,0.004,1,0.7144,4
2022-11-09 21:25:00,LONG,263.93,265.25,tp,0.004,1,0.7507,4
2022-11-09 21:50:00,LONG,262.93,264.25,tp,0.004,1,0.7128,4
2022-11-09 22:00:00,SHORT,264.27,262.95,tp,0.004025,1,0.6576,4
2022-11-09 22:10:00,LONG,263.63,264.95,tp,0.004,1,0.6543,4
2022-11-09 23:05:00,LONG,266.13,267.46,tp,0.004,1,0.6955,4
2022-11-09 23:55:00,SHORT,267.17,265.83,tp,0.004025,1,0.6635,4
2022-11-10 00:00:00,LONG,264.83,266.16,tp,0.004,1,0.7222,4
2022-11-10 01:00:00,SHORT,274.56,273.19,tp,0.004025,1,0.6642,4
2022-11-10 01:35:00,SHORT,273.46,272.1,tp,0.004025,1,0.6622,4
2022-11-10 02:05:00,LONG,271.54,272.89,tp,0.004,1,0.6669,4
2022-11-10 04:10:00,LONG,282.04,283.45,tp,0.004,1,0.6642,4
2022-11-10 06:55:00,LONG,282.14,281.29,sl,-0.004,0,0.6682,4
2022-11-10 09:40:00,LONG,278.44,277.6,sl,-0.004,0,0.6593,4
2022-11-10 10:50:00,LONG,273.44,274.8,tp,0.004,1,0.7409,4
2022-11-10 12:25:00,LONG,278.54,279.93,tp,0.004,1,0.6785,4
2022-11-10 15:00:00,LONG,309.15,310.7,tp,0.004,1,0.6531,4
2022-11-10 15:05:00,SHORT,310.94,309.39,tp,0.004025,1,0.6589,4
2022-11-10 18:25:00,LONG,297.45,298.94,tp,0.004,1,0.6886,4
2022-11-11 02:10:00,LONG,293.55,295.01,tp,0.004,1,0.7154,4
2022-11-11 03:05:00,LONG,291.55,293.0,tp,0.004,1,0.6685,4
2022-11-11 04:00:00,LONG,290.55,292.0,tp,0.004,1,0.6714,4
2022-11-11 15:05:00,LONG,283.84,285.26,tp,0.004,1,0.7252,4
2022-11-11 16:30:00,LONG,281.84,283.25,tp,0.004,1,0.6527,4
2022-11-11 20:35:00,LONG,285.64,287.07,tp,0.004,1,0.6944,4
2022-11-12 03:20:00,LONG,284.24,283.39,sl,-0.004,0,0.7017,4
2022-11-12 07:40:00,LONG,285.84,287.27,tp,0.004,1,0.6569,4
2022-11-12 14:35:00,LONG,282.04,283.45,tp,0.004,1,0.6522,4
2022-11-13 13:00:00,LONG,279.24,280.64,tp,0.004,1,0.6707,4
2022-11-13 21:00:00,LONG,273.44,274.8,tp,0.004,1,0.7191,4
2022-11-13 23:40:00,LONG,275.44,276.81,tp,0.004,1,0.6776,4
2022-11-14 00:05:00,LONG,275.94,277.32,tp,0.004,1,0.6696,4
2022-11-14 02:10:00,LONG,268.73,270.08,tp,0.004,1,0.6735,4
2022-11-14 04:40:00,LONG,268.53,269.88,tp,0.004,1,0.6517,4
2022-11-14 07:15:00,LONG,275.94,277.32,tp,0.004,1,0.6699,4
2022-11-14 07:45:00,LONG,280.04,281.44,tp,0.004,1,0.6936,4
2022-11-14 12:05:00,LONG,282.34,283.75,tp,0.004,1,0.6808,4
2022-11-14 13:50:00,LONG,282.54,283.95,tp,0.004,1,0.6781,4
2022-11-14 15:45:00,LONG,277.84,279.23,tp,0.004,1,0.6926,4
2022-11-15 09:30:00,LONG,274.34,275.71,tp,0.004,1,0.6745,4
2022-11-15 11:15:00,LONG,275.64,277.02,tp,0.004,1,0.667,4
2022-11-15 19:00:00,LONG,273.74,275.11,tp,0.004,1,0.6622,4
2022-11-17 15:50:00,LONG,265.73,267.06,tp,0.004,1,0.6598,4
2022-11-21 19:35:00,LONG,250.93,252.18,tp,0.004,1,0.6722,4
2022-11-22 14:35:00,LONG,261.83,263.14,tp,0.004,1,0.6652,4
2022-11-23 12:55:00,LONG,295.95,297.43,tp,0.004,1,0.6778,4
2022-11-23 13:55:00,LONG,294.75,296.22,tp,0.004,1,0.661,4
2022-11-23 15:20:00,SHORT,296.55,295.07,tp,0.004025,1,0.6531,4
2022-12-13 07:00:00,LONG,255.93,257.21,tp,0.004,1,0.7449,4
2022-12-13 11:05:00,LONG,266.33,267.66,tp,0.004,1,0.7079,4
2022-12-13 12:30:00,LONG,266.93,266.13,sl,-0.004,0,0.6575,4
2022-12-13 13:00:00,LONG,264.63,265.96,tp,0.004,1,0.6979,4
2022-12-13 13:50:00,LONG,272.04,273.4,tp,0.004,1,0.6943,4
2022-12-13 15:55:00,LONG,273.44,274.8,tp,0.004,1,0.6734,4
2022-12-13 17:20:00,LONG,270.44,269.62,sl,-0.004,0,0.6886,4
2022-12-14 19:30:00,LONG,265.93,267.26,tp,0.004,1,0.6871,4
2022-12-16 16:50:00,LONG,241.22,242.43,tp,0.004,1,0.7114,4
2022-12-16 22:35:00,LONG,228.31,229.46,tp,0.004,1,0.7638,4
2022-12-16 23:30:00,LONG,226.91,228.05,tp,0.004,1,0.676,4
2022-12-17 01:25:00,LONG,229.51,230.66,tp,0.004,1,0.6521,4
2022-12-17 02:10:00,LONG,220.51,221.61,tp,0.004,1,0.7589,4
2022-12-17 02:30:00,SHORT,228.29,227.14,tp,0.004025,1,0.662,4
2022-12-17 04:00:00,LONG,229.01,228.33,sl,-0.004,0,0.6681,4
2022-12-17 04:15:00,LONG,228.71,229.86,tp,0.004,1,0.6755,4
2022-12-17 06:10:00,LONG,228.01,229.15,tp,0.004,1,0.6828,4
2022-12-17 07:25:00,LONG,230.32,231.47,tp,0.004,1,0.6541,4
2022-12-17 09:35:00,LONG,234.62,235.79,tp,0.004,1,0.6773,4
2022-12-18 09:35:00,LONG,244.42,245.64,tp,0.004,1,0.6646,4
2022-12-19 17:30:00,LONG,242.02,243.23,tp,0.004,1,0.6731,4
2022-12-19 18:50:00,LONG,240.92,242.13,tp,0.004,1,0.6892,4
