symbol,interval,strategy,전체_수익률%,전체_CAGR%,MDD%,Sharpe,손익비,거래수,노출%,학습_CAGR%,홀드아웃_CAGR%,BH_수익률%,BH_CAGR%,BH_MDD%,BH_Sharpe,BH대비_CAGR차
BTCUSDT,1d,"Donchian(20,10)",451.129290016475,20.980119567577127,-67.8671302813767,0.6143499433256988,1.1199224551861993,157,72.63833690003058,41.946075332613006,-12.104423896651895,1367.6010716252672,34.95155869466551,-83.18705353076483,0.7863357340355827,-13.97143912708838
BTCUSDT,1d,"Donchian(55,20)",380.4163163294272,19.14051013249807,-74.5243404891309,0.5892605359955735,1.1206473863111288,77,65.82084989299908,36.705331550231456,-3.605850548283507,1367.6010716252672,34.95155869466551,-83.18705353076483,0.7863357340355827,-15.81104856216744
BTCUSDT,1d,"Donchian(20,5)",34.521527159520126,3.3645092276233246,-71.03753115388922,0.32565770305322167,1.0717017276365661,217,54.90675634362581,11.868712042187845,-15.22660983892562,1367.6010716252672,34.95155869466551,-83.18705353076483,0.7863357340355827,-31.587049467042185
BTCUSDT,1d,"Donchian(40,15)",538.7474106903497,22.988356768097074,-71.11111979876328,0.6439802004557585,1.1347202633685232,99,64.62855395903392,41.080698154076664,-3.829957397615147,1367.6010716252672,34.95155869466551,-83.18705353076483,0.7863357340355827,-11.963201926568434
BTCUSDT,1d,"Donchian(100,25)",102.7452873069719,8.206067599461807,-74.5748102340442,0.40994745277603034,1.0903917035759687,51,52.98073983491287,9.115729834441533,7.207961149033482,1367.6010716252672,34.95155869466551,-83.18705353076483,0.7863357340355827,-26.7454910952037
BTCUSDT,1d,"MA교차(10,50)",210.99604919692814,13.497128948941771,-85.3260647817983,0.519475960151224,1.0859596109014285,79,98.47141546927544,22.85858400145053,-7.3046099695763145,1367.6010716252672,34.95155869466551,-83.18705353076483,0.7863357340355827,-21.454429745723736
BTCUSDT,1d,"MA교차(20,100)",290.82250567000426,16.427890505588106,-82.44518118469193,0.5638303569927686,1.0946853454733378,34,96.94283093855091,20.006679831949924,6.870113446652981,1367.6010716252672,34.95155869466551,-83.18705353076483,0.7863357340355827,-18.5236681890774
BTCUSDT,1d,"MA교차(50,200)",-4.058690870619941,-0.46127597060433567,-73.91541818809951,0.3005939465879315,1.0497019885698378,18,93.8856618771018,8.727602648454669,-10.596346883353869,1367.6010716252672,34.95155869466551,-83.18705353076483,0.7863357340355827,-35.41283466526984
BTCUSDT,1d,"MA교차(5,20)",388.76675490688484,19.369825734317647,-87.56907255444484,0.5963500916369335,1.0991794464069244,180,99.38856618771018,20.95267724604557,8.53499572981109,1367.6010716252672,34.95155869466551,-83.18705353076483,0.7863357340355827,-15.58173296034786
BTCUSDT,1d,"MA교차(20,50)",62.99463204906661,5.602867829164593,-83.82614571406238,0.41012747813049777,1.067282435333883,74,98.47141546927544,16.74545405159065,-10.682166516708502,1367.6010716252672,34.95155869466551,-83.18705353076483,0.7863357340355827,-29.348690865500913
BTCUSDT,1d,"Supertrend(10,3.0)",182.05548818970829,12.26679735516365,-67.3057099577998,0.5055442188550024,1.0835557544078998,82,99.17456435340874,29.068826897133725,-9.5195763192642,1367.6010716252672,34.95155869466551,-83.18705353076483,0.7863357340355827,-22.684761339501858
BTCUSDT,1d,"Supertrend(14,2.5)",358.99476073477194,18.535632404291015,-79.2397080564751,0.5867075526829935,1.0976272132652152,102,99.17456435340874,29.575046442591034,-2.130982071359977,1367.6010716252672,34.95155869466551,-83.18705353076483,0.7863357340355827,-16.415926290374493
BTCUSDT,1d,"Supertrend(7,2.0)",897.3481852816087,29.25816588682604,-75.4744804849887,0.7147989379693744,1.1198285223848021,134,99.54142464078264,37.37324507736473,16.943422640949724,1367.6010716252672,34.95155869466551,-83.18705353076483,0.7863357340355827,-5.69339280783947
BTCUSDT,1d,"Supertrend(20,3.0)",26.069981957018552,2.618798059735261,-88.9158512997677,0.3703417206520169,1.060412137622636,80,99.14399266279426,14.474867248783795,-18.10808107584053,1367.6010716252672,34.95155869466551,-83.18705353076483,0.7863357340355827,-32.332760634930246
ETHUSDT,1d,"Donchian(20,10)",60.47340304683166,5.41932810793202,-85.12184863248439,0.4601004296148925,1.0831796933978315,155,75.81779272393764,24.69244749024202,-21.58149897950733,516.7549668874173,22.508448768312974,-93.96550481981527,0.6736436679719827,-17.089120660380953
ETHUSDT,1d,"Donchian(55,20)",741.2262863072821,26.82589739218171,-75.3528472085412,0.6925785149696095,1.144255397741428,75,61.47966982574137,36.04482928468094,11.528213438166768,516.7549668874173,22.508448768312974,-93.96550481981527,0.6736436679719827,4.317448623868736
ETHUSDT,1d,"Donchian(20,5)",203.12020944630137,13.172732650254337,-73.016866481581,0.5243288710689347,1.1096336750659739,205,58.88107612350964,23.885822333097305,-5.990919570861452,516.7549668874173,22.508448768312974,-93.96550481981527,0.6736436679719827,-9.335716118058635
ETHUSDT,1d,"Donchian(40,15)",390.1924934035233,19.4086303177772,-80.75435531142018,0.6070765793277838,1.1212213966317166,97,65.69856313054112,38.6863456718531,-6.803353435339343,516.7549668874173,22.508448768312974,-93.96550481981527,0.6736436679719827,-3.099818450535774
ETHUSDT,1d,"Donchian(100,25)",30.88969634988579,3.049310694904306,-81.00278150557476,0.37864699830426457,1.0842322643875408,50,49.312136961173955,10.552343089145833,-10.25328133921295,516.7549668874173,22.508448768312974,-93.96550481981527,0.6736436679719827,-19.459138073408667
ETHUSDT,1d,"MA교차(10,50)",587.1801047395754,23.995498489093457,-90.77040237396672,0.6867977874151294,1.1120240374626316,78,98.47141546927544,26.77335889123851,13.46024499419709,516.7549668874173,22.508448768312974,-93.96550481981527,0.6736436679719827,1.4870497207804867
ETHUSDT,1d,"MA교차(20,100)",97.537377697565,7.892316903715213,-93.7005588729282,0.5209652384027151,1.0845720157934386,32,96.94283093855091,13.269890664815854,2.9095885218253237,516.7549668874173,22.508448768312974,-93.96550481981527,0.6736436679719827,-14.616131864597758
ETHUSDT,1d,"MA교차(50,200)",-65.44398025226205,-11.181098502338694,-93.06123413021773,0.26537664711922593,1.0428028003571639,18,93.8856618771018,4.500145758916441,-29.51361171524203,516.7549668874173,22.508448768312974,-93.96550481981527,0.6736436679719827,-33.689547270651666
ETHUSDT,1d,"MA교차(5,20)",117.52965825778281,9.059264189657812,-91.59317409764223,0.5320656630992693,1.0855043359210934,183,99.38856618771018,43.83734765589653,-32.20407451176497,516.7549668874173,22.508448768312974,-93.96550481981527,0.6736436679719827,-13.44918457865516
ETHUSDT,1d,"MA교차(20,50)",631.8086275629842,24.869174902114246,-89.69618862313196,0.694151615457323,1.1133057640325696,62,98.47141546927544,43.400488270591396,0.08959529181062909,516.7549668874173,22.508448768312974,-93.96550481981527,0.6736436679719827,2.360726133801272
ETHUSDT,1d,"Supertrend(10,3.0)",2275.2936368727737,42.40056550445039,-70.75111350437477,0.8410773494320581,1.1384158370284536,74,99.44970956893916,75.33559794946292,1.2089285716559761,516.7549668874173,22.508448768312974,-93.96550481981527,0.6736436679719827,19.89211673613742
ETHUSDT,1d,"Supertrend(14,2.5)",2530.0060923014985,44.02843669984544,-76.94142328706435,0.8529065149711978,1.1405020724083965,90,99.44970956893916,98.86898975591106,-15.490998066311922,516.7549668874173,22.508448768312974,-93.96550481981527,0.6736436679719827,21.51998793153247
ETHUSDT,1d,"Supertrend(7,2.0)",1339.51898391469,34.66093427889023,-78.97010934004943,0.7743199476666804,1.1268019704525896,130,99.51085295016814,82.63024475999342,-14.96798030237294,516.7549668874173,22.508448768312974,-93.96550481981527,0.6736436679719827,12.152485510577261
ETHUSDT,1d,"Supertrend(20,3.0)",1654.88858975739,37.670745726711985,-83.16895360088233,0.8010733371967702,1.132205508511138,70,97.9516967288291,86.97813478232699,-12.56027297974115,516.7549668874173,22.508448768312974,-93.96550481981527,0.6736436679719827,15.162296958399013
BNBUSDT,1d,"Donchian(20,10)",612.4307410577071,25.19035402400931,-87.67757495041364,0.6655795203117338,1.1534898959211703,152,68.77742946708464,60.38942382514358,-13.88190306953323,37265.3723742839,96.94370339117945,-80.01769911504425,1.1650174478057906,-71.75334936717015
BNBUSDT,1d,"Donchian(55,20)",345.8316808321327,18.652851038258934,-80.99418105991343,0.5936349199813259,1.1282005252810767,68,69.3103448275862,31.46444458549651,4.198780163601867,37265.3723742839,96.94370339117945,-80.01769911504425,1.1650174478057906,-78.29085235292052
BNBUSDT,1d,"Donchian(20,5)",-2.162849957480839,-0.24987618132128464,-88.1237224899984,0.36798893313905107,1.0992553438955586,210,47.80564263322884,8.50423054666769,-14.119439039396875,37265.3723742839,96.94370339117945,-80.01769911504425,1.1650174478057906,-97.19357957250074
BNBUSDT,1d,"Donchian(40,15)",807.9600536906481,28.712894447718362,-88.49235038512445,0.6954870344216185,1.1643996625937922,96,65.70532915360502,51.09118680746396,4.85396471263051,37265.3723742839,96.94370339117945,-80.01769911504425,1.1650174478057906,-68.2308089434611
BNBUSDT,1d,"Donchian(100,25)",660.2161620233036,26.12375087404679,-80.31839473066765,0.6667351077706867,1.1641260802409434,45,53.76175548589342,32.662974332744945,21.524278119996644,37265.3723742839,96.94370339117945,-80.01769911504425,1.1650174478057906,-70.81995251713266
BNBUSDT,1d,"MA교차(10,50)",385.23560402744107,19.808255987110446,-93.76535279260617,0.6385412134892187,1.1179424103023876,78,98.43260188087774,45.7592764351713,-4.697360185804622,37265.3723742839,96.94370339117945,-80.01769911504425,1.1650174478057906,-77.13544740406901
BNBUSDT,1d,"MA교차(20,100)",827.6295300796186,29.02891889553343,-86.47382676892911,0.7174023610879552,1.1290196962724655,32,96.86520376175548,24.916786203625495,41.904065101024024,37265.3723742839,96.94370339117945,-80.01769911504425,1.1650174478057906,-67.91478449564603
BNBUSDT,1d,"MA교차(50,200)",62.478843106876106,5.71080624203093,-91.41040216840152,0.46973247991837974,1.0844137650382546,24,93.73040752351098,0.08856493246636177,31.70833852453454,37265.3723742839,96.94370339117945,-80.01769911504425,1.1650174478057906,-91.23289714914853
BNBUSDT,1d,"MA교차(5,20)",6021.155997636631,60.121479807385356,-88.4251646966409,0.9449615369328052,1.1807576377486273,191,99.37304075235109,120.55212446064183,-1.5013506419341849,37265.3723742839,96.94370339117945,-80.01769911504425,1.1650174478057906,-36.8222235837941
BNBUSDT,1d,"MA교차(20,50)",711.8586710746112,27.07578705550102,-89.3188104629051,0.6990851113027852,1.1298075872401778,66,98.43260188087774,57.5632906534038,-4.94665919775602,37265.3723742839,96.94370339117945,-80.01769911504425,1.1650174478057906,-69.86791633567844
BNBUSDT,1d,"Supertrend(10,3.0)",3431.9520099856495,50.357103144126405,-89.92856351335344,0.8789534120538833,1.1674019256267731,72,99.21630094043887,95.60384848314301,-0.31285529158584513,37265.3723742839,96.94370339117945,-80.01769911504425,1.1650174478057906,-46.586600247053056
BNBUSDT,1d,"Supertrend(14,2.5)",-28.43716301741701,-3.7560718413057415,-91.08413816081584,0.42596119984659686,1.0778866319571572,100,99.15360501567399,13.120891885006136,-27.073400266255188,37265.3723742839,96.94370339117945,-80.01769911504425,1.1650174478057906,-100.6997752324852
BNBUSDT,1d,"Supertrend(7,2.0)",-93.64230629609165,-27.041908417333936,-98.35137911784956,0.14179031132217423,1.0252041007761497,151,99.40438871473354,-29.908009856507533,-23.60215535586889,37265.3723742839,96.94370339117945,-80.01769911504425,1.1650174478057906,-123.9856118085134
BNBUSDT,1d,"Supertrend(20,3.0)",205.15839865104647,13.615979859730487,-92.94699162287465,0.5918799387426096,1.1099105668072786,74,99.12225705329153,38.62462465153993,-12.988540118545721,37265.3723742839,96.94370339117945,-80.01769911504425,1.1650174478057906,-83.32772353144897
SOLUSDT,1d,"Donchian(20,10)",134.3642189809758,15.31955209929119,-83.9607079103832,0.6650861500158645,1.1278490147546156,108,73.03988995873453,102.10248005228033,-20.701999618974988,2109.1859936334695,67.86618473936055,-96.26992725584275,1.0198230123860745,-52.546632640069355
SOLUSDT,1d,"Donchian(55,20)",1553.978626481946,59.928686022379885,-79.65299170767219,0.967669952901859,1.2118316014900994,51,57.54241173773499,301.88854347060925,-8.410956642933865,2109.1859936334695,67.86618473936055,-96.26992725584275,1.0198230123860745,-7.937498716980662
SOLUSDT,1d,"Donchian(20,5)",396.3679759351338,30.751246227339514,-77.31318757985419,0.7666682953668371,1.1730053815094694,146,55.47913801008711,103.38413017927665,-8.053980463353106,2109.1859936334695,67.86618473936055,-96.26992725584275,1.0198230123860745,-37.114938512021034
SOLUSDT,1d,"Donchian(40,15)",210.36248149805962,20.869434311403225,-85.31665144708072,0.6616599036730595,1.1392370857703704,74,60.61439706556625,144.7048438492395,-22.00486553292795,2109.1859936334695,67.86618473936055,-96.26992725584275,1.0198230123860745,-46.99675042795732
SOLUSDT,1d,"Donchian(100,25)",802.5515482583994,44.51152010285717,-71.25003979131405,0.8555448069499354,1.2144471374253076,32,43.558000917010546,206.87709250677125,2.453315717695559,2109.1859936334695,67.86618473936055,-96.26992725584275,1.0198230123860745,-23.354664636503376
SOLUSDT,1d,"MA교차(10,50)",988.2298434413226,49.10760165087715,-90.08059496158579,0.9182624061626803,1.1511037537058197,48,97.70747363594681,214.45952376010302,-7.275607963466646,2109.1859936334695,67.86618473936055,-96.26992725584275,1.0198230123860745,-18.758583088483395
SOLUSDT,1d,"MA교차(20,100)",35.28435071697833,5.187676041801059,-96.52577254478074,0.5929899317560028,1.0962476342700593,31,95.41494727189362,222.7436377303973,-26.27432914195843,2109.1859936334695,67.86618473936055,-96.26992725584275,1.0198230123860745,-62.67850869755949
SOLUSDT,1d,"MA교차(50,200)",114.26717781853041,13.602239326363218,-95.25087203399791,0.6260598248064007,1.1031615128568608,12,90.82989454378725,298.26600091013296,-8.527636525688653,2109.1859936334695,67.86618473936055,-96.26992725584275,1.0198230123860745,-54.26394541299733
SOLUSDT,1d,"MA교차(5,20)",24.83652247853103,3.78227902742434,-94.71193206612864,0.6136864032203206,1.0988771805194988,124,99.08298945437872,-15.0514973435953,10.525939123007477,2109.1859936334695,67.86618473936055,-96.26992725584275,1.0198230123860745,-64.08390571193621
SOLUSDT,1d,"MA교차(20,50)",-23.5180774820138,-4.387857661537097,-93.0078450671992,0.5192997915363777,1.0827899891924964,42,97.70747363594681,129.39741185839702,-31.475100686689885,2109.1859936334695,67.86618473936055,-96.26992725584275,1.0198230123860745,-72.25404240089765
SOLUSDT,1d,"Supertrend(10,3.0)",1112.3974499796166,51.82832044538086,-90.39544582873548,0.9418363244073642,1.1557550417822053,55,99.08298945437872,274.8344861434375,-22.50077705780422,2109.1859936334695,67.86618473936055,-96.26992725584275,1.0198230123860745,-16.037864293979688
SOLUSDT,1d,"Supertrend(14,2.5)",384.06514769506737,30.203207743558913,-90.63371638153039,0.8093060394576465,1.1324259031791026,69,99.08298945437872,157.61469926605164,-24.65903584946546,2109.1859936334695,67.86618473936055,-96.26992725584275,1.0198230123860745,-37.662976995801635
SOLUSDT,1d,"Supertrend(7,2.0)",457.31983946295554,33.31035650314627,-92.33037970025994,0.8297452269037829,1.135903503018577,94,99.1288399816598,126.87520300376866,-12.673966254604252,2109.1859936334695,67.86618473936055,-96.26992725584275,1.0198230123860745,-34.55582823621428
SOLUSDT,1d,"Supertrend(20,3.0)",2922.7164271848733,76.90945967740616,-90.37580410306899,1.074952636707692,1.1795951545119,50,98.8537368179734,349.22554338932946,-6.765115101229757,2109.1859936334695,67.86618473936055,-96.26992725584275,1.0198230123860745,9.04327493804562
XRPUSDT,1d,"Donchian(20,10)",-70.6526718035843,-13.80987741640649,-85.80434283682449,0.2375370072033674,1.0463321791665094,130,73.69644636333445,-10.217358224870644,-18.052129610933353,19.328014383638624,2.1651749736984804,-84.99224634470536,0.5032184394576379,-15.97505239010497
XRPUSDT,1d,"Donchian(55,20)",-92.09421881844098,-26.479837370216874,-98.48070422139068,-0.039031322911018386,0.9905370289873778,68,47.42610428429093,-45.069555780866686,10.656969012468398,19.328014383638624,2.1651749736984804,-84.99224634470536,0.5032184394576379,-28.645012343915354
XRPUSDT,1d,"Donchian(20,5)",-48.15788681327604,-7.655036730575338,-90.63407459730487,0.27354245099600033,1.0648996991378779,180,51.24543341082697,-6.663693651140445,-11.262977832468124,19.328014383638624,2.1651749736984804,-84.99224634470536,0.5032184394576379,-9.820211704273818
XRPUSDT,1d,"Donchian(40,15)",-74.84825008151049,-15.406777755107704,-96.36662927453,0.1827097865573277,1.0421060894680203,87,57.55562935901693,-37.946767354833064,29.494569597127086,19.328014383638624,2.1651749736984804,-84.99224634470536,0.5032184394576379,-17.571952728806185
XRPUSDT,1d,"Donchian(100,25)",-95.98600373082952,-32.27912700383481,-98.70310166011808,-0.22448597623499497,0.9380659064263095,43,35.5695782132182,-50.74853120099352,5.2438436861649285,19.328014383638624,2.1651749736984804,-84.99224634470536,0.5032184394576379,-34.444301977533286
XRPUSDT,1d,"MA교차(10,50)",-99.05305442052511,-43.15586048697554,-99.78398523715762,-0.0036611294177064345,0.9993519834234112,83,98.33942211889737,-43.28082067534545,-41.14812838831615,19.328014383638624,2.1651749736984804,-84.99224634470536,0.5032184394576379,-45.32103546067402
XRPUSDT,1d,"MA교차(20,100)",-99.99656014311904,-71.23067515741532,-99.9986475004345,-0.6869401150029498,0.8841499809586469,49,96.67884423779475,-78.35857386925164,-52.89006787144335,19.328014383638624,2.1651749736984804,-84.99224634470536,0.5032184394576379,-73.39585013111379
XRPUSDT,1d,"MA교차(50,200)",-99.2044650646323,-44.34382866629581,-99.86992551297644,-0.13638556701553325,0.975497525681153,23,93.35768847558951,-58.344892169324744,-16.514358277607634,19.328014383638624,2.1651749736984804,-84.99224634470536,0.5032184394576379,-46.5090036399943
XRPUSDT,1d,"MA교차(5,20)",-97.95602077857879,-37.59889699834989,-98.62213396883749,0.08890495891369414,1.0157546949187704,173,99.33576884755895,-32.46580143548803,-43.158217274828516,19.328014383638624,2.1651749736984804,-84.99224634470536,0.5032184394576379,-39.76407197204838
XRPUSDT,1d,"MA교차(20,50)",-99.74359568529378,-51.48184628761852,-99.92359081144235,-0.16103300560630698,0.9718915380789447,67,98.33942211889737,-52.309641125805115,-47.73242782567541,19.328014383638624,2.1651749736984804,-84.99224634470536,0.5032184394576379,-53.64702126131699
XRPUSDT,1d,"Supertrend(10,3.0)",-99.67723979017313,-50.10914020941629,-99.88018776368602,-0.13272267698957055,0.9768206228057232,81,98.6715376951179,-51.92962598914694,-47.62693906967468,19.328014383638624,2.1651749736984804,-84.99224634470536,0.5032184394576379,-52.27431518311477
XRPUSDT,1d,"Supertrend(14,2.5)",-94.42143726016084,-29.52246651370769,-98.62264277987578,0.2048894555365913,1.0368472498872017,90,98.70474925273996,-30.866766990091875,-25.07990868206207,19.328014383638624,2.1651749736984804,-84.99224634470536,0.5032184394576379,-31.68764148740617
XRPUSDT,1d,"Supertrend(7,2.0)",-98.01438479792748,-37.81765112285205,-99.31552489275981,0.08160274955158751,1.0144581832918742,129,99.20292261707074,-22.730645542472395,-52.23245428331429,19.328014383638624,2.1651749736984804,-84.99224634470536,0.5032184394576379,-39.982826096550525
XRPUSDT,1d,"Supertrend(20,3.0)",-96.12653957327511,-32.57106655740788,-99.16904990048813,0.15902997381851275,1.0284995671662287,67,98.6715376951179,-37.104665794435356,-28.76775669229097,19.328014383638624,2.1651749736984804,-84.99224634470536,0.5032184394576379,-34.73624153110636
ADAUSDT,1d,"Donchian(20,10)",34.92059583968612,3.676384089781659,-96.36164823242868,0.5214455226647898,1.0983274738647477,144,74.47159841479525,62.7599089805682,-46.492090640549186,-30.667765869744446,-4.318919278663536,-95.15171948752528,0.4481126474263943,7.995303368445194
ADAUSDT,1d,"Donchian(55,20)",709.385574829353,28.667991811291603,-86.28018154943634,0.710921583623834,1.1465914903503858,69,59.5112285336856,67.5355543303942,-4.8980921405068045,-30.667765869744446,-4.318919278663536,-95.15171948752528,0.4481126474263943,32.98691108995514
ADAUSDT,1d,"Donchian(20,5)",57.273247747885335,5.610012294796585,-81.57696510112905,0.4456398021621142,1.0967851447941999,203,52.70805812417437,15.392488038413488,-12.215982608943921,-30.667765869744446,-4.318919278663536,-95.15171948752528,0.4481126474263943,9.92893157346012
ADAUSDT,1d,"Donchian(40,15)",57.73480728290681,5.647324865308168,-98.46583346734893,0.5429938595936954,1.10788495719219,95,67.33817701453104,64.04626697067475,-42.108587311107826,-30.667765869744446,-4.318919278663536,-95.15171948752528,0.4481126474263943,9.966244143971704
ADAUSDT,1d,"Donchian(100,25)",86.64242215380371,7.8122291710653435,-94.05621414501994,0.4722388864348966,1.1022436049950837,48,51.849405548216644,37.15089308515373,-10.382825059093559,-30.667765869744446,-4.318919278663536,-95.15171948752528,0.4481126474263943,12.13114844972888
ADAUSDT,1d,"MA교차(10,50)",3579.677206932509,54.43482043596275,-85.89904457100761,0.9638238207271275,1.1607735569449502,68,98.34874504623514,150.95084316208292,-13.648357494867824,-30.667765869744446,-4.318919278663536,-95.15171948752528,0.4481126474263943,58.753739714626285
ADAUSDT,1d,"MA교차(20,100)",-2.5907499372640252,-0.3159097487054674,-95.49439781145762,0.5248349938744401,1.0855421794265279,29,96.69749009247028,28.77304442020696,-19.69737103760315,-30.667765869744446,-4.318919278663536,-95.15171948752528,0.4481126474263943,4.003009529958068
ADAUSDT,1d,"MA교차(50,200)",-87.75888573506928,-22.367339929230635,-98.39209334313989,0.21238414745369646,1.0344415141845884,17,93.39498018494055,12.188885779841275,-37.92165420294168,-30.667765869744446,-4.318919278663536,-95.15171948752528,0.4481126474263943,-18.0484206505671
ADAUSDT,1d,"MA교차(5,20)",30.104939299178724,3.2231616290347986,-93.21040429087087,0.562828789731253,1.090303256604107,164,99.33949801849406,31.989623227485087,-28.32375555252674,-30.667765869744446,-4.318919278663536,-95.15171948752528,0.4481126474263943,7.542080907698335
ADAUSDT,1d,"MA교차(20,50)",1017.0871342373993,33.76364732168855,-92.87868798322808,0.8188455430477827,1.1350194121624766,56,98.34874504623514,124.82029860833848,-30.63180297791346,-30.667765869744446,-4.318919278663536,-95.15171948752528,0.4481126474263943,38.08256660035209
ADAUSDT,1d,"Supertrend(10,3.0)",-78.58772671582493,-16.95432632368946,-99.41865184344138,0.3464832112882494,1.054718494489243,82,99.20739762219286,49.14322503261512,-63.010421689042516,-30.667765869744446,-4.318919278663536,-95.15171948752528,0.4481126474263943,-12.635407045025925
ADAUSDT,1d,"Supertrend(14,2.5)",-76.7727090627845,-16.135831644679975,-99.23955444471183,0.3571659462948255,1.056453335979605,97,99.20739762219286,33.87062954315523,-57.40430007400812,-30.667765869744446,-4.318919278663536,-95.15171948752528,0.4481126474263943,-11.81691236601644
ADAUSDT,1d,"Supertrend(7,2.0)",107.74051254910782,9.21304526831026,-96.6886778014108,0.6225133575613453,1.1001383647767358,124,99.63672391017172,56.75593690359377,-33.543703696880996,-30.667765869744446,-4.318919278663536,-95.15171948752528,0.4481126474263943,13.531964546973796
ADAUSDT,1d,"Supertrend(20,3.0)",-83.49838862951509,-19.521594030073874,-98.64265333799655,0.31509850324771427,1.0497778721876938,73,98.8441215323646,36.35363138264085,-58.64068801311595,-30.667765869744446,-4.318919278663536,-95.15171948752528,0.4481126474263943,-15.202674751410338
