date,google_trend_bitcoin
2017-01-01,7
2017-01-08,6
2017-01-15,4
2017-01-22,4
2017-01-29,4
2017-02-05,5
2017-02-12,4
2017-02-19,5
2017-02-26,6
2017-03-05,7
2017-03-12,6
2017-03-19,5
2017-03-26,5
2017-04-02,5
2017-04-09,5
2017-04-16,5
2017-04-23,5
2017-04-30,7
2017-05-07,10
2017-05-14,12
2017-05-21,19
2017-05-28,12
2017-06-04,13
2017-06-11,13
2017-06-18,11
2017-06-25,11
2017-07-02,9
2017-07-09,10
2017-07-16,12
2017-07-23,11
2017-07-30,15
2017-08-06,15
2017-08-13,20
2017-08-20,16
2017-08-27,17
2017-09-03,18
2017-09-10,22
2017-09-17,16
2017-09-24,13
2017-10-01,13
2017-10-08,19
2017-10-15,20
2017-10-22,20
2017-10-29,27
2017-11-05,29
2017-11-12,32
2017-11-19,27
2017-11-26,65
2017-12-03,97
2017-12-10,84
2017-12-17,100
2017-12-24,64
2017-12-31,49
2018-01-07,45
2018-01-14,59
2018-01-21,39
2018-01-28,40
2018-02-04,47
2018-02-11,28
2018-02-18,24
2018-02-25,20
2018-03-04,20
2018-03-11,20
2018-03-18,18
2018-03-25,18
2018-04-01,18
2018-04-08,16
2018-04-15,14
2018-04-22,15
2018-04-29,13
2018-05-06,13
2018-05-13,11
2018-05-20,11
2018-05-27,10
2018-06-03,9
2018-06-10,12
2018-06-17,10
2018-06-24,11
2018-07-01,10
2018-07-08,9
2018-07-15,11
2018-07-22,12
2018-07-29,10
2018-08-05,11
2018-08-12,10
2018-08-19,10
2018-08-26,9
2018-09-02,11
2018-09-09,9
2018-09-16,9
2018-09-23,9
2018-09-30,8
2018-10-07,8
2018-10-14,8
2018-10-21,7
2018-10-28,7
2018-11-04,8
2018-11-11,10
2018-11-18,14
2018-11-25,14
2018-12-02,11
2018-12-09,11
2018-12-16,12
2018-12-23,10
2018-12-30,9
2019-01-06,9
2019-01-13,8
2019-01-20,7
2019-01-27,7
2019-02-03,8
2019-02-10,7
2019-02-17,8
2019-02-24,8
2019-03-03,7
2019-03-10,7
2019-03-17,7
2019-03-24,7
2019-03-31,12
2019-04-07,10
2019-04-14,8
2019-04-21,9
2019-04-28,9
2019-05-05,11
2019-05-12,18
2019-05-19,14
2019-05-26,14
2019-06-02,12
2019-06-09,11
2019-06-16,17
2019-06-23,27
2019-06-30,17
2019-07-07,16
2019-07-14,16
2019-07-21,13
2019-07-28,12
2019-08-04,15
2019-08-11,13
2019-08-18,12
2019-08-25,11
2019-09-01,11
2019-09-08,10
2019-09-15,9
2019-09-22,12
2019-09-29,10
2019-10-06,9
2019-10-13,9
2019-10-20,11
2019-10-27,10
2019-11-03,9
2019-11-10,8
2019-11-17,10
2019-11-24,10
2019-12-01,9
2019-12-08,8
2019-12-15,9
2019-12-22,8
2019-12-29,8
2020-01-05,11
2020-01-12,11
2020-01-19,10
2020-01-26,10
2020-02-02,10
2020-02-09,12
2020-02-16,11
2020-02-23,11
2020-03-01,10
2020-03-08,20
2020-03-15,20
2020-03-22,15
2020-03-29,13
2020-04-05,13
2020-04-12,12
2020-04-19,12
2020-04-26,15
2020-05-03,17
2020-05-10,20
2020-05-17,14
2020-05-24,13
2020-05-31,12
2020-06-07,11
2020-06-14,11
2020-06-21,10
2020-06-28,10
2020-07-05,10
2020-07-12,12
2020-07-19,10
2020-07-26,16
2020-08-02,15
2020-08-09,13
2020-08-16,13
2020-08-23,11
2020-08-30,12
2020-09-06,11
2020-09-13,10
2020-09-20,9
2020-09-27,9
2020-10-04,9
2020-10-11,9
2020-10-18,13
2020-10-25,14
2020-11-01,15
2020-11-08,15
2020-11-15,21
2020-11-22,24
2020-11-29,21
2020-12-06,17
2020-12-13,27
2020-12-20,27
2020-12-27,40
2021-01-03,86
2021-01-10,84
2021-01-17,55
2021-01-24,49
2021-01-31,45
2021-02-07,76
2021-02-14,74
2021-02-21,85
2021-02-28,53
2021-03-07,50
2021-03-14,54
2021-03-21,45
2021-03-28,44
2021-04-04,42
2021-04-11,55
2021-04-18,70
2021-04-25,52
2021-05-02,46
2021-05-09,58
2021-05-16,100
2021-05-23,69
2021-05-30,51
2021-06-06,54
2021-06-13,42
2021-06-20,52
2021-06-27,35
2021-07-04,30
2021-07-11,29
2021-07-18,34
2021-07-25,39
2021-08-01,31
2021-08-08,36
2021-08-15,33
2021-08-22,32
2021-08-29,28
2021-09-05,38
2021-09-12,28
2021-09-19,33
2021-09-26,28
2021-10-03,33
2021-10-10,35
2021-10-17,46
2021-10-24,37
2021-10-31,30
2021-11-07,38
2021-11-14,39
2021-11-21,37
2021-11-28,37
2021-12-05,40
2021-12-12,36
2021-12-19,31
2021-12-26,31
2022-01-02,42
2022-01-09,39
2022-01-16,41
2022-01-23,53
2022-01-30,40
2022-02-06,39
2022-02-13,32
2022-02-20,41
2022-02-27,37
2022-03-06,32
2022-03-13,28
2022-03-20,28
2022-03-27,31
2022-04-03,26
2022-04-10,25
2022-04-17,23
2022-04-24,24
2022-05-01,25
2022-05-08,56
2022-05-15,42
2022-05-22,30
2022-05-29,27
2022-06-05,23
2022-06-12,65
2022-06-19,51
2022-06-26,36
2022-07-03,34
2022-07-10,30
2022-07-17,33
2022-07-24,28
2022-07-31,24
2022-08-07,23
2022-08-14,24
2022-08-21,22
2022-08-28,22
2022-09-04,22
2022-09-11,22
2022-09-18,24
2022-09-25,21
2022-10-02,20
2022-10-09,18
2022-10-16,17
2022-10-23,18
2022-10-30,18
2022-11-06,34
2022-11-13,31
2022-11-20,22
2022-11-27,21
2022-12-04,20
2022-12-11,19
2022-12-18,18
2022-12-25,18
2023-01-01,18
2023-01-08,21
2023-01-15,24
2023-01-22,23
2023-01-29,22
2023-02-05,19
2023-02-12,20
2023-02-19,19
2023-02-26,19
2023-03-05,21
2023-03-12,27
2023-03-19,28
2023-03-26,23
2023-04-02,21
2023-04-09,26
2023-04-16,22
2023-04-23,21
2023-04-30,19
2023-05-07,20
2023-05-14,16
2023-05-21,17
2023-05-28,17
2023-06-04,18
2023-06-11,18
2023-06-18,22
2023-06-25,20
2023-07-02,20
2023-07-09,20
2023-07-16,19
2023-07-23,18
2023-07-30,17
2023-08-06,18
2023-08-13,19
2023-08-20,19
2023-08-27,19
2023-09-03,17
2023-09-10,16
2023-09-17,16
2023-09-24,15
2023-10-01,16
2023-10-08,16
2023-10-15,18
2023-10-22,26
2023-10-29,21
2023-11-05,23
2023-11-12,22
2023-11-19,21
2023-11-26,20
2023-12-03,31
2023-12-10,25
2023-12-17,23
2023-12-24,23
2023-12-31,29
2024-01-07,44
2024-01-14,26
2024-01-21,23
2024-01-28,20
2024-02-04,19
2024-02-11,30
2024-02-18,24
2024-02-25,44
2024-03-03,52
2024-03-10,47
2024-03-17,39
2024-03-24,34
2024-03-31,31
2024-04-07,31
2024-04-14,43
2024-04-21,26
2024-04-28,26
2024-05-05,22
2024-05-12,22
2024-05-19,23
2024-05-26,20
2024-06-02,21
2024-06-09,20
2024-06-16,18
2024-06-23,19
2024-06-30,21
2024-07-07,21
2024-07-14,23
2024-07-21,23
2024-07-28,22
2024-08-04,33
2024-08-11,22
2024-08-18,21
2024-08-25,19
2024-09-01,19
2024-09-08,20
2024-09-15,20
2024-09-22,19
2024-09-29,17
2024-10-06,18
2024-10-13,18
2024-10-20,17
2024-10-27,23
2024-11-03,35
2024-11-10,64
2024-11-17,54
2024-11-24,42
2024-12-01,49
2024-12-08,40
2024-12-15,45
2024-12-22,37
2024-12-29,33
2025-01-05,48
2025-01-12,48
2025-01-19,61
2025-01-26,45
2025-02-02,47
2025-02-09,36
2025-02-16,33
2025-02-23,50
2025-03-02,54
2025-03-09,48
2025-03-16,35
2025-03-23,33
2025-03-30,37
2025-04-06,46
2025-04-13,28
2025-04-20,35
2025-04-27,30
2025-05-04,33
2025-05-11,33
2025-05-18,41
2025-05-25,35
2025-06-01,31
2025-06-08,32
2025-06-15,28
2025-06-22,30
2025-06-29,29
2025-07-06,38
2025-07-13,48
2025-07-20,39
2025-07-27,39
2025-08-03,48
2025-08-10,69
2025-08-17,61
2025-08-24,54
2025-08-31,45
2025-09-07,41
2025-09-14,40
2025-09-21,41
2025-09-28,43
2025-10-05,56
2025-10-12,61
2025-10-19,47
2025-10-26,43
2025-11-02,51
2025-11-09,50
2025-11-16,82
2025-11-23,61
2025-11-30,64
2025-12-07,45
2025-12-14,45
2025-12-21,37
2025-12-28,36
2026-01-04,37
2026-01-11,36
2026-01-18,37
2026-01-25,46
2026-02-01,100
2026-02-08,66
2026-02-15,48
2026-02-22,54
2026-03-01,55
2026-03-08,47
2026-03-15,46
2026-03-22,43
2026-03-29,42
2026-04-05,43
2026-04-12,43
2026-04-19,37
2026-04-26,34
2026-05-03,40
2026-05-10,36
2026-05-17,36
2026-05-24,33
2026-05-31,48
2026-06-07,43
2026-06-14,40
2026-06-21,40
2026-06-28,38
2026-07-05,36
2026-07-12,29
2026-07-19,32
2026-07-26,30
2026-08-02,25
2026-08-09,25
2026-08-16,24
